1791381827.207 31436
1791381827.257 48524
1791381827.308 60620
1791381827.358 76340
1791381827.409 98188
1791381827.459 127336
1791381827.510 141056
1791381827.561 149888
1791381827.612 155804
1791381827.663 159836
1791381827.714 159836
1791381827.765 188828
1791381827.816 224144
1791381827.868 233868
1791381827.921 250692
1791381827.974 258560
1791381828.025 263360
1791381828.077 265436
1791381828.128 261280
1791381828.179 267424
1791381828.230 272224
1791381828.282 295072
1791381828.333 298912
1791381828.384 306400
1791381828.436 309856
1791381828.487 313696
1791381828.538 315808
1791381828.590 319648
1791381828.641 321568
1791381828.692 329632
1791381828.744 331324
1791381828.796 334780
1791381828.848 335356
1791381828.903 335356
1791381828.954 335356
1791381829.010 335356
1791381829.065 335356
1791381829.120 335356
1791381829.175 335356
1791381829.230 335356
1791381829.285 335356
1791381829.339 335356
1791381829.394 335356
1791381829.449 335356
1791381829.504 335356
1791381829.556 335356
1791381829.611 335356
1791381829.666 335356
1791381829.721 335356
1791381829.777 335356
1791381829.832 335356
1791381829.887 335356
1791381829.942 335356
1791381829.998 335356
1791381830.053 335356
1791381830.108 335356
1791381830.163 335356
1791381830.218 335356
1791381830.273 335356
1791381830.328 335356
1791381830.383 335356
1791381830.438 335356
1791381830.493 335356
1791381830.545 335356
1791381830.600 335356
1791381830.655 335356
1791381830.710 335356
1791381830.765 335356
1791381830.820 335356
1791381830.875 335356
1791381830.930 335356
1791381830.985 335356
1791381831.040 335356
1791381831.095 335356
1791381831.151 335356
1791381831.206 335356
1791381831.261 335356
1791381831.316 335356
1791381831.371 335356
1791381831.426 335356
1791381831.481 335356
1791381831.536 335356
1791381831.591 335356
1791381831.646 335356
1791381831.701 335356
1791381831.756 335356
1791381831.811 335356
1791381831.866 335356
1791381831.921 335356
1791381831.976 335356
1791381832.031 335356
1791381832.086 335356
1791381832.141 335356
1791381832.197 335356
1791381832.252 335356
1791381832.303 335356
1791381832.359 335356
1791381832.414 335356
1791381832.469 335356
1791381832.524 335356
1791381832.579 335356
1791381832.634 335356
1791381832.689 335356
1791381832.744 335356
1791381832.799 335356
1791381832.854 335356
1791381832.909 335356
1791381832.964 335356
1791381833.019 335356
1791381833.074 335356
1791381833.129 335356
1791381833.184 335356
1791381833.239 335356
1791381833.294 335356
1791381833.349 335356
1791381833.404 335356
1791381833.459 335356
1791381833.512 335356
1791381833.567 335356
1791381833.622 335356
1791381833.677 335548
1791381833.732 335548
1791381833.787 335548
1791381833.842 335548
1791381833.897 335548
1791381833.952 335548
1791381834.007 335548
1791381834.061 335548
1791381834.116 335548
1791381834.171 335548
1791381834.224 335548
1791381834.279 335548
1791381834.334 335548
1791381834.389 335548
1791381834.444 335548
1791381834.499 335548
1791381834.554 335548
1791381834.609 335548
1791381834.663 335548
1791381834.718 335548
1791381834.773 335548
1791381834.828 335548
1791381834.883 335548
1791381834.938 335548
1791381834.993 335548
1791381835.048 335548
1791381835.103 335548
1791381835.157 335548
1791381835.212 335548
1791381835.264 335548
1791381835.315 335548
1791381835.370 335548
1791381835.425 335548
1791381835.480 335548
1791381835.535 335548
1791381835.590 335548
1791381835.644 335548
1791381835.699 335548
1791381835.754 335548
1791381835.809 335548
1791381835.864 335548
1791381835.919 335548
1791381835.974 335548
1791381836.028 335548
1791381836.083 335548
1791381836.138 335548
1791381836.193 335548
1791381836.248 335548
1791381836.303 335548
1791381836.357 335548
1791381836.412 335548
1791381836.467 335548
1791381836.522 335548
1791381836.576 335548
1791381836.631 335548
1791381836.685 335548
1791381836.740 335548
1791381836.795 335548
1791381836.850 335548
1791381836.905 335548
1791381836.960 335548
1791381837.014 335548
1791381837.069 335548
1791381837.124 335548
1791381837.179 335548
1791381837.234 335548
1791381837.289 335548
1791381837.344 335548
1791381837.399 335548
1791381837.454 335548
1791381837.509 335548
1791381837.564 335548
1791381837.619 335548
1791381837.674 335548
1791381837.728 335548
1791381837.783 335548
1791381837.838 335548
1791381837.890 335548
1791381837.945 335548
1791381838.000 335548
1791381838.055 335548
1791381838.109 335548
1791381838.164 335548
1791381838.219 335548
1791381838.274 335548
1791381838.329 335548
1791381838.380 335548
1791381838.435 335548
1791381838.490 335548
1791381838.545 335548
1791381838.600 335548
1791381838.655 335548
1791381838.710 335740
1791381838.765 335740
1791381838.820 335740
1791381838.875 335740
1791381838.929 335740
1791381838.984 335740
1791381839.039 335740
1791381839.093 335740
1791381839.148 335740
1791381839.203 335740
1791381839.257 335740
1791381839.312 335740
1791381839.366 335740
1791381839.421 335740
1791381839.475 335740
1791381839.530 335740
1791381839.585 335740
1791381839.639 335740
1791381839.694 335740
1791381839.749 335740
1791381839.803 335740
1791381839.858 335740
1791381839.913 335740
1791381839.968 335740
1791381840.022 335740
1791381840.077 335740
1791381840.132 335740
1791381840.186 335740
1791381840.241 335740
1791381840.296 335740
1791381840.350 335740
1791381840.405 335740
1791381840.460 335740
1791381840.514 335740
1791381840.569 335740
1791381840.624 335740
1791381840.678 335740
1791381840.733 335740
1791381840.788 335740
1791381840.842 335740
1791381840.897 335740
1791381840.952 335740
1791381841.006 335740
1791381841.061 335740
1791381841.116 335740
1791381841.170 335740
1791381841.225 335740
1791381841.280 335740
1791381841.334 335740
1791381841.389 335740
1791381841.444 335740
1791381841.498 335740
1791381841.553 335740
1791381841.608 335740
1791381841.662 335740
1791381841.717 335740
1791381841.772 335740
1791381841.826 335740
1791381841.881 335740
1791381841.936 335740
1791381841.990 335740
1791381842.045 335740
1791381842.100 335740
1791381842.154 335740
1791381842.209 335740
1791381842.264 335740
1791381842.318 335740
1791381842.373 335740
1791381842.428 335740
1791381842.482 335740
1791381842.537 335740
1791381842.592 335740
1791381842.646 335740
1791381842.701 335740
1791381842.756 335740
1791381842.810 335740
1791381842.865 335740
1791381842.920 335740
1791381842.975 335740
1791381843.029 335740
1791381843.084 335740
1791381843.139 335740
1791381843.193 335740
1791381843.248 335740
1791381843.303 335740
1791381843.357 335740
1791381843.412 335740
1791381843.467 335740
1791381843.521 335740
1791381843.576 335740
1791381843.631 335740
1791381843.685 335740
1791381843.740 335740
1791381843.794 335740
1791381843.849 335740
1791381843.904 335740
1791381843.958 335740
1791381844.013 335740
1791381844.068 335740
1791381844.122 335740
1791381844.177 335740
1791381844.231 335740
1791381844.286 335740
1791381844.341 335740
1791381844.395 335740
1791381844.450 335740
1791381844.505 335740
1791381844.559 335740
1791381844.614 335740
1791381844.669 335740
1791381844.723 335740
1791381844.775 335740
1791381844.829 335740
1791381844.884 335740
1791381844.939 335740
1791381844.991 335740
1791381845.046 335740
1791381845.099 335740
1791381845.154 335740
1791381845.209 335740
1791381845.263 335740
1791381845.318 335740
1791381845.373 335740
1791381845.427 335740
1791381845.482 335740
1791381845.536 335740
1791381845.589 335740
1791381845.640 335740
1791381845.695 335740
1791381845.750 335740
1791381845.805 335740
1791381845.859 335740
1791381845.914 335740
1791381845.969 335740
1791381846.023 335740
1791381846.074 335740
1791381846.129 335740
1791381846.184 335740
1791381846.238 335740
1791381846.293 335740
1791381846.348 335740
1791381846.402 335740
1791381846.457 335740
1791381846.512 335740
1791381846.566 335740
1791381846.621 335740
1791381846.675 335740
1791381846.730 335740
1791381846.785 335740
1791381846.839 335740
1791381846.894 335740
1791381846.949 335740
1791381847.003 335740
1791381847.058 335740
1791381847.112 335740
1791381847.167 335740
1791381847.222 335740
1791381847.276 335740
1791381847.331 335740
1791381847.386 335740
1791381847.440 335740
1791381847.495 335740
1791381847.550 335932
1791381847.605 335932
1791381847.659 335932
1791381847.714 335932
1791381847.767 335932
1791381847.822 335932
1791381847.876 335932
1791381847.931 335932
1791381847.986 335932
1791381848.041 335932
1791381848.096 335932
1791381848.150 335932
1791381848.205 335932
1791381848.260 335932
1791381848.314 335932
1791381848.369 335932
1791381848.424 335932
1791381848.478 335932
1791381848.533 335932
1791381848.588 335932
1791381848.643 335932
1791381848.697 335932
1791381848.752 335932
1791381848.807 335932
1791381848.861 335932
1791381848.916 335932
1791381848.971 335932
1791381849.026 335932
1791381849.080 335932
1791381849.135 335932
1791381849.190 335932
1791381849.245 335932
1791381849.300 335932
1791381849.354 335932
1791381849.409 335932
1791381849.464 335932
1791381849.519 335932
1791381849.573 335932
1791381849.628 335932
1791381849.683 335932
1791381849.738 335932
1791381849.792 335932
1791381849.847 335932
1791381849.902 335932
1791381849.957 335932
1791381850.012 335932
1791381850.066 335932
1791381850.121 335932
1791381850.175 335932
1791381850.230 335932
1791381850.285 335932
1791381850.339 335932
1791381850.394 335932
1791381850.449 335932
1791381850.503 335932
1791381850.558 335932
1791381850.613 335932
1791381850.668 335932
1791381850.722 335932
1791381850.777 335932
1791381850.832 335932
1791381850.886 335932
1791381850.941 335932
1791381850.996 335932
1791381851.051 335932
1791381851.105 335932
1791381851.160 335932
1791381851.215 335932
1791381851.269 335932
1791381851.324 335932
1791381851.379 335932
1791381851.433 335932
1791381851.488 335932
1791381851.543 335932
1791381851.598 335932
1791381851.652 335932
1791381851.707 335932
1791381851.762 335932
1791381851.816 335932
1791381851.871 335932
1791381851.926 335932
1791381851.980 335932
1791381852.035 335932
1791381852.090 335932
1791381852.145 335932
1791381852.199 335932
1791381852.254 335932
1791381852.309 335932
1791381852.363 335932
1791381852.418 335932
1791381852.473 335932
1791381852.527 335932
1791381852.582 335932
1791381852.637 335932
1791381852.688 335932
1791381852.739 335932
1791381852.790 335932
1791381852.842 335932
1791381852.893 335932
1791381852.944 335932
1791381852.997 335932
1791381853.049 335932
1791381853.100 335932
1791381853.152 335932
1791381853.203 335932
1791381853.254 335932
1791381853.305 335932
1791381853.357 335932
1791381853.408 335932
1791381853.459 335932
1791381853.511 335932
1791381853.562 335932
1791381853.617 335932
1791381853.672 335932
1791381853.727 335932
1791381853.782 335932
1791381853.836 335932
1791381853.891 335932
1791381853.946 335932
1791381854.001 335932
1791381854.056 335932
1791381854.111 335932
1791381854.165 335932
1791381854.220 335932
1791381854.275 335932
1791381854.330 335932
1791381854.384 335932
1791381854.439 335932
1791381854.494 335932
1791381854.545 335932
1791381854.596 335932
1791381854.647 335932
1791381854.699 335932
1791381854.750 335932
1791381854.801 335932
1791381854.853 335932
1791381854.904 335932
1791381854.959 335932
1791381855.014 335932
1791381855.068 335932
1791381855.123 335932
1791381855.178 335932
1791381855.233 335932
1791381855.287 335932
1791381855.342 335932
1791381855.397 335932
1791381855.451 335932
1791381855.506 335932
1791381855.561 335932
1791381855.616 335932
1791381855.670 335932
1791381855.725 335932
1791381855.780 335932
1791381855.834 335932
1791381855.889 335932
1791381855.944 335932
1791381855.999 335932
1791381856.053 335932
1791381856.108 335932
1791381856.163 335932
1791381856.217 335932
1791381856.272 335932
1791381856.327 335932
1791381856.381 335932
1791381856.436 335932
1791381856.491 335932
1791381856.546 335932
1791381856.600 335932
1791381856.655 335932
1791381856.710 335932
1791381856.764 335932
1791381856.819 335932
1791381856.874 335932
1791381856.928 335932
1791381856.983 335932
1791381857.038 335932
1791381857.093 335932
1791381857.147 335932
1791381857.202 335932
1791381857.257 335932
1791381857.311 335932
1791381857.366 335932
1791381857.421 335932
1791381857.476 335932
1791381857.531 335932
1791381857.586 335932
1791381857.640 335932
1791381857.695 335932
1791381857.750 335932
1791381857.805 339964
1791381857.856 340924
1791381857.910 340924
1791381857.965 340924
1791381858.020 340924
1791381858.075 340924
1791381858.130 340924
1791381858.185 340924
1791381858.239 340924
1791381858.294 340924
1791381858.349 340924
1791381858.404 340924
1791381858.459 340924
1791381858.514 340924
1791381858.569 340924
1791381858.623 340924
1791381858.678 340924
1791381858.733 340924
1791381858.788 340924
1791381858.842 340924
1791381858.897 340924
1791381858.949 340924
1791381859.000 340924
1791381859.055 340924
1791381859.110 340924
1791381859.165 340924
1791381859.220 340924
1791381859.274 340924
1791381859.329 340924
1791381859.384 340924
1791381859.439 340924
1791381859.494 340924
1791381859.548 340924
1791381859.603 340924
1791381859.658 340924
1791381859.713 340924
1791381859.768 340924
1791381859.823 340924
1791381859.877 340924
1791381859.932 340924
1791381859.987 340924
1791381860.042 340924
1791381860.097 340924
1791381860.152 340924
1791381860.206 340924
1791381860.261 340924
1791381860.316 340924
1791381860.371 340924
1791381860.426 340924
1791381860.480 340924
1791381860.535 340924
1791381860.590 340924
1791381860.645 340924
1791381860.700 340924
1791381860.754 340924
1791381860.809 340924
1791381860.864 340924
1791381860.919 340924
1791381860.974 340924
1791381861.028 340924
1791381861.083 340924
1791381861.138 340924
1791381861.193 340924
1791381861.248 340924
1791381861.303 340924
1791381861.357 340924
1791381861.412 340924
1791381861.467 340924
1791381861.522 340924
1791381861.577 340924
1791381861.631 340924
1791381861.686 340924
1791381861.741 340924
1791381861.796 340924
1791381861.851 340924
1791381861.906 340924
1791381861.960 340924
1791381862.015 340924
1791381862.070 340924
1791381862.125 340924
1791381862.180 340924
1791381862.235 340924
1791381862.289 340924
1791381862.344 340924
1791381862.399 340924
1791381862.454 340924
1791381862.509 340924
1791381862.563 340924
1791381862.618 340924
1791381862.673 340924
1791381862.727 340924
1791381862.782 340924
1791381862.837 340924
1791381862.892 340924
1791381862.947 340924
1791381863.002 340924
1791381863.057 340924
1791381863.112 340924
1791381863.166 340924
1791381863.221 340924
1791381863.276 340924
1791381863.331 340924
1791381863.386 340924
1791381863.440 340924
1791381863.495 340924
1791381863.550 340924
1791381863.605 340924
1791381863.660 340924
1791381863.714 340924
1791381863.769 340924
1791381863.824 340924
1791381863.879 340924
1791381863.934 340924
1791381863.988 340924
1791381864.043 340924
1791381864.098 340924
1791381864.153 340924
1791381864.208 340924
1791381864.262 340924
1791381864.317 340924
1791381864.372 340924
1791381864.427 340924
1791381864.482 340924
1791381864.536 340924
1791381864.591 340924
1791381864.646 340924
1791381864.701 340924
1791381864.756 340924
1791381864.810 340924
1791381864.865 340924
1791381864.920 340924
1791381864.975 340924
1791381865.030 340924
1791381865.084 340924
1791381865.139 340924
1791381865.194 340924
1791381865.249 340924
1791381865.304 340924
1791381865.358 340924
1791381865.413 340924
1791381865.468 340924
1791381865.523 340924
1791381865.577 340924
1791381865.632 340924
1791381865.687 340924
1791381865.742 340924
1791381865.797 340924
1791381865.851 340924
1791381865.906 340924
1791381865.961 340924
1791381866.016 340924
1791381866.071 340924
1791381866.126 340924
1791381866.180 340924
1791381866.235 340924
1791381866.290 340924
1791381866.345 340924
1791381866.399 340924
1791381866.454 340924
1791381866.509 340924
1791381866.564 340924
1791381866.619 340924
1791381866.673 340924
1791381866.728 340924
1791381866.783 340924
1791381866.838 340924
1791381866.893 340924
1791381866.948 340924
1791381867.003 340924
1791381867.058 340924
1791381867.113 340924
1791381867.167 340924
1791381867.222 340924
1791381867.277 340924
1791381867.332 341116
1791381867.387 341116
1791381867.441 341116
1791381867.496 341116
1791381867.551 341308
1791381867.606 341308
1791381867.661 341308
1791381867.716 341308
1791381867.771 341308
1791381867.822 341308
1791381867.877 341308
1791381867.932 341308
1791381867.987 341308
1791381868.042 341308
1791381868.097 341308
1791381868.152 341308
1791381868.207 341308
1791381868.261 341308
1791381868.316 341308
1791381868.371 341308
1791381868.426 341308
1791381868.481 341308
1791381868.536 341308
1791381868.591 341308
1791381868.646 341308
1791381868.701 341308
1791381868.755 341308
1791381868.810 341308
1791381868.865 341308
1791381868.920 341308
1791381868.975 341308
1791381869.031 341308
1791381869.086 341308
1791381869.141 341308
1791381869.196 341308
1791381869.251 341308
1791381869.306 341308
1791381869.361 341308
1791381869.415 341308
1791381869.469 341308
1791381869.522 341308
1791381869.577 341308
1791381869.632 341308
1791381869.687 341308
1791381869.742 341308
1791381869.797 341308
1791381869.852 341308
1791381869.906 341500
1791381869.962 344956
1791381870.017 345148
1791381870.072 345148
1791381870.127 345148
1791381870.182 345340
1791381870.237 345532
1791381870.292 345532
1791381870.347 345532
1791381870.402 345532
1791381870.457 345532
1791381870.512 345532
1791381870.567 345532
1791381870.622 345532
1791381870.677 345532
1791381870.732 345532
1791381870.786 345532
1791381870.841 345532
1791381870.896 345532
1791381870.951 345532
1791381871.006 345532
1791381871.061 345532
1791381871.116 345532
1791381871.171 345532
1791381871.226 345532
1791381871.281 345724
1791381871.336 346300
1791381871.391 346300
1791381871.446 346300
1791381871.501 346300
1791381871.556 346300
1791381871.611 346492
1791381871.665 346684
1791381871.721 346876
1791381871.776 346876
1791381871.831 346876
1791381871.886 346876
1791381871.941 346876
1791381871.996 346876
1791381872.051 346876
1791381872.105 349948
1791381872.157 353212
1791381872.208 353212
1791381872.263 353212
1791381872.318 353212
1791381872.375 353212
1791381872.430 353212
1791381872.485 353212
1791381872.540 353212
1791381872.595 353404
1791381872.647 353404
1791381872.703 353404
1791381872.758 353404
1791381872.813 353404
1791381872.868 353404
1791381872.923 353404
1791381872.978 353404
1791381873.033 353404
1791381873.088 353404
1791381873.143 353404
1791381873.199 353404
1791381873.254 353404
1791381873.310 353596
1791381873.366 353596
1791381873.421 353596
1791381873.476 353596
1791381873.532 353596
1791381873.587 353788
1791381873.642 358396
1791381873.693 416380
1791381873.745 482428
1791381873.800 513028
1791381873.852 526468
1791381873.904 529896
1791381873.955 556328
1791381874.007 594344
1791381874.059 620192
1791381874.112 651296
1791381874.164 684512
1791381874.216 709636
1791381874.270 746308
1791381874.322 783364
1791381874.374 817540
1791381874.425 854404
1791381874.476 888772
1791381874.528 922756
1791381874.579 957316
1791381874.631 992068
1791381874.682 1067140
1791381874.734 1068100
1791381874.785 1068100
1791381874.837 1068100
1791381874.888 1068100
1791381874.940 1068100
1791381874.991 1068100
1791381875.042 1074436
1791381875.096 1074596
1791381875.148 1071184
1791381875.200 1132240
1791381875.251 1132624
1791381875.303 1141264
1791381875.355 1158544
1791381875.407 1167376
1791381875.460 1167568
1791381875.511 1167568
1791381875.563 1201936
1791381875.614 1210576
1791381875.666 1210576
1791381875.717 1210576
1791381875.769 1210768
1791381875.820 1210768
1791381875.872 1236304
1791381875.923 1244560
1791381875.975 1252816
1791381876.027 1252816
1791381876.078 1253008
1791381876.130 1253008
1791381876.181 1253392
1791381876.233 1253392
1791381876.284 1253392
1791381876.336 1253392
1791381876.387 1253392
1791381876.439 1253392
1791381876.492 1253968
1791381876.544 1270480
1791381876.595 1270480
1791381876.647 1286800
1791381876.698 1286800
1791381876.750 1306576
1791381876.801 1306576
1791381876.853 1306576
1791381876.904 1306576
1791381876.956 1306768
1791381877.008 1306960
1791381877.061 1306960
1791381877.113 1306960
1791381877.165 1306960
1791381877.217 1306960
1791381877.268 1306960
1791381877.320 1307536
1791381877.372 1294776
1791381877.423 1294776
1791381877.475 1294776
1791381877.526 1294776
1791381877.578 1296696
1791381877.629 1352952
1791381877.681 1369080
1791381877.734 1389432
1791381877.786 1405176
1791381877.838 1412856
1791381877.890 1414712
1791381877.941 1414904
1791381877.993 1459640
1791381878.045 1467320
1791381878.096 1472120
1791381878.148 1472312
1791381878.200 1472312
1791381878.251 1472504
1791381878.303 1474232
1791381878.355 1474232
1791381878.406 1475192
1791381878.459 1473540
1791381878.511 1476612
1791381878.563 1478916
1791381878.618 1204860
1791381878.670 1205244
1791381878.722 1205436
1791381878.774 1205436
1791381878.827 1205436
1791381878.878 1205436
1791381878.930 1208892
1791381878.982 1212924
1791381879.033 1212924
1791381879.085 1213500
1791381879.137 1213500
1791381879.193 1213500
1791381879.249 1213500
1791381879.305 1213500
1791381879.361 1213500
1791381879.418 1213500
1791381879.474 1213500
1791381879.530 1213500
1791381879.586 1213500
1791381879.642 1213500
1791381879.698 1213500
1791381879.755 1213500
1791381879.811 1213500
1791381879.867 1213500
1791381879.923 1213692
1791381879.979 1213692
1791381880.035 1213692
1791381880.092 1213692
1791381880.148 1213692
1791381880.204 1213692
1791381880.260 1213692
1791381880.316 1213692
1791381880.372 1213692
1791381880.428 1213692
1791381880.484 1213692
1791381880.540 1213692
1791381880.596 1213692
1791381880.652 1213692
1791381880.709 1213692
1791381880.765 1213692
1791381880.821 1213692
1791381880.877 1213692
1791381880.933 1213692
1791381880.989 1213692
1791381881.045 1213692
1791381881.101 1213692
1791381881.157 1213884
1791381881.213 1213884
1791381881.269 1213884
1791381881.325 1213884
1791381881.381 1213884
1791381881.437 1213884
1791381881.493 1213884
1791381881.549 1213884
1791381881.605 1213884
1791381881.659 1213884
1791381881.715 1213884
1791381881.772 1213884
1791381881.827 1213884
1791381881.883 1213884
1791381881.940 1213884
1791381881.996 1213884
1791381882.052 1213884
1791381882.108 1213884
1791381882.165 1213884
1791381882.221 1213884
1791381882.277 1213884
1791381882.333 1213884
1791381882.389 1182808
1791381882.445 1182808
1791381882.501 1182808
1791381882.557 1182808
1791381882.613 1182808
1791381882.669 1182808
1791381882.725 1182808
1791381882.781 1182808
1791381882.834 1182808
1791381882.890 1182808
1791381882.946 1182808
1791381883.002 1182808
1791381883.058 1182808
1791381883.114 1182808
1791381883.170 1182808
1791381883.227 1182808
1791381883.283 1182808
1791381883.339 1182808
1791381883.395 1182808
1791381883.447 1182808
1791381883.499 1182808
1791381883.555 1182808
1791381883.611 1182808
1791381883.667 1182808
1791381883.723 1182808
1791381883.779 1182808
1791381883.835 1182808
1791381883.891 1182808
1791381883.948 1182808
1791381884.004 1182808
1791381884.060 1182808
1791381884.116 1182808
1791381884.172 1182808
1791381884.228 1182808
1791381884.284 1182808
1791381884.340 1182808
1791381884.396 1182808
1791381884.453 1182808
1791381884.509 1182808
1791381884.565 1182808
1791381884.621 1182808
1791381884.677 1182808
1791381884.733 1182808
1791381884.789 1182808
1791381884.845 1182808
1791381884.902 1182808
1791381884.958 1182808
1791381885.014 1182808
1791381885.070 1182808
1791381885.126 1182808
1791381885.182 1182808
1791381885.238 1182808
1791381885.295 1182808
1791381885.351 1182808
1791381885.407 1182808
1791381885.463 1182808
1791381885.519 1187608
1791381885.570 1189144
1791381885.622 1189144
1791381885.674 1193176
1791381885.725 1193176
1791381885.777 1202584
1791381885.829 1234840
1791381885.881 1263448
1791381885.933 1283608
1791381885.985 1309912
1791381886.037 1341784
1791381886.088 1361176
1791381886.140 1379608
1791381886.192 1396504
1791381886.243 1411672
1791381886.295 1426264
1791381886.346 1440088
1791381886.398 1453912
1791381886.451 1455064
1791381886.506 1244948
1791381886.558 1261076
1791381886.609 1275668
1791381886.661 1289684
1791381886.712 1303124
1791381886.764 1315412
1791381886.816 1327316
1791381886.867 1338260
1791381886.919 1348628
1791381886.971 1358804
1791381887.022 1366868
1791381887.074 1377620
1791381887.126 1387988
1791381887.177 1397588
1791381887.229 1406996
1791381887.280 1415828
1791381887.332 1424468
1791381887.384 1426580
1791381887.435 1426580
1791381887.487 1426580
1791381887.539 1428692
1791381887.591 1428692
1791381887.642 1428692
1791381887.694 1428692
1791381887.746 1428692
1791381887.797 1428884
1791381887.849 1428884
1791381887.900 1428884
1791381887.952 1429076
1791381888.003 1429076
1791381888.055 1429076
1791381888.106 1429076
1791381888.158 1429076
1791381888.209 1429076
1791381888.260 1429076
1791381888.312 1429076
1791381888.363 1429076
1791381888.415 1429076
1791381888.466 1429076
1791381888.518 1429076
1791381888.569 1429652
1791381888.620 1429652
1791381888.672 1429652
1791381888.723 1429652
1791381888.775 1429652
1791381888.826 1429652
1791381888.878 1429652
1791381888.929 1429652
1791381888.980 1429652
1791381889.032 1429652
1791381889.083 1429652
1791381889.135 1429652
1791381889.186 1429652
1791381889.237 1429652
1791381889.289 1429652
1791381889.340 1429652
1791381889.392 1429652
1791381889.443 1429652
1791381889.494 1429652
1791381889.546 1429652
1791381889.597 1429652
1791381889.649 1429652
1791381889.700 1429652
1791381889.752 1429652
1791381889.803 1429652
1791381889.854 1429652
1791381889.906 1429652
1791381889.957 1429652
1791381890.009 1429652
1791381890.060 1429652
1791381890.112 1429652
1791381890.163 1429652
1791381890.215 1429652
1791381890.266 1429652
1791381890.317 1429652
1791381890.369 1429652
1791381890.420 1429652
1791381890.472 1429652
1791381890.523 1429652
1791381890.575 1429652
1791381890.626 1429652
1791381890.677 1429652
1791381890.729 1433492
1791381890.782 1435796
1791381890.833 1434792
1791381890.884 1434792
1791381890.936 1434792
1791381890.987 1434792
1791381891.039 1434792
1791381891.090 1434792
1791381891.141 1434792
1791381891.193 1434792
1791381891.244 1434792
1791381891.296 1434792
1791381891.347 1434792
1791381891.399 1434792
1791381891.450 1434792
1791381891.501 1434792
1791381891.553 1434792
1791381891.604 1434792
1791381891.656 1434792
1791381891.707 1434792
1791381891.759 1434792
1791381891.810 1434792
1791381891.862 1437864
1791381891.913 1437864
1791381891.964 1437864
1791381892.016 1437864
1791381892.067 1437864
1791381892.119 1437864
1791381892.170 1437864
1791381892.221 1437864
1791381892.273 1437864
1791381892.324 1437864
1791381892.376 1440360
1791381892.427 1440360
1791381892.479 1440360
1791381892.530 1440360
1791381892.581 1440360
1791381892.633 1440360
1791381892.684 1440360
1791381892.736 1440360
1791381892.787 1440360
1791381892.839 1440360
1791381892.890 1440360
1791381892.941 1440360
1791381892.993 1440360
1791381893.044 1440360
1791381893.096 1440360
1791381893.147 1440360
1791381893.199 1440360
1791381893.250 1440360
1791381893.301 1440360
1791381893.353 1440360
1791381893.404 1440360
1791381893.456 1440360
1791381893.507 1440360
1791381893.559 1440360
1791381893.610 1440360
1791381893.661 1440360
1791381893.713 1440360
1791381893.764 1465512
1791381893.816 1523688
1791381893.868 1528220
1791381893.920 1531100
1791381893.971 1533392
1791381894.025 1538768
1791381894.078 1544144
1791381894.130 1543864
1791381894.181 1550776
1791381894.234 1548324
1791381894.286 1543548
1791381894.337 1543740
1791381894.389 1543740
1791381894.440 1544124
1791381894.492 1544124
1791381894.543 1544124
1791381894.595 1605372
1791381894.646 1720764
1791381894.697 1741116
1791381894.749 1741116
1791381894.800 1741116
1791381894.851 1741116
1791381894.903 1743656
1791381894.954 1743848
1791381895.008 1744040
1791381895.062 1744040
1791381895.116 1744040
1791381895.169 1744040
1791381895.222 1757288
1791381895.273 1867304
1791381895.325 1968872
1791381895.377 2083692
1791381895.429 2133612
1791381895.480 2170860
1791381895.532 2242476
1791381895.583 2336172
1791381895.635 2512428
1791381895.687 2600940
1791381895.739 2601516
1791381895.790 2610732
1791381895.843 2959596
1791381895.896 3045804
1791381895.949 3079212
1791381896.001 3079212
1791381896.052 3079212
1791381896.106 3116076
1791381896.160 3270252
1791381896.213 3324932
1791381896.266 3386564
1791381896.320 3456068
1791381896.373 3520304
1791381896.424 3723248
1791381896.476 3796592
1791381896.527 3865520
1791381896.578 3975344
1791381896.630 4111280
1791381896.681 4247792
1791381896.732 4381808
1791381896.783 4516016
1791381896.835 4651376
1791381896.886 4827248
1791381896.939 5159216
1791381896.992 5243888
1791381897.044 5244272
1791381897.096 5244272
1791381897.147 5244272
1791381897.198 5244272
1791381897.250 5244272
1791381897.301 5246384
1791381897.353 5251568
1791381897.404 5260400
1791381897.457 5271692
1791381897.511 5274572
1791381897.565 5274764
1791381897.619 5278156
1791381897.672 5279308
1791381897.726 5287180
1791381897.780 5291212
1791381897.834 5283564
1791381897.888 5287380
1791381897.941 5296456
1791381897.995 5336008
1791381898.048 5383240
1791381898.099 5401096
1791381898.151 5610184
1791381898.204 5615752
1791381898.257 5805064
1791381898.310 5917576
1791381898.362 5917768
1791381898.413 5917768
1791381898.465 5917768
1791381898.516 5917768
1791381898.568 5917960
1791381898.619 5917960
1791381898.671 5917960
1791381898.722 5917960
1791381898.774 5917960
1791381898.825 5917960
1791381898.877 5917960
1791381898.928 5918728
1791381898.980 5918920
1791381899.032 5919304
1791381899.083 5919304
1791381899.139 5919304
1791381899.195 5919304
1791381899.247 5919304
1791381899.303 5919304
1791381899.358 5919304
1791381899.413 5919304
1791381899.469 5919304
1791381899.524 5919304
1791381899.579 5919304
1791381899.635 5919304
1791381899.690 5919304
1791381899.745 5919304
1791381899.801 5919304
1791381899.856 5919304
1791381899.911 5919304
1791381899.967 5919304
1791381900.022 5919304
1791381900.077 5919304
1791381900.133 5919304
1791381900.188 5919304
1791381900.244 5919304
1791381900.299 5919304
1791381900.354 5919304
1791381900.410 5919304
1791381900.465 5919304
1791381900.520 5919304
1791381900.576 5919304
1791381900.631 5919304
1791381900.686 5919304
1791381900.742 5919304
1791381900.797 5919304
1791381900.852 5919304
1791381900.908 5919304
1791381900.963 5919304
1791381901.019 5919304
1791381901.074 5919304
1791381901.130 5919304
1791381901.185 5919304
1791381901.239 5919304
1791381901.295 5919304
1791381901.350 5919304
1791381901.405 5919304
1791381901.461 5919304
1791381901.516 5919304
1791381901.571 5919304
1791381901.627 5919304
1791381901.682 5919304
1791381901.737 5919304
1791381901.792 5919304
1791381901.847 5919304
1791381901.903 5919304
1791381901.958 5919304
1791381902.013 5919304
1791381902.068 5919304
1791381902.123 5919304
1791381902.179 5919304
1791381902.234 5919304
1791381902.289 5919304
1791381902.344 5919304
1791381902.399 5919304
1791381902.454 5897160
1791381902.510 5897160
1791381902.565 5897160
1791381902.620 5897160
1791381902.675 5897160
1791381902.730 5897160
1791381902.785 5897160
1791381902.841 5897160
1791381902.896 5897160
1791381902.951 5897160
1791381903.006 5897160
1791381903.061 5897160
1791381903.116 5897160
1791381903.172 5897160
1791381903.227 5897544
1791381903.282 5897544
1791381903.337 5897544
1791381903.392 5897544
1791381903.448 5897544
1791381903.503 5897544
1791381903.558 5897544
1791381903.613 5897544
1791381903.668 5897544
1791381903.723 5903304
1791381903.775 5903304
1791381903.830 5903304
1791381903.885 5903304
1791381903.941 5903304
1791381903.996 5909832
1791381904.048 5916168
1791381904.099 5920200
1791381904.150 5928456
1791381904.202 5928456
1791381904.253 5928456
1791381904.305 5934600
1791381904.356 5942856
1791381904.407 5942856
1791381904.459 5942856
1791381904.514 5942856
1791381904.570 5942856
1791381904.625 5942856
1791381904.680 5942856
1791381904.736 5942856
1791381904.792 5942856
1791381904.847 5942856
1791381904.902 5942856
1791381904.957 5942856
1791381905.013 5942856
1791381905.068 5942856
1791381905.123 5942856
1791381905.178 5942856
1791381905.233 5942856
1791381905.289 5942856
1791381905.344 5942856
1791381905.395 5947272
1791381905.446 5947272
1791381905.498 5947272
1791381905.553 5947272
1791381905.608 5947272
1791381905.663 5947272
1791381905.715 5947464
1791381905.766 5947464
1791381905.819 5947464
1791381905.875 5947464
1791381905.930 5947464
1791381905.985 5947464
1791381906.040 5947464
1791381906.092 5947464
1791381906.147 5947464
1791381906.202 5947464
1791381906.258 5947464
1791381906.313 5947464
1791381906.368 5947464
1791381906.423 5947464
1791381906.478 5947464
1791381906.534 5947464
1791381906.589 5947464
1791381906.644 5947464
1791381906.699 5947464
1791381906.755 5947464
1791381906.810 5947464
1791381906.866 5947464
1791381906.921 5947464
1791381906.976 5947464
1791381907.031 5947464
1791381907.087 5947464
1791381907.142 5947464
1791381907.198 5947464
1791381907.253 5947464
1791381907.308 5947464
1791381907.363 5947464
1791381907.418 5947464
1791381907.473 5947464
1791381907.528 5947464
1791381907.584 5947464
1791381907.639 5947464
1791381907.694 5947464
1791381907.749 5947464
1791381907.804 5947464
1791381907.859 5947464
1791381907.915 5947464
1791381907.970 5947464
1791381908.025 5947464
1791381908.080 5947464
1791381908.135 5947464
1791381908.190 5947464
1791381908.245 5947464
1791381908.301 5947464
1791381908.356 5947464
1791381908.411 5947464
1791381908.466 5947464
1791381908.521 5947464
1791381908.576 5947464
1791381908.631 5947464
1791381908.685 5947464
1791381908.740 5947656
1791381908.792 5948040
1791381908.844 5948424
1791381908.895 5948616
1791381908.946 5949000
1791381908.998 5951880
1791381909.049 5952072
1791381909.100 5952456
1791381909.152 5953032
1791381909.203 5953416
1791381909.257 5953416
1791381909.313 5953416
1791381909.368 5953416
1791381909.424 5953416
1791381909.479 5953416
1791381909.535 5953416
1791381909.590 5953416
1791381909.645 5953416
1791381909.700 5955528
1791381909.752 5957448
1791381909.803 5960904
1791381909.854 5960904
1791381909.910 5960904
1791381909.965 5960904
1791381910.021 5960904
1791381910.076 5960904
1791381910.132 5960904
1791381910.187 5960904
1791381910.242 5960904
1791381910.298 5960904
1791381910.353 5960904
1791381910.408 5960904
1791381910.464 5960904
1791381910.519 5960904
1791381910.574 5960904
1791381910.630 5954868
1791381910.686 5954868
1791381910.741 5954868
1791381910.796 5957172
1791381910.847 5954976
1791381910.899 5954976
1791381910.952 5954976
1791381911.008 5954976
1791381911.063 5954976
1791381911.118 5954976
1791381911.173 5954976
1791381911.228 5954976
1791381911.284 5954976
1791381911.339 5954976
1791381911.394 5954976
1791381911.449 5954976
1791381911.504 5954976
1791381911.559 5954976
1791381911.615 5954976
1791381911.670 5954976
1791381911.725 5954976
1791381911.780 5954976
1791381911.835 5954976
1791381911.890 5954976
1791381911.945 5954976
1791381912.001 5954976
1791381912.056 5954976
1791381912.111 5954976
1791381912.166 5954976
1791381912.222 5954976
1791381912.277 5954976
1791381912.332 5954976
1791381912.387 5954976
1791381912.442 5950444
1791381912.497 5950444
1791381912.552 5950444
1791381912.608 5950444
1791381912.663 5950444
1791381912.718 5950444
1791381912.773 5950444
1791381912.828 5950444
1791381912.883 5950444
1791381912.938 5950444
1791381912.994 5950444
1791381913.049 5950444
1791381913.104 5950444
1791381913.159 5950444
1791381913.214 5950444
1791381913.270 5950444
1791381913.325 5950444
1791381913.380 5950444
1791381913.435 5950444
1791381913.490 5950444
1791381913.545 5950444
1791381913.600 5950444
1791381913.656 5950444
1791381913.711 5950444
1791381913.766 5950444
1791381913.821 5950444
1791381913.876 5950444
1791381913.931 5950444
1791381913.986 5950444
1791381914.042 5950444
1791381914.096 5950444
1791381914.152 5950444
1791381914.207 5950444
1791381914.262 5950444
1791381914.317 5950444
1791381914.372 5950444
1791381914.427 5950444
1791381914.482 5950444
1791381914.535 5950444
1791381914.590 5950444
1791381914.645 5950444
1791381914.700 5950444
1791381914.755 5950444
1791381914.811 5950444
1791381914.866 5950444
1791381914.921 5950444
1791381914.978 5950444
1791381915.033 5950444
1791381915.088 5950444
1791381915.143 5950444
1791381915.198 5950444
1791381915.254 5950444
1791381915.309 5950444
1791381915.364 5950444
1791381915.419 5950444
1791381915.474 5950444
1791381915.529 5950444
1791381915.585 5950444
1791381915.640 5950444
1791381915.695 5950444
1791381915.750 5950444
1791381915.805 5950444
1791381915.861 5950444
1791381915.916 5950444
1791381915.971 5950444
1791381916.026 5950444
1791381916.077 5950444
1791381916.129 5950444
1791381916.184 5950444
1791381916.240 5950444
1791381916.295 5950444
1791381916.351 5950444
1791381916.406 5950444
1791381916.461 5950444
1791381916.516 5950444
1791381916.571 5950444
1791381916.626 5950444
1791381916.682 5950444
1791381916.737 5950444
1791381916.792 5950444
1791381916.847 5950444
1791381916.902 5950444
1791381916.958 5950444
1791381917.013 5950444
1791381917.068 5950444
1791381917.123 5950444
1791381917.179 5950444
1791381917.234 5950444
1791381917.289 5950444
1791381917.344 5950444
1791381917.399 5950444
1791381917.454 5950444
1791381917.510 5950444
1791381917.565 5950444
1791381917.620 5950444
1791381917.675 5950444
1791381917.730 5950444
1791381917.785 5950444
1791381917.840 5950444
1791381917.896 5950444
1791381917.951 5950444
1791381918.006 5950444
1791381918.062 5950444
1791381918.117 5950444
1791381918.172 5950444
1791381918.227 5950444
1791381918.282 5950444
1791381918.337 5950444
1791381918.393 5950444
1791381918.444 5950444
1791381918.500 5950444
1791381918.555 5950444
1791381918.610 5950444
1791381918.665 5950444
1791381918.720 5950444
1791381918.776 5950444
1791381918.831 5950444
1791381918.886 5950444
1791381918.941 5950444
1791381918.993 5950444
1791381919.047 5950444
1791381919.102 5950444
1791381919.157 5950444
1791381919.212 5950444
1791381919.267 5950444
1791381919.323 5950444
1791381919.378 5950444
1791381919.433 5950444
1791381919.488 5950444
1791381919.543 5950444
1791381919.599 5950444
1791381919.654 5950444
1791381919.709 5950444
1791381919.762 5950444
1791381919.818 5950444
1791381919.873 5950444
1791381919.928 5950444
1791381919.985 5950444
1791381920.041 5950444
1791381920.097 5950444
1791381920.151 5950444
1791381920.205 5950444
1791381920.260 5950444
1791381920.315 5950444
1791381920.370 5950444
1791381920.426 5950444
1791381920.481 5950444
1791381920.536 5950444
1791381920.590 5950444
1791381920.646 5950444
1791381920.702 5950444
1791381920.757 5950444
1791381920.812 5950444
1791381920.867 5950444
1791381920.923 5950444
1791381920.978 5950444
1791381921.033 5950444
1791381921.088 5950444
1791381921.144 5950444
1791381921.198 5950444
1791381921.253 5950444
1791381921.309 5950444
1791381921.364 5950444
1791381921.419 5950444
1791381921.474 5950444
1791381921.529 5950444
1791381921.585 5950444
1791381921.640 5950444
1791381921.694 5950444
1791381921.749 5950444
1791381921.804 5950444
1791381921.859 5950444
1791381921.914 5950444
1791381921.970 5950444
1791381922.025 5950444
1791381922.080 5950444
1791381922.135 5950444
1791381922.191 5950444
1791381922.246 5950444
1791381922.301 5950444
1791381922.356 5950444
1791381922.411 5950444
1791381922.466 5950444
1791381922.521 5950444
1791381922.577 5950444
1791381922.632 5950444
1791381922.687 5950444
1791381922.743 5950444
1791381922.798 5950444
1791381922.853 5950444
1791381922.910 5950444
1791381922.965 5950444
1791381923.020 5950444
1791381923.076 5950444
1791381923.131 5950444
1791381923.187 5950444
1791381923.242 5950444
1791381923.297 5950444
1791381923.354 5950444
1791381923.409 5950444
1791381923.464 5950444
1791381923.520 5950444
1791381923.575 5951020
1791381923.627 5951020
1791381923.684 5951212
1791381923.737 5951212
1791381923.792 5951212
1791381923.848 5951212
1791381923.903 5951212
1791381923.958 5951212
1791381924.014 5951212
1791381924.070 5951212
1791381924.125 5951212
1791381924.180 5951212
1791381924.235 5951212
1791381924.291 5951212
1791381924.346 5951404
1791381924.398 5951596
1791381924.454 5951596
1791381924.505 5951596
1791381924.560 5951596
1791381924.616 5951596
1791381924.671 5951596
1791381924.726 5951596
1791381924.782 5951596
1791381924.837 5951596
1791381924.892 5951596
1791381924.948 5951596
1791381925.003 5951596
1791381925.055 5951596
1791381925.110 5951596
1791381925.165 5951596
1791381925.220 5951596
1791381925.275 5951596
1791381925.330 5951596
1791381925.385 5951596
1791381925.441 5951596
1791381925.496 5951596
1791381925.551 5951596
1791381925.606 5951596
1791381925.662 5951596
1791381925.717 5951596
1791381925.772 5951596
1791381925.828 5953708
1791381925.881 6004780
1791381925.933 6005356
1791381925.985 6001592
1791381926.038 6006968
1791381926.090 6006968
1791381926.143 6000832
1791381926.196 6000832
1791381926.248 6000832
1791381926.301 6000832
1791381926.353 6000832
1791381926.406 6000832
1791381926.458 6000832
1791381926.511 6000832
1791381926.563 6000832
1791381926.616 6000832
1791381926.669 6000832
1791381926.721 6000832
1791381926.774 6000832
1791381926.826 6000832
1791381926.879 6000832
1791381926.931 6000832
1791381926.984 6000832
1791381927.035 6000832
1791381927.087 6000832
1791381927.138 6000832
1791381927.190 6000832
1791381927.242 6000832
1791381927.293 6000832
1791381927.344 6001792
1791381927.396 6001792
1791381927.447 6001792
1791381927.499 6001792
1791381927.550 6001792
1791381927.602 6001792
1791381927.653 6001792
1791381927.705 6001792
1791381927.756 6001792
1791381927.808 6001792
1791381927.859 6001792
1791381927.911 6001792
1791381927.962 6001792
1791381928.014 6001792
1791381928.065 6001792
1791381928.117 6001792
1791381928.168 6001792
1791381928.219 6001792
1791381928.271 6001792
1791381928.322 6001792
1791381928.374 6001792
1791381928.425 6001792
1791381928.477 6001792
1791381928.528 6111808
1791381928.581 6226048
1791381928.632 6226048
1791381928.684 6226048
1791381928.735 6226048
1791381928.787 6226048
1791381928.838 6226048
1791381928.890 6226048
1791381928.942 6226048
1791381928.995 6226048
1791381929.047 6226048
1791381929.100 6226048
1791381929.153 6226048
1791381929.205 6226048
1791381929.257 6226048
1791381929.308 6226048
1791381929.359 6226048
1791381929.411 6226048
1791381929.462 6226432
1791381929.514 6226432
1791381929.565 6226432
1791381929.617 6226432
1791381929.668 6226432
1791381929.720 6226432
1791381929.771 6226432
1791381929.823 6226432
1791381929.874 6226432
1791381929.926 6226432
1791381929.978 6226432
1791381930.029 6226432
1791381930.081 6226432
1791381930.132 6226432
1791381930.184 6226432
1791381930.235 6226432
1791381930.286 6226432
1791381930.338 6226432
1791381930.389 6226432
1791381930.441 6226432
1791381930.492 6226432
1791381930.544 6226432
1791381930.595 6226432
1791381930.647 6226432
1791381930.698 6226432
1791381930.750 6226432
1791381930.801 6226432
1791381930.853 6226432
1791381930.904 6226432
1791381930.956 6226432
1791381931.007 6226432
1791381931.059 6226432
1791381931.110 6226432
1791381931.162 6226432
1791381931.213 6226432
1791381931.265 6226432
1791381931.316 6226432
1791381931.368 6226432
1791381931.419 6226432
1791381931.471 6226432
1791381931.522 6226432
1791381931.574 6226432
1791381931.625 6226432
1791381931.676 6226432
1791381931.728 6226432
1791381931.780 6226432
1791381931.831 6226432
1791381931.883 6226432
1791381931.934 6226432
1791381931.986 6226432
1791381932.037 6226432
1791381932.089 6226432
1791381932.140 6226432
1791381932.192 6226432
1791381932.243 6226432
1791381932.295 6226432
1791381932.346 6226432
1791381932.398 6226432
1791381932.449 6226432
1791381932.501 6221932
1791381932.552 6221932
1791381932.604 6221932
1791381932.655 6221932
1791381932.707 6221932
1791381932.758 6221932
1791381932.810 6221932
1791381932.861 6221932
1791381932.913 6221932
1791381932.964 6221932
1791381933.016 6221932
1791381933.067 6221932
1791381933.119 6221932
1791381933.170 6221932
1791381933.221 6221932
1791381933.273 6221932
1791381933.324 6221932
1791381933.376 6221932
1791381933.430 6221932
1791381933.483 6221932
1791381933.535 6221932
1791381933.587 6221932
1791381933.638 6221932
1791381933.689 6221932
1791381933.742 6221932
1791381933.796 6221932
1791381933.847 6221932
1791381933.901 6221932
1791381933.955 6221932
1791381934.006 6221932
1791381934.058 6221932
1791381934.109 6221932
1791381934.161 6221932
1791381934.212 6221932
1791381934.264 6221932
1791381934.315 6221932
1791381934.367 6221932
1791381934.418 6221932
1791381934.470 6221932
1791381934.521 6221932
1791381934.573 6221932
1791381934.624 6221932
1791381934.675 6221932
1791381934.727 6221932
1791381934.778 6221932
1791381934.830 6221932
1791381934.882 6221932
1791381934.933 6221932
1791381934.985 6221932
1791381935.036 6221932
1791381935.088 6221932
1791381935.139 6221932
1791381935.191 6221932
1791381935.242 6221932
1791381935.294 6221932
1791381935.346 6221932
1791381935.397 6221932
1791381935.449 6221932
1791381935.500 6221932
1791381935.552 6221932
1791381935.603 6221932
1791381935.655 6221932
1791381935.706 6221932
1791381935.758 6221932
1791381935.809 6221932
1791381935.861 6221932
1791381935.912 6221932
1791381935.964 6221932
1791381936.015 6221932
1791381936.067 6221932
1791381936.118 6221932
1791381936.170 6221932
1791381936.221 6221932
1791381936.272 6221932
1791381936.324 6221932
1791381936.375 6221932
1791381936.427 6221932
1791381936.478 6221932
1791381936.530 6221932
1791381936.581 6221932
1791381936.633 6221932
1791381936.684 6221932
1791381936.736 6221932
1791381936.787 6221932
1791381936.839 6221932
1791381936.890 6221932
1791381936.942 6221932
1791381936.993 6221932
1791381937.044 6222124
1791381937.096 6222124
1791381937.147 6222124
1791381937.199 6222316
1791381937.250 6222316
1791381937.302 6222316
1791381937.353 6222508
1791381937.405 6222508
1791381937.456 6222508
1791381937.507 6222508
1791381937.559 6222508
1791381937.610 6222508
1791381937.662 6222508
1791381937.713 6222508
1791381937.764 6222508
1791381937.816 6222508
1791381937.867 6222508
1791381937.919 6222508
1791381937.970 6222508
1791381938.022 6222508
1791381938.073 6357484
1791381938.125 6358060
1791381938.176 6358060
1791381938.228 6358060
1791381938.279 6358252
1791381938.331 6358252
1791381938.382 6358252
1791381938.434 6358252
1791381938.485 6358252
1791381938.537 6358252
1791381938.588 6358252
1791381938.640 6358252
1791381938.691 6358252
1791381938.743 6358252
1791381938.794 6358252
1791381938.845 6358252
1791381938.897 6358252
1791381938.948 6358252
1791381939.000 6358252
1791381939.051 6358252
1791381939.103 6358252
1791381939.154 6358252
1791381939.206 6358252
1791381939.257 6358252
1791381939.309 6358252
1791381939.360 6358252
1791381939.412 6358252
1791381939.463 6358252
1791381939.515 6358252
1791381939.566 6358252
1791381939.617 6358252
1791381939.669 6358252
1791381939.720 6358252
1791381939.772 6358252
1791381939.823 6358252
1791381939.875 6358252
1791381939.926 6358252
1791381939.978 6358252
1791381940.030 6358252
1791381940.081 6358252
1791381940.133 6358252
1791381940.184 6358252
1791381940.236 6358252
1791381940.287 6358252
1791381940.339 6358252
1791381940.390 6358252
1791381940.442 6358252
1791381940.493 6358252
1791381940.545 6358252
1791381940.596 6358252
1791381940.648 6358252
1791381940.699 6358252
1791381940.751 6358252
1791381940.802 6358252
1791381940.854 6358252
1791381940.905 6362860
1791381940.957 6365932
1791381941.008 6365932
1791381941.059 6369004
1791381941.111 6369004
1791381941.162 6369004
1791381941.214 6369004
1791381941.265 6369004
1791381941.317 6369004
1791381941.368 6369004
1791381941.420 6369004
1791381941.471 6369004
1791381941.523 6369004
1791381941.574 6369004
1791381941.626 6369004
1791381941.677 6369004
1791381941.729 6369004
1791381941.780 6369004
1791381941.832 6369004
1791381941.883 6369004
1791381941.935 6369004
1791381941.986 6369004
1791381942.038 6369004
1791381942.089 6369004
1791381942.141 6369004
1791381942.192 6369004
1791381942.244 6369004
1791381942.295 6369004
1791381942.347 6369004
1791381942.398 6369004
1791381942.450 6369004
1791381942.501 6363864
1791381942.553 6363864
1791381942.604 6363864
1791381942.656 6363864
1791381942.707 6363864
1791381942.759 6363864
1791381942.810 6363864
1791381942.862 6363864
1791381942.913 6363864
1791381942.965 6363864
1791381943.016 6363864
1791381943.068 6363864
1791381943.119 6363864
1791381943.171 6363864
1791381943.222 6363864
1791381943.274 6363864
1791381943.325 6363864
1791381943.377 6363864
1791381943.428 6363864
1791381943.480 6363864
1791381943.531 6363864
1791381943.583 6363864
1791381943.634 6363864
1791381943.686 6363864
1791381943.737 6363864
1791381943.789 6363864
1791381943.840 6363864
1791381943.892 6363864
1791381943.943 6363864
1791381943.996 6363864
1791381944.048 6363864
1791381944.100 6363864
1791381944.151 6363864
1791381944.202 6363864
1791381944.254 6363864
1791381944.305 6363864
1791381944.357 6363864
1791381944.408 6363864
1791381944.460 6363864
1791381944.511 6363864
1791381944.563 6363864
1791381944.614 6363864
1791381944.666 6363864
1791381944.717 6363864
1791381944.769 6363864
1791381944.820 6363864
1791381944.871 6363864
1791381944.923 6363864
1791381944.974 6363864
1791381945.026 6363864
1791381945.077 6363864
1791381945.129 6363864
1791381945.180 6363864
1791381945.232 6363864
1791381945.283 6363864
1791381945.335 6363864
1791381945.386 6363864
1791381945.438 6363864
1791381945.489 6363864
1791381945.541 6363864
1791381945.592 6363864
1791381945.643 6363864
1791381945.695 6363864
1791381945.746 6363864
1791381945.798 6363864
1791381945.849 6363864
1791381945.901 6363864
1791381945.952 6363864
1791381946.004 6363864
1791381946.055 6363864
1791381946.107 6363864
1791381946.158 6363864
1791381946.210 6363864
1791381946.261 6363864
1791381946.313 6363864
1791381946.364 6363864
1791381946.416 6363864
1791381946.467 6363864
1791381946.519 6363864
1791381946.570 6363864
1791381946.622 6363864
1791381946.673 6363864
1791381946.725 6363864
1791381946.776 6363864
1791381946.828 6363864
1791381946.879 6363864
1791381946.931 6363864
1791381946.982 6363864
1791381947.033 6363864
1791381947.085 6363864
1791381947.136 6363864
1791381947.188 6363864
1791381947.239 6363864
1791381947.291 6363864
1791381947.342 6363864
1791381947.394 6363864
1791381947.445 6363864
1791381947.497 6358584
1791381947.548 6358584
1791381947.599 6358584
1791381947.651 6358584
1791381947.703 6358584
1791381947.754 6358584
1791381947.806 6358584
1791381947.857 6358584
1791381947.908 6358584
1791381947.960 6358584
1791381948.011 6358584
1791381948.063 6358584
1791381948.114 6358584
1791381948.166 6358584
1791381948.217 6358584
1791381948.269 6358584
1791381948.320 6358584
1791381948.371 6358584
1791381948.423 6358584
1791381948.474 6358584
1791381948.526 6358584
1791381948.577 6358584
1791381948.629 6364728
1791381948.680 6373176
1791381948.732 6381624
1791381948.783 6383544
1791381948.835 6383544
1791381948.886 6383544
1791381948.938 6383544
1791381948.989 6383544
1791381949.041 6383544
1791381949.092 6383544
1791381949.144 6383544
1791381949.195 6383544
1791381949.247 6383544
1791381949.298 6383544
1791381949.349 6383544
1791381949.401 6383544
1791381949.453 6383544
1791381949.504 6383544
1791381949.556 6383544
1791381949.607 6383544
1791381949.659 6383544
1791381949.710 6383544
1791381949.761 6383544
1791381949.813 6383544
1791381949.864 6383544
1791381949.916 6383544
1791381949.967 6383544
1791381950.019 6383544
1791381950.070 6383544
1791381950.122 6383544
1791381950.173 6383544
1791381950.225 6383544
1791381950.276 6383544
1791381950.327 6383544
1791381950.379 6383544
1791381950.430 6383544
1791381950.482 6383544
1791381950.534 6383544
1791381950.585 6383544
1791381950.637 6383544
1791381950.688 6383544
1791381950.739 6383544
1791381950.791 6383544
1791381950.842 6383544
1791381950.894 6383544
1791381950.945 6383544
1791381950.997 6383544
1791381951.048 6383544
1791381951.099 6383544
1791381951.151 6383544
1791381951.202 6383544
1791381951.253 6383544
1791381951.305 6383544
1791381951.356 6383544
1791381951.408 6383544
1791381951.459 6383544
1791381951.511 6383544
1791381951.562 6383544
1791381951.614 6383544
1791381951.665 6383544
1791381951.717 6383544
1791381951.768 6383544
1791381951.820 6383544
1791381951.871 6383544
1791381951.923 6383544
1791381951.974 6383544
1791381952.026 6383544
1791381952.077 6383544
1791381952.129 6383544
1791381952.180 6383544
1791381952.232 6383544
1791381952.283 6383544
1791381952.335 6383544
1791381952.386 6383544
1791381952.438 6383544
1791381952.489 6383544
1791381952.541 6383544
1791381952.592 6383544
1791381952.644 6383544
1791381952.695 6383544
1791381952.747 6383544
1791381952.798 6383544
1791381952.850 6383544
1791381952.901 6383544
1791381952.952 6383544
1791381953.004 6383544
1791381953.055 6383544
1791381953.107 6383544
1791381953.158 6383544
1791381953.209 6383544
1791381953.261 6383544
1791381953.312 6383544
1791381953.364 6383544
1791381953.415 6383544
1791381953.467 6383544
1791381953.518 6383544
1791381953.570 6383544
1791381953.621 6383544
1791381953.673 6383544
1791381953.724 6383544
1791381953.776 6383544
1791381953.827 6383544
1791381953.879 6383544
1791381953.930 6383544
1791381953.982 6383544
1791381954.033 6383544
1791381954.085 6383544
1791381954.136 6383544
1791381954.188 6383544
1791381954.239 6383544
1791381954.291 6383544
1791381954.342 6383544
1791381954.394 6383544
1791381954.445 6383544
1791381954.497 6383544
1791381954.548 6383544
1791381954.600 6383544
1791381954.651 6383544
1791381954.703 6383544
1791381954.754 6383544
1791381954.806 6383544
1791381954.857 6383544
1791381954.909 6383544
1791381954.960 6383544
1791381955.012 6383544
1791381955.063 6383544
1791381955.114 6383544
1791381955.166 6383544
1791381955.217 6383544
1791381955.269 6383544
1791381955.320 6383544
1791381955.372 6383544
1791381955.423 6383544
1791381955.475 6383544
1791381955.526 6383544
1791381955.578 6383544
1791381955.629 6383544
1791381955.681 6383544
1791381955.732 6383544
1791381955.784 6383544
1791381955.835 6383544
1791381955.887 6383544
1791381955.938 6383544
1791381955.990 6383544
1791381956.041 6383544
1791381956.093 6383544
1791381956.144 6383544
1791381956.196 6383544
1791381956.247 6383544
1791381956.299 6383544
1791381956.350 6383544
1791381956.402 6383544
1791381956.453 6383544
1791381956.505 6383544
1791381956.556 6383544
1791381956.608 6383544
1791381956.660 6383544
1791381956.711 6383544
1791381956.763 6383544
1791381956.814 6383544
1791381956.866 6383544
1791381956.917 6383544
1791381956.968 6383544
1791381957.020 6383544
1791381957.071 6383544
1791381957.123 6383544
1791381957.175 6383544
1791381957.226 6383544
1791381957.277 6383544
1791381957.329 6383544
1791381957.380 6383544
1791381957.432 6383544
1791381957.483 6383544
1791381957.535 6383544
1791381957.586 6383544
1791381957.638 6383544
1791381957.689 6383544
1791381957.741 6383544
1791381957.792 6383544
1791381957.844 6383544
1791381957.895 6383544
1791381957.947 6383544
1791381957.998 6383544
1791381958.050 6383544
1791381958.101 6383544
1791381958.153 6383544
1791381958.204 6383544
1791381958.256 6383544
1791381958.307 6383544
1791381958.358 6383544
1791381958.410 6383544
1791381958.461 6383544
1791381958.513 6383544
1791381958.565 6383544
1791381958.616 6383544
1791381958.667 6383544
1791381958.719 6383544
1791381958.770 6383544
1791381958.822 6383544
1791381958.873 6383544
1791381958.925 6383544
1791381958.976 6383544
1791381959.028 6383544
1791381959.079 6383544
1791381959.130 6383544
1791381959.182 6383544
1791381959.233 6383544
1791381959.285 6383544
1791381959.336 6383544
1791381959.388 6383544
1791381959.439 6383544
1791381959.491 6383544
1791381959.542 6388152
1791381959.593 6396408
1791381959.645 6404664
1791381959.696 6413304
1791381959.748 6421752
1791381959.799 6430200
1791381959.850 6438648
1791381959.902 6447288
1791381959.953 6456312
1791381960.005 6464568
1791381960.056 6473016
1791381960.108 6481464
1791381960.159 6490104
1791381960.211 6498552
1791381960.262 6507000
1791381960.314 6515832
1791381960.365 6523896
1791381960.417 6532536
1791381960.468 6540984
1791381960.520 6549624
1791381960.571 6558456
1791381960.622 6567096
1791381960.674 6575736
1791381960.725 6584760
1791381960.777 6593208
1791381960.828 6601848
1791381960.880 6610488
1791381960.931 6619320
1791381960.983 6627960
1791381961.034 6636792
1791381961.086 6645240
1791381961.137 6653688
1791381961.189 6662520
1791381961.240 6671160
1791381961.292 6679992
1791381961.343 6688824
1791381961.395 6698232
1791381961.446 6707256
1791381961.498 6715704
1791381961.549 6724536
1791381961.601 6733176
1791381961.652 6742008
1791381961.704 6750840
1791381961.755 6759480
1791381961.807 6768120
1791381961.858 6776568
1791381961.910 6785208
1791381961.961 6794040
1791381962.013 6802872
1791381962.064 6811704
1791381962.116 6820920
1791381962.167 6829560
1791381962.219 6838200
1791381962.270 6846840
1791381962.322 6855672
1791381962.373 6864312
1791381962.425 6873144
1791381962.476 6881784
1791381962.528 6890232
1791381962.579 6898872
1791381962.631 6907512
1791381962.682 6916152
1791381962.734 6924792
1791381962.785 6933816
1791381962.837 6942840
1791381962.888 6952056
1791381962.939 6960504
1791381962.991 6969528
1791381963.042 6978168
1791381963.094 6987000
1791381963.145 6995640
1791381963.197 7004088
1791381963.248 7012536
1791381963.300 7020600
1791381963.353 7028664
1791381963.405 7037304
1791381963.457 7046136
1791381963.508 7054584
1791381963.560 7063416
1791381963.611 7072632
1791381963.663 7081656
1791381963.714 7090296
1791381963.766 7098936
1791381963.817 7107768
1791381963.869 7116792
1791381963.920 7125240
1791381963.972 7132728
1791381964.023 7141368
1791381964.074 7150200
1791381964.126 7159224
1791381964.177 7167480
1791381964.229 7176312
1791381964.280 7184952
1791381964.332 7193592
1791381964.383 7202424
1791381964.435 7211448
1791381964.486 7220664
1791381964.538 7229112
1791381964.590 7237944
1791381964.641 7246776
1791381964.692 7255800
1791381964.744 7264632
1791381964.795 7273272
1791381964.847 7281720
1791381964.898 7290360
1791381964.950 7299000
1791381965.001 7307832
1791381965.053 7316472
1791381965.104 7325304
1791381965.156 7334136
1791381965.207 7343160
1791381965.259 7351992
1791381965.310 7355448
1791381965.362 7355448
1791381965.413 7355448
1791381965.465 7355448
1791381965.516 7355448
1791381965.568 7355448
1791381965.619 7355448
1791381965.671 7355448
1791381965.722 7355448
1791381965.774 7355448
1791381965.825 7355448
1791381965.877 7355448
1791381965.929 7355448
1791381965.980 7355448
1791381966.032 7355448
1791381966.083 7355448
1791381966.134 7355448
1791381966.186 7355448
1791381966.238 7355448
1791381966.289 7355448
1791381966.341 7355448
1791381966.392 7355448
1791381966.443 7355448
1791381966.495 7355448
1791381966.546 7355448
1791381966.598 7355448
1791381966.649 7355448
1791381966.701 7355448
1791381966.752 7355448
1791381966.804 7355448
1791381966.855 7355448
1791381966.907 7355448
1791381966.958 7355448
1791381967.010 7355448
1791381967.061 7355448
1791381967.113 7355448
1791381967.164 7355448
1791381967.216 7355448
1791381967.267 7355448
1791381967.319 7355448
1791381967.370 7355448
1791381967.422 7355448
1791381967.473 7355448
1791381967.525 7355448
1791381967.576 7355448
1791381967.627 7355448
1791381967.679 7355448
1791381967.730 7355448
1791381967.782 7355448
1791381967.833 7355448
1791381967.885 7355448
1791381967.936 7355448
1791381967.988 7355448
1791381968.039 7355448
1791381968.091 7355448
1791381968.142 7355448
1791381968.194 7355448
1791381968.245 7355448
1791381968.297 7355448
1791381968.348 7355448
1791381968.400 7355448
1791381968.451 7355448
1791381968.503 7355448
1791381968.554 7355448
1791381968.606 7355448
1791381968.657 7355448
1791381968.709 7355448
1791381968.760 7355448
1791381968.812 7355448
1791381968.863 7355448
1791381968.915 7355448
1791381968.966 7355448
1791381969.018 7355448
1791381969.069 7355448
1791381969.121 7355448
1791381969.172 7355448
1791381969.224 7355448
1791381969.275 7355448
1791381969.327 7355448
1791381969.378 7355448
1791381969.430 7355448
1791381969.481 7355448
1791381969.533 7355448
1791381969.584 7355448
1791381969.636 7355448
1791381969.687 7355448
1791381969.739 7355448
1791381969.790 7355448
1791381969.842 7355448
1791381969.893 7355448
1791381969.945 7355448
1791381969.996 7355448
1791381970.048 7355448
1791381970.099 7355448
1791381970.151 7355448
1791381970.202 7355448
1791381970.254 7355448
1791381970.305 7355448
1791381970.357 7355448
1791381970.408 7355448
1791381970.460 7355448
1791381970.511 7355448
1791381970.563 7355448
1791381970.614 7355448
1791381970.666 7355448
1791381970.717 7355448
1791381970.769 7355448
1791381970.820 7355448
1791381970.872 7355448
1791381970.923 7355448
1791381970.975 7355448
1791381971.026 7355448
1791381971.078 7355448
1791381971.129 7355448
1791381971.181 7355448
1791381971.232 7355448
1791381971.284 7355448
1791381971.335 7355448
1791381971.386 7355448
1791381971.438 7355448
1791381971.489 7355448
1791381971.541 7355448
1791381971.592 7355448
1791381971.644 7355448
1791381971.696 7355448
1791381971.747 7355448
1791381971.799 7355448
1791381971.850 7355448
1791381971.902 7355448
1791381971.953 7355448
1791381972.005 7355448
1791381972.056 7355448
1791381972.108 7355448
1791381972.159 7355640
1791381972.215 7355640
1791381972.271 7355640
1791381972.326 7355640
1791381972.382 7355640
1791381972.438 7355640
1791381972.493 7355640
1791381972.549 7355640
1791381972.604 7355640
1791381972.660 7355640
1791381972.716 7355640
1791381972.771 7355640
1791381972.827 7355640
1791381972.882 7355640
1791381972.938 7355640
1791381972.993 7355640
1791381973.049 7355640
1791381973.105 7355640
1791381973.160 7355640
1791381973.216 7355640
1791381973.271 7355640
1791381973.327 7355640
1791381973.382 7355640
1791381973.438 7355640
1791381973.494 7355640
1791381973.549 7355640
1791381973.605 7355640
1791381973.660 7355640
1791381973.716 7355640
1791381973.772 7355640
1791381973.827 7355640
1791381973.883 7355640
1791381973.938 7355640
1791381973.994 7355640
1791381974.050 7355640
1791381974.105 7355640
1791381974.161 7355640
1791381974.216 7355640
1791381974.272 7355640
1791381974.327 7355640
1791381974.383 7355640
1791381974.439 7355640
1791381974.494 7355640
1791381974.550 7355640
1791381974.605 7355640
1791381974.661 7355640
1791381974.716 7355640
1791381974.772 7355640
1791381974.828 7355640
1791381974.883 7355640
1791381974.939 7355640
1791381974.995 7355640
1791381975.050 7355640
1791381975.106 7355640
1791381975.161 7355640
1791381975.217 7355640
1791381975.272 7355640
1791381975.328 7355640
1791381975.384 7355640
1791381975.439 7355640
1791381975.495 7355640
1791381975.547 7355640
1791381975.598 7355640
1791381975.654 7355640
1791381975.710 7355640
1791381975.765 7355640
1791381975.821 7355640
1791381975.874 7355640
1791381975.930 7355640
1791381975.983 7355640
1791381976.035 7355640
1791381976.091 7355640
1791381976.147 7355640
1791381976.203 7355640
1791381976.258 7355640
1791381976.314 7355640
1791381976.367 7355640
1791381976.423 7355640
1791381976.478 7355640
1791381976.534 7355640
1791381976.590 7355640
1791381976.645 7355640
1791381976.701 7355640
1791381976.756 7355640
1791381976.812 7355640
1791381976.868 7355640
1791381976.923 7355640
1791381976.979 7355640
1791381977.034 7355640
1791381977.090 7355640
1791381977.145 7355640
1791381977.201 7355640
1791381977.257 7355640
1791381977.313 7355640
1791381977.368 7355640
1791381977.424 7355640
1791381977.479 7355640
1791381977.535 7355640
1791381977.590 7355640
1791381977.642 7355640
1791381977.698 7355640
1791381977.752 7355640
1791381977.807 7355640
1791381977.863 7355640
1791381977.919 7355640
1791381977.974 7355640
1791381978.030 7355640
1791381978.086 7355640
1791381978.141 7355640
1791381978.197 7355640
1791381978.253 7355640
1791381978.308 7355640
1791381978.364 7355640
1791381978.420 7355640
1791381978.475 7355640
1791381978.531 7355640
1791381978.586 7355640
1791381978.642 7355640
1791381978.697 7355640
1791381978.754 7355640
1791381978.809 7355640
1791381978.865 7355640
1791381978.921 7355640
1791381978.978 7355640
1791381979.030 7355640
1791381979.085 7355640
1791381979.136 7355640
1791381979.188 7355640
1791381979.242 7355640
1791381979.298 7355640
1791381979.353 7355640
1791381979.409 7355640
1791381979.464 7355640
1791381979.520 7355640
1791381979.576 7355640
1791381979.631 7355640
1791381979.687 7355640
1791381979.742 7355640
1791381979.798 7355640
1791381979.853 7355640
1791381979.909 7355640
1791381979.965 7355640
1791381980.020 7355640
1791381980.076 7355640
1791381980.132 7355640
1791381980.187 7355640
1791381980.243 7355640
1791381980.299 7355640
1791381980.354 7355640
1791381980.410 7355640
1791381980.465 7355640
1791381980.521 7355640
1791381980.576 7355640
1791381980.632 7355640
1791381980.687 7355640
1791381980.743 7355640
1791381980.799 7355640
1791381980.854 7355640
1791381980.910 7355640
1791381980.965 7355640
1791381981.021 7355640
1791381981.076 7355640
1791381981.132 7355640
1791381981.187 7355640
1791381981.243 7355640
1791381981.299 7355640
1791381981.354 7355640
1791381981.410 7355640
1791381981.465 7355640
1791381981.521 7355640
1791381981.577 7355640
1791381981.632 7355640
1791381981.688 7355640
1791381981.744 7355640
1791381981.799 7355640
1791381981.855 7355640
1791381981.910 7355640
1791381981.966 7355640
1791381982.021 7355640
1791381982.077 7355640
1791381982.132 7355640
1791381982.188 7355640
1791381982.244 7355640
1791381982.299 7355640
1791381982.355 7355640
1791381982.410 7355640
1791381982.466 7355640
1791381982.521 7355640
1791381982.577 7355640
1791381982.633 7355640
1791381982.688 7355640
1791381982.744 7355640
1791381982.799 7355640
1791381982.855 7355640
1791381982.910 7355640
1791381982.965 7355640
1791381983.021 7355640
1791381983.076 7355640
1791381983.132 7355640
1791381983.187 7355640
1791381983.243 7355640
1791381983.298 7355640
1791381983.354 7355640
1791381983.410 7355640
1791381983.465 7355640
1791381983.521 7355640
1791381983.576 7355640
1791381983.632 7355640
1791381983.688 7355640
1791381983.743 7355640
1791381983.799 7355640
1791381983.854 7355640
1791381983.910 7355640
1791381983.966 7355640
1791381984.021 7355640
1791381984.077 7355640
1791381984.132 7355640
1791381984.188 7355640
1791381984.243 7355640
1791381984.299 7355640
1791381984.355 7355640
1791381984.410 7355640
1791381984.466 7355640
1791381984.521 7355640
1791381984.577 7355640
1791381984.633 7355640
1791381984.688 7355640
1791381984.744 7355640
1791381984.799 7355640
1791381984.855 7355640
1791381984.910 7355640
1791381984.966 7355640
1791381985.021 7355640
1791381985.077 7355640
1791381985.132 7355640
1791381985.188 7355640
1791381985.244 7355640
1791381985.299 7355640
1791381985.355 7355640
1791381985.411 7355640
1791381985.466 7355640
1791381985.522 7355640
1791381985.578 7355640
1791381985.633 7355640
1791381985.689 7355640
1791381985.744 7355640
1791381985.800 7355640
1791381985.855 7355640
1791381985.911 7355640
1791381985.967 7355640
1791381986.022 7355640
1791381986.075 7355640
1791381986.131 7355640
1791381986.186 7355640
1791381986.242 7355640
1791381986.298 7355640
1791381986.353 7355640
1791381986.409 7355640
1791381986.465 7355640
1791381986.518 7355640
1791381986.572 7355640
1791381986.627 7355640
1791381986.682 7355640
1791381986.737 7355640
1791381986.792 7355640
1791381986.844 7355640
1791381986.897 7355640
1791381986.952 7355640
1791381987.008 7355640
1791381987.064 7355640
1791381987.120 7355640
1791381987.175 7355640
1791381987.231 7355640
1791381987.287 7355640
1791381987.342 7355640
1791381987.398 7355640
1791381987.453 7355640
1791381987.509 7355640
1791381987.565 7355640
1791381987.620 7355640
1791381987.676 7355640
1791381987.732 7355640
1791381987.787 7355640
1791381987.843 7355640
1791381987.898 7355640
1791381987.954 7355640
1791381988.010 7355640
1791381988.065 7355640
1791381988.118 7355640
1791381988.174 7355640
1791381988.229 7355640
1791381988.285 7355640
1791381988.340 7355640
1791381988.396 7355640
1791381988.452 7355640
1791381988.508 7355640
1791381988.563 7355640
1791381988.619 7355640
1791381988.674 7355640
1791381988.727 7355640
1791381988.779 7355640
1791381988.835 7355640
1791381988.891 7355640
1791381988.946 7355640
1791381989.002 7355640
1791381989.058 7355640
1791381989.110 7355640
1791381989.161 7355640
1791381989.218 7355640
1791381989.273 7355640
1791381989.329 7355640
1791381989.385 7355640
1791381989.440 7355640
1791381989.496 7355640
1791381989.551 7355640
1791381989.603 7363712
1791381989.656 7364864
1791381989.709 7364864
1791381989.764 7364864
1791381989.817 7364864
1791381989.872 7364864
1791381989.927 7364864
1791381989.983 7364864
1791381990.039 7365056
1791381990.094 7365056
1791381990.146 7365056
1791381990.197 7365056
1791381990.249 7365056
1791381990.300 7365056
1791381990.351 7365056
1791381990.403 7365056
1791381990.457 7365056
1791381990.510 7365056
1791381990.562 7365056
1791381990.613 7365056
1791381990.666 7365056
1791381990.717 7365056
1791381990.770 7365056
1791381990.821 7365056
1791381990.873 7365056
1791381990.924 7365056
1791381990.976 7365248
1791381991.027 7365440
1791381991.082 7365632
1791381991.139 7365632
1791381991.194 7365632
1791381991.250 7365632
1791381991.305 7365632
1791381991.361 7365632
1791381991.416 7365632
1791381991.472 7365632
1791381991.527 7365632
1791381991.583 7365632
1791381991.639 7365632
1791381991.694 7365632
1791381991.750 7365632
1791381991.805 7365632
1791381991.861 7365632
1791381991.916 7365632
1791381991.968 7365632
1791381992.019 7365632
1791381992.071 7365632
1791381992.122 7365632
1791381992.174 7365632
1791381992.225 7365632
1791381992.276 7365632
1791381992.329 7365632
1791381992.385 7365632
1791381992.442 7365632
1791381992.497 7365632
1791381992.553 7365632
1791381992.608 7365632
1791381992.664 7365632
1791381992.719 7365632
1791381992.775 7365632
1791381992.830 7365632
1791381992.886 7365632
1791381992.941 7365632
1791381992.997 7365632
1791381993.052 7365632
1791381993.108 7365632
1791381993.164 7365632
1791381993.219 7365632
1791381993.275 7365632
1791381993.330 7365632
1791381993.386 7365632
1791381993.441 7365632
1791381993.497 7365632
1791381993.552 7365632
1791381993.608 7365632
1791381993.664 7365632
1791381993.719 7365632
1791381993.775 7365632
1791381993.830 7365632
1791381993.886 7365632
1791381993.941 7365632
1791381993.997 7365632
1791381994.053 7365632
1791381994.108 7365632
1791381994.164 7365632
1791381994.219 7365632
1791381994.275 7365632
1791381994.331 7365632
1791381994.386 7365632
1791381994.442 7365632
1791381994.497 7365632
1791381994.553 7365632
1791381994.608 7365632
1791381994.664 7365632
1791381994.719 7365632
1791381994.775 7365632
1791381994.830 7365632
1791381994.886 7365632
1791381994.942 7370432
1791381994.994 7377728
1791381995.045 7380032
1791381995.096 7380032
1791381995.148 7380032
1791381995.199 7380032
1791381995.251 7380032
1791381995.302 7380032
1791381995.353 7380032
1791381995.405 7380032
1791381995.456 7380032
1791381995.508 7380032
1791381995.559 7380032
1791381995.615 7380032
1791381995.671 7380032
1791381995.726 7380032
1791381995.782 7380032
1791381995.838 7380032
1791381995.893 7380032
1791381995.949 7380032
1791381996.005 7380032
1791381996.061 7380032
1791381996.117 7380032
1791381996.172 7380032
1791381996.225 7380032
1791381996.280 7380032
1791381996.336 7380032
1791381996.392 7380032
1791381996.447 7380032
1791381996.503 7380032
1791381996.559 7380032
1791381996.614 7380032
1791381996.670 7380032
1791381996.726 7380032
1791381996.781 7380032
1791381996.837 7380032
1791381996.893 7380032
1791381996.948 7380032
1791381997.004 7380032
1791381997.055 7380032
1791381997.111 7380032
1791381997.162 7380032
1791381997.218 7380032
1791381997.274 7380032
1791381997.329 7380032
1791381997.385 7380032
1791381997.440 7380032
1791381997.496 7380032
1791381997.548 7380032
1791381997.603 7374452
1791381997.659 7374452
1791381997.715 7374452
1791381997.771 7374452
1791381997.827 7374452
1791381997.883 7374452
1791381997.938 7374452
1791381997.994 7374452
1791381998.050 7374452
1791381998.106 7374452
1791381998.162 7374452
1791381998.217 7374452
1791381998.273 7374452
1791381998.329 7374452
1791381998.384 7374452
1791381998.440 7374452
1791381998.496 7374452
1791381998.552 7374452
1791381998.607 7374452
1791381998.663 7374452
1791381998.716 7374452
1791381998.772 7374452
1791381998.828 7374452
1791381998.883 7374452
1791381998.939 7374452
1791381998.995 7374452
1791381999.051 7374452
1791381999.107 7374452
1791381999.162 7374452
1791381999.218 7374452
1791381999.274 7374452
1791381999.329 7374452
1791381999.385 7374452
1791381999.441 7374452
1791381999.497 7374452
1791381999.552 7374452
1791381999.608 7374452
1791381999.664 7374452
1791381999.716 7374452
1791381999.772 7374452
1791381999.827 7374452
1791381999.883 7374452
1791381999.939 7374452
1791381999.995 7374452
1791382000.050 7374452
1791382000.106 7374452
1791382000.162 7374452
1791382000.218 7374452
1791382000.273 7374452
1791382000.329 7374452
1791382000.385 7374452
1791382000.441 7374452
1791382000.496 7374452
1791382000.552 7374452
1791382000.608 7374452
1791382000.663 7374452
1791382000.719 7374452
1791382000.775 7374452
1791382000.831 7374452
1791382000.886 7374452
1791382000.942 7374452
1791382000.998 7374452
1791382001.054 7374452
1791382001.109 7374452
1791382001.165 7374452
1791382001.217 7374452
1791382001.272 7374452
1791382001.328 7374452
1791382001.385 7374452
1791382001.441 7374452
1791382001.497 7374452
1791382001.551 7374452
1791382001.607 7374452
1791382001.663 7374452
1791382001.718 7374452
1791382001.774 7374452
1791382001.830 7374452
1791382001.886 7374452
1791382001.941 7374452
1791382001.997 7374452
1791382002.053 7374452
1791382002.109 7374452
1791382002.165 7374452
1791382002.220 7374452
1791382002.276 7374452
1791382002.332 7374452
1791382002.387 7374452
1791382002.443 7374452
1791382002.499 7374452
1791382002.554 7374452
1791382002.610 7374452
1791382002.666 7374452
1791382002.721 7374452
1791382002.777 7374452
1791382002.833 7374452
1791382002.888 7374452
1791382002.944 7374452
1791382003.000 7374452
1791382003.055 7374452
1791382003.111 7374452
1791382003.163 7374452
1791382003.216 7374452
1791382003.271 7374452
1791382003.327 7374452
1791382003.383 7374452
1791382003.439 7374452
1791382003.495 7374452
1791382003.550 7374452
1791382003.606 7374452
1791382003.662 7374452
1791382003.717 7374452
1791382003.773 7374452
1791382003.829 7374452
1791382003.884 7374452
1791382003.940 7374452
1791382003.995 7374452
1791382004.051 7374452
1791382004.107 7374452
1791382004.162 7374452
1791382004.217 7374452
1791382004.273 7374452
1791382004.329 7374452
1791382004.384 7374452
1791382004.439 7374452
1791382004.494 7374452
1791382004.550 7374452
1791382004.605 7374452
1791382004.661 7374452
1791382004.717 7374452
1791382004.772 7374452
1791382004.828 7374452
1791382004.880 7374452
1791382004.935 7374452
1791382004.991 7374452
1791382005.046 7374452
1791382005.102 7374452
1791382005.158 7374452
1791382005.213 7374452
1791382005.269 7374452
1791382005.325 7374452
1791382005.380 7374452
1791382005.433 7374452
1791382005.489 7374452
1791382005.542 7374452
1791382005.598 7374452
1791382005.654 7374452
1791382005.709 7374452
1791382005.765 7374452
1791382005.820 7374452
1791382005.876 7374452
1791382005.932 7374452
1791382005.987 7374452
1791382006.043 7374452
1791382006.099 7374452
1791382006.154 7374452
1791382006.210 7374452
1791382006.265 7374452
1791382006.321 7374452
1791382006.377 7374452
1791382006.432 7374452
1791382006.487 7374452
1791382006.543 7374452
1791382006.599 7374452
1791382006.654 7374452
1791382006.710 7374452
1791382006.765 7374452
1791382006.821 7374452
1791382006.877 7374452
1791382006.928 7374452
1791382006.984 7374452
1791382007.039 7374452
1791382007.095 7374452
1791382007.151 7374452
1791382007.206 7374452
1791382007.259 7374452
1791382007.314 7374452
1791382007.367 7374452
1791382007.422 7374452
1791382007.478 7374452
1791382007.534 7374452
1791382007.589 7374452
1791382007.645 7374452
1791382007.700 7374452
1791382007.756 7374452
1791382007.812 7374452
1791382007.867 7374452
1791382007.923 7374452
1791382007.978 7374452
1791382008.034 7374452
1791382008.090 7374452
1791382008.146 7374452
1791382008.201 7374452
1791382008.257 7374452
1791382008.312 7374452
1791382008.368 7374452
1791382008.424 7374452
1791382008.479 7374452
1791382008.535 7374452
1791382008.590 7374452
1791382008.646 7374452
1791382008.702 7374452
1791382008.757 7374452
1791382008.813 7374452
1791382008.868 7374452
1791382008.924 7374452
1791382008.976 7374452
1791382009.027 7374452
1791382009.083 7374452
1791382009.139 7374452
1791382009.195 7374452
1791382009.250 7374452
1791382009.306 7374452
1791382009.361 7374452
1791382009.417 7374452
1791382009.473 7374452
1791382009.529 7374452
1791382009.584 7374452
1791382009.640 7374452
1791382009.695 7374452
1791382009.751 7374452
1791382009.803 7374452
1791382009.859 7374452
1791382009.915 7374452
1791382009.970 7374452
1791382010.026 7374452
1791382010.081 7374452
1791382010.137 7374452
1791382010.193 7374452
1791382010.248 7374452
1791382010.304 7374452
1791382010.360 7374452
1791382010.415 7374452
1791382010.471 7374452
1791382010.527 7374452
1791382010.582 7374452
1791382010.638 7374452
1791382010.693 7374452
1791382010.749 7374452
1791382010.805 7374452
1791382010.860 7374452
1791382010.916 7374452
1791382010.972 7374452
1791382011.027 7374452
1791382011.083 7374452
1791382011.138 7374452
1791382011.193 7374452
1791382011.249 7374452
1791382011.305 7374452
1791382011.360 7374452
1791382011.416 7374452
1791382011.472 7374452
1791382011.527 7374452
1791382011.583 7374452
1791382011.639 7374452
1791382011.694 7374452
1791382011.750 7374452
1791382011.806 7374452
1791382011.861 7374452
1791382011.917 7374452
1791382011.973 7374452
1791382012.028 7374452
1791382012.084 7374452
1791382012.140 7374452
1791382012.195 7374452
1791382012.251 7374452
1791382012.307 7374452
1791382012.362 7374452
1791382012.418 7374452
1791382012.474 7374452
1791382012.529 7374452
1791382012.585 7374452
1791382012.640 7374452
1791382012.696 7374452
1791382012.752 7374452
1791382012.807 7374452
1791382012.862 7374452
1791382012.918 7374452
1791382012.973 7374452
1791382013.029 7374452
1791382013.085 7374452
1791382013.140 7374452
1791382013.196 7374452
1791382013.252 7374452
1791382013.307 7374452
1791382013.363 7374452
1791382013.419 7374452
1791382013.474 7374452
1791382013.530 7374452
1791382013.585 7374452
1791382013.641 7374452
1791382013.697 7374452
1791382013.752 7374452
1791382013.808 7374452
1791382013.863 7374452
1791382013.919 7374452
1791382013.975 7374452
1791382014.031 7374452
1791382014.086 7374452
1791382014.142 7374452
1791382014.197 7374452
1791382014.253 7374452
1791382014.309 7374452
1791382014.364 7374452
1791382014.420 7374452
1791382014.475 7374452
1791382014.531 7374452
1791382014.587 7374452
1791382014.642 7374452
1791382014.698 7374452
1791382014.753 7374452
1791382014.807 7374452
1791382014.861 7374452
1791382014.914 7374452
1791382014.970 7374452
1791382015.025 7374452
1791382015.078 7374452
1791382015.134 7374452
1791382015.188 7374452
1791382015.244 7374452
1791382015.299 7374452
1791382015.355 7374452
1791382015.410 7374452
1791382015.466 7374452
1791382015.522 7374452
1791382015.577 7374452
1791382015.633 7374452
1791382015.688 7374452
1791382015.744 7374452
1791382015.800 7374452
1791382015.855 7374452
1791382015.911 7374452
1791382015.965 7374452
1791382016.018 7374452
1791382016.072 7374452
1791382016.127 7374452
1791382016.183 7374452
1791382016.238 7374452
1791382016.294 7374452
1791382016.347 7374452
1791382016.403 7374452
1791382016.459 7374452
1791382016.510 7374452
1791382016.562 7374452
1791382016.617 7374452
1791382016.673 7374452
1791382016.729 7374452
1791382016.784 7374452
1791382016.840 7374452
1791382016.895 7374452
1791382016.951 7374452
1791382017.007 7374452
1791382017.062 7374452
1791382017.118 7374452
1791382017.174 7374452
1791382017.229 7374452
1791382017.285 7374452
1791382017.341 7374452
1791382017.396 7374452
1791382017.452 7374452
1791382017.508 7374452
1791382017.563 7374452
1791382017.619 7374452
1791382017.674 7374452
1791382017.730 7374452
1791382017.786 7374452
1791382017.841 7374452
1791382017.897 7374452
1791382017.952 7374452
1791382018.008 7374452
1791382018.064 7374452
1791382018.119 7374452
1791382018.175 7374452
1791382018.230 7374452
1791382018.286 7374452
1791382018.342 7374452
1791382018.397 7374452
1791382018.453 7374452
1791382018.508 7374452
1791382018.564 7374452
1791382018.620 7374452
1791382018.675 7374452
1791382018.731 7374452
1791382018.786 7374452
1791382018.842 7374452
1791382018.898 7374452
1791382018.953 7374452
1791382019.008 7374452
1791382019.062 7374452
1791382019.117 7374452
1791382019.173 7374452
1791382019.230 7374452
1791382019.286 7374452
1791382019.342 7374452
1791382019.397 7374452
1791382019.451 7374452
1791382019.507 7374452
1791382019.563 7374452
1791382019.619 7374452
1791382019.674 7374452
1791382019.730 7374452
1791382019.786 7374452
1791382019.841 7374452
1791382019.897 7374452
1791382019.953 7374452
1791382020.008 7374452
1791382020.064 7374452
1791382020.120 7374452
1791382020.176 7374452
1791382020.231 7374452
1791382020.283 7374452
1791382020.336 7374452
1791382020.392 7374452
1791382020.448 7374452
1791382020.503 7374452
1791382020.559 7374452
1791382020.614 7374452
1791382020.670 7374452
1791382020.726 7374452
1791382020.781 7374452
1791382020.837 7374452
1791382020.892 7374452
1791382020.946 7374452
1791382021.002 7374452
1791382021.058 7374452
1791382021.114 7374452
1791382021.169 7374452
1791382021.225 7374452
1791382021.281 7374452
1791382021.336 7374452
1791382021.392 7374452
1791382021.448 7374452
1791382021.503 7374452
1791382021.559 7374452
1791382021.615 7374452
1791382021.670 7374452
1791382021.726 7374452
1791382021.781 7374452
1791382021.837 7374452
1791382021.893 7374452
1791382021.948 7374452
1791382022.004 7374452
1791382022.060 7374452
1791382022.115 7374452
1791382022.171 7374452
1791382022.227 7374452
1791382022.283 7374452
1791382022.338 7374452
1791382022.394 7374452
1791382022.449 7374452
1791382022.505 7374452
1791382022.561 7374452
1791382022.616 7374452
1791382022.672 7374452
1791382022.727 7374452
1791382022.783 7374452
1791382022.839 7374452
1791382022.894 7374452
1791382022.950 7374452
1791382023.006 7374452
1791382023.061 7374452
1791382023.117 7374452
1791382023.173 7374452
1791382023.228 7374452
1791382023.284 7374452
1791382023.339 7374452
1791382023.395 7374452
1791382023.451 7374452
1791382023.506 7374452
1791382023.562 7374452
1791382023.617 7374452
1791382023.673 7374452
1791382023.729 7374452
1791382023.784 7374452
1791382023.840 7374452
1791382023.895 7374452
1791382023.951 7374452
1791382024.006 7374452
1791382024.062 7374452
1791382024.118 7374452
1791382024.173 7374452
1791382024.229 7374452
1791382024.285 7374452
1791382024.340 7374452
1791382024.396 7374452
1791382024.451 7374452
1791382024.507 7374452
1791382024.563 7374452
1791382024.618 7374452
1791382024.674 7374452
1791382024.730 7374452
1791382024.785 7374452
1791382024.841 7374452
1791382024.896 7374452
1791382024.952 7374452
1791382025.008 7374452
1791382025.064 7374452
1791382025.120 7374452
1791382025.176 7374452
1791382025.232 7374452
1791382025.287 7374452
1791382025.343 7374452
1791382025.399 7374452
1791382025.454 7374452
1791382025.510 7374452
1791382025.566 7374452
1791382025.621 7374452
1791382025.677 7374452
1791382025.732 7374452
1791382025.788 7374452
1791382025.843 7374452
1791382025.899 7374452
1791382025.953 7374452
1791382026.005 7374452
1791382026.060 7374452
1791382026.114 7374452
1791382026.169 7374452
1791382026.225 7374452
1791382026.281 7374452
1791382026.336 7374452
1791382026.392 7374452
1791382026.448 7374452
1791382026.504 7374452
1791382026.559 7374452
1791382026.615 7374452
1791382026.670 7374452
1791382026.726 7374452
1791382026.782 7374452
1791382026.837 7374452
1791382026.893 7374452
1791382026.948 7374452
1791382027.004 7374452
1791382027.060 7374452
1791382027.115 7374452
1791382027.168 7374452
1791382027.223 7374452
1791382027.279 7374452
1791382027.335 7374452
1791382027.390 7374452
1791382027.446 7374452
1791382027.502 7374452
1791382027.557 7374452
1791382027.613 7374452
1791382027.669 7374452
1791382027.724 7374452
1791382027.780 7374452
1791382027.836 7374452
1791382027.891 7374452
1791382027.947 7374452
1791382028.003 7374452
1791382028.059 7374452
1791382028.114 7374452
1791382028.170 7374452
1791382028.226 7374452
1791382028.277 7374452
1791382028.333 7374452
1791382028.388 7374452
1791382028.444 7374452
1791382028.500 7374452
1791382028.555 7374452
1791382028.611 7374452
1791382028.667 7374452
1791382028.722 7374452
1791382028.778 7374452
1791382028.833 7374452
1791382028.889 7374452
1791382028.945 7374452
1791382029.001 7374452
1791382029.057 7374452
1791382029.113 7374452
1791382029.168 7374452
1791382029.224 7374452
1791382029.280 7374452
1791382029.335 7374452
1791382029.391 7374452
1791382029.446 7374452
1791382029.502 7374452
1791382029.558 7374452
1791382029.613 7374452
1791382029.669 7374452
1791382029.725 7374452
1791382029.780 7374452
1791382029.836 7374452
1791382029.892 7374452
1791382029.947 7374452
1791382030.003 7374452
1791382030.056 7374452
1791382030.112 7374452
1791382030.168 7374452
1791382030.224 7374452
1791382030.279 7374452
1791382030.335 7374452
1791382030.390 7374452
1791382030.446 7374452
1791382030.501 7374452
1791382030.557 7374452
1791382030.613 7374452
1791382030.668 7374452
1791382030.724 7374452
1791382030.779 7374452
1791382030.835 7374452
1791382030.891 7374452
1791382030.946 7374452
1791382031.003 7374452
1791382031.058 7374452
1791382031.114 7374452
1791382031.169 7374452
1791382031.225 7374452
1791382031.281 7374452
1791382031.336 7374452
1791382031.392 7374452
1791382031.448 7374452
1791382031.504 7374452
1791382031.559 7374452
1791382031.615 7374452
1791382031.670 7374452
1791382031.726 7374452
1791382031.782 7374452
1791382031.837 7374452
1791382031.893 7374452
1791382031.949 7374452
1791382032.004 7374452
1791382032.060 7374452
1791382032.120 7374452
1791382032.176 7374452
1791382032.231 7374452
1791382032.287 7374452
1791382032.343 7374452
1791382032.398 7374452
1791382032.454 7374452
1791382032.509 7374452
1791382032.565 7374452
1791382032.621 7374452
1791382032.676 7374452
1791382032.732 7374452
1791382032.787 7374452
1791382032.843 7374452
1791382032.899 7374452
1791382032.954 7374452
1791382033.010 7374452
1791382033.061 7374452
1791382033.117 7374452
1791382033.173 7374452
1791382033.228 7374452
1791382033.284 7374452
1791382033.340 7374452
1791382033.395 7374452
1791382033.451 7374452
1791382033.506 7374452
1791382033.558 7374452
1791382033.613 7374452
1791382033.664 7374452
1791382033.720 7374452
1791382033.777 7374452
1791382033.832 7374452
1791382033.884 7374452
1791382033.940 7374452
1791382033.995 7374452
1791382034.051 7374452
1791382034.107 7374452
1791382034.163 7374452
1791382034.218 7374452
1791382034.275 7374452
1791382034.331 7374452
1791382034.387 7374452
1791382034.439 7374452
1791382034.495 7374452
1791382034.550 7374452
1791382034.606 7374452
1791382034.661 7374452
1791382034.717 7374452
1791382034.773 7374452
1791382034.828 7374452
1791382034.884 7374452
1791382034.939 7374452
1791382034.995 7374452
1791382035.050 7374452
1791382035.106 7374452
1791382035.162 7374452
1791382035.217 7374452
1791382035.273 7374452
1791382035.328 7374452
1791382035.384 7374452
1791382035.439 7374452
1791382035.495 7374452
1791382035.551 7374452
1791382035.606 7374452
1791382035.662 7374452
1791382035.717 7374452
1791382035.773 7374452
1791382035.829 7374452
1791382035.884 7374452
1791382035.940 7374452
1791382035.995 7374452
1791382036.051 7374452
1791382036.107 7374452
1791382036.162 7374452
1791382036.218 7374452
1791382036.273 7374452
1791382036.329 7374452
1791382036.385 7374452
1791382036.440 7374452
1791382036.496 7374452
1791382036.551 7374452
1791382036.607 7374452
1791382036.663 7374452
1791382036.718 7374452
1791382036.773 7374452
1791382036.829 7374452
1791382036.885 7374452
1791382036.940 7374452
1791382036.996 7374452
1791382037.048 7374452
1791382037.103 7374452
1791382037.159 7374452
1791382037.215 7374452
1791382037.270 7374452
1791382037.326 7374452
1791382037.381 7374452
1791382037.437 7374452
1791382037.492 7374452
1791382037.548 7374452
1791382037.604 7374452
1791382037.659 7374452
1791382037.715 7374452
1791382037.770 7374452
1791382037.826 7374452
1791382037.882 7374452
1791382037.937 7374452
1791382037.993 7374452
1791382038.049 7374452
1791382038.104 7374452
1791382038.160 7374452
1791382038.215 7374452
1791382038.271 7374452
1791382038.327 7374452
1791382038.382 7374452
1791382038.438 7374452
1791382038.493 7374452
1791382038.549 7374452
1791382038.605 7374452
1791382038.660 7374452
1791382038.716 7374452
1791382038.771 7374452
1791382038.827 7374452
1791382038.883 7374452
1791382038.938 7374452
1791382038.994 7374452
1791382039.045 7374452
1791382039.097 7374452
1791382039.151 7374452
1791382039.203 7374452
1791382039.259 7374452
1791382039.315 7374452
1791382039.370 7374452
1791382039.426 7374452
1791382039.482 7374452
1791382039.537 7374452
1791382039.593 7374452
1791382039.648 7374452
1791382039.704 7374452
1791382039.760 7374452
1791382039.815 7374452
1791382039.871 7374452
1791382039.924 7374452
1791382039.980 7374452
1791382040.035 7374452
1791382040.091 7374452
1791382040.146 7374452
1791382040.202 7374452
1791382040.258 7374452
1791382040.313 7374452
1791382040.369 7374452
1791382040.424 7374452
1791382040.480 7374452
1791382040.536 7374452
1791382040.591 7374452
1791382040.647 7374452
1791382040.702 7374452
1791382040.758 7374452
1791382040.814 7374452
1791382040.869 7374452
1791382040.925 7374452
1791382040.981 7374452
1791382041.036 7374452
1791382041.092 7374452
1791382041.147 7374452
1791382041.203 7374452
1791382041.259 7374452
1791382041.314 7374452
1791382041.370 7374452
1791382041.425 7374452
1791382041.481 7374452
1791382041.537 7374452
1791382041.592 7374452
1791382041.648 7374452
1791382041.703 7374452
1791382041.759 7374452
1791382041.815 7374452
1791382041.870 7374452
1791382041.926 7374452
1791382041.981 7374452
1791382042.037 7374452
1791382042.093 7374452
1791382042.148 7374452
1791382042.204 7374452
1791382042.260 7374452
1791382042.316 7374452
1791382042.371 7374452
1791382042.427 7374452
1791382042.482 7374452
1791382042.538 7374452
1791382042.594 7374452
1791382042.649 7374452
1791382042.705 7374452
1791382042.760 7374452
1791382042.816 7374452
1791382042.872 7374452
1791382042.927 7374452
1791382042.983 7374452
1791382043.038 7374452
1791382043.094 7374452
1791382043.150 7374452
1791382043.205 7374452
1791382043.261 7374452
1791382043.317 7374452
1791382043.372 7374452
1791382043.428 7374452
1791382043.483 7374452
1791382043.539 7374452
1791382043.595 7374452
1791382043.650 7374452
1791382043.706 7374452
1791382043.761 7374452
1791382043.817 7374452
1791382043.873 7374452
1791382043.928 7374452
1791382043.984 7374452
1791382044.040 7374452
1791382044.095 7374452
1791382044.151 7374452
1791382044.206 7374452
1791382044.262 7374452
1791382044.317 7374452
1791382044.373 7374452
1791382044.429 7374452
1791382044.484 7374452
1791382044.540 7374452
1791382044.596 7374452
1791382044.651 7374452
1791382044.707 7374452
1791382044.762 7374452
1791382044.818 7374452
1791382044.874 7374452
1791382044.929 7374452
1791382044.985 7374452
1791382045.040 7374452
1791382045.096 7374452
1791382045.152 7374452
1791382045.207 7374452
1791382045.263 7374452
1791382045.319 7374452
1791382045.370 7374452
1791382045.426 7374452
1791382045.482 7374452
1791382045.537 7374452
1791382045.593 7374452
1791382045.647 7374452
1791382045.702 7374452
1791382045.757 7374452
1791382045.813 7374452
1791382045.868 7374452
1791382045.924 7374452
1791382045.980 7374452
1791382046.035 7374452
1791382046.091 7374452
1791382046.147 7374452
1791382046.200 7374452
1791382046.255 7374452
1791382046.307 7374452
1791382046.363 7374452
1791382046.418 7374452
1791382046.472 7374452
1791382046.528 7374452
1791382046.583 7374452
1791382046.635 7374452
1791382046.688 7374452
1791382046.744 7374452
1791382046.800 7374452
1791382046.855 7374452
1791382046.911 7374452
1791382046.968 7374452
1791382047.023 7374452
1791382047.077 7374452
1791382047.134 7374452
1791382047.190 7374452
1791382047.245 7374452
1791382047.301 7374452
1791382047.353 7374452
1791382047.409 7374452
1791382047.465 7374452
1791382047.521 7374452
1791382047.576 7374452
1791382047.632 7374452
1791382047.688 7374452
1791382047.744 7374452
1791382047.800 7374452
1791382047.856 7374452
1791382047.912 7374452
1791382047.967 7374452
1791382048.023 7374452
1791382048.079 7374452
1791382048.135 7374452
1791382048.191 7374452
1791382048.246 7374452
1791382048.302 7374452
1791382048.358 7374452
1791382048.414 7374452
1791382048.467 7374452
1791382048.523 7374452
1791382048.576 7374452
1791382048.632 7374452
1791382048.686 7374452
1791382048.742 7374452
1791382048.797 7374452
1791382048.853 7374452
1791382048.909 7374452
1791382048.965 7374452
1791382049.020 7374452
1791382049.076 7374452
1791382049.132 7374452
1791382049.188 7374452
1791382049.244 7374452
1791382049.300 7374452
1791382049.355 7374452
1791382049.411 7374452
1791382049.467 7374452
1791382049.522 7374452
1791382049.578 7374452
1791382049.633 7374452
1791382049.689 7374452
1791382049.745 7374452
1791382049.801 7374452
1791382049.857 7374452
1791382049.913 7374452
1791382049.968 7374452
1791382050.024 7374452
1791382050.080 7374452
1791382050.131 7374452
1791382050.183 7374452
1791382050.235 7374452
1791382050.291 7374452
1791382050.346 7374452
1791382050.402 7374452
1791382050.458 7374452
1791382050.514 7374452
1791382050.570 7374452
1791382050.626 7374452
1791382050.679 7374452
1791382050.735 7374452
1791382050.791 7374452
1791382050.847 7374452
1791382050.903 7374452
1791382050.959 7374452
1791382051.015 7374452
1791382051.068 7374452
1791382051.126 7374452
1791382051.181 7374452
1791382051.237 7374452
1791382051.293 7374452
1791382051.348 7374452
1791382051.404 7374452
1791382051.460 7374452
1791382051.511 7374452
1791382051.567 7374452
1791382051.623 7374452
1791382051.678 7374452
1791382051.734 7374452
1791382051.790 7374452
1791382051.845 7374452
1791382051.901 7374452
1791382051.957 7374452
1791382052.013 7374452
1791382052.068 7374452
1791382052.124 7374452
1791382052.179 7374452
1791382052.235 7374452
1791382052.291 7374452
1791382052.346 7374452
1791382052.402 7374452
1791382052.458 7374452
1791382052.514 7374452
1791382052.569 7374452
1791382052.625 7374452
1791382052.681 7374452
1791382052.736 7374452
1791382052.792 7374452
1791382052.848 7374452
1791382052.903 7374452
1791382052.959 7374452
1791382053.015 7374452
1791382053.070 7374452
1791382053.126 7374452
1791382053.182 7374452
1791382053.237 7374452
1791382053.293 7374452
1791382053.349 7374452
1791382053.404 7374452
1791382053.460 7374452
1791382053.516 7374452
1791382053.571 7374452
1791382053.627 7374452
1791382053.682 7374452
1791382053.738 7374452
1791382053.794 7374452
1791382053.849 7374452
1791382053.905 7374452
1791382053.961 7374452
1791382054.018 7374452
1791382054.074 7374452
1791382054.130 7374452
1791382054.185 7374452
1791382054.241 7374452
1791382054.296 7374452
1791382054.352 7374452
1791382054.407 7374452
1791382054.463 7374452
1791382054.519 7374452
1791382054.574 7374452
1791382054.630 7374452
1791382054.686 7374452
1791382054.741 7374452
1791382054.797 7374452
1791382054.853 7374452
1791382054.908 7374452
1791382054.964 7374452
1791382055.020 7374452
1791382055.075 7374452
1791382055.128 7374452
1791382055.180 7374452
1791382055.236 7374452
1791382055.292 7374452
1791382055.348 7374452
1791382055.403 7374452
1791382055.459 7374452
1791382055.515 7374452
1791382055.570 7374452
1791382055.626 7374452
1791382055.681 7374452
1791382055.737 7374452
1791382055.792 7374452
1791382055.848 7374452
1791382055.903 7374452
1791382055.959 7374452
1791382056.015 7374452
1791382056.071 7374452
1791382056.126 7374452
1791382056.180 7374452
1791382056.235 7374452
1791382056.291 7374452
1791382056.347 7374452
1791382056.402 7374452
1791382056.458 7374452
1791382056.513 7374452
1791382056.569 7374452
1791382056.625 7374452
1791382056.680 7374452
1791382056.736 7374452
1791382056.791 7374452
1791382056.847 7374452
1791382056.902 7374452
1791382056.958 7374452
1791382057.014 7374452
1791382057.070 7374452
1791382057.121 7374452
1791382057.173 7374452
1791382057.229 7374452
1791382057.285 7374452
1791382057.340 7374452
1791382057.396 7374452
1791382057.452 7374452
1791382057.507 7374452
1791382057.563 7374452
1791382057.618 7374452
1791382057.674 7374452
1791382057.729 7374452
1791382057.785 7374452
1791382057.840 7374452
1791382057.896 7374452
1791382057.951 7374452
1791382058.007 7374452
1791382058.063 7374452
1791382058.118 7374452
1791382058.174 7374452
1791382058.229 7374452
1791382058.285 7374452
1791382058.340 7374452
1791382058.396 7374452
1791382058.452 7374452
1791382058.508 7374452
1791382058.564 7374452
1791382058.620 7374452
1791382058.671 7374452
1791382058.723 7374452
1791382058.774 7374452
1791382058.826 7374452
1791382058.877 7374452
1791382058.929 7374452
1791382058.983 7374452
1791382059.039 7374452
1791382059.095 7374452
1791382059.146 7374452
1791382059.198 7374452
1791382059.249 7374452
1791382059.305 7374452
1791382059.361 7374452
1791382059.416 7374452
1791382059.472 7374452
1791382059.528 7374452
1791382059.583 7374452
1791382059.639 7374452
1791382059.694 7374452
1791382059.750 7374452
1791382059.805 7374452
1791382059.861 7374452
1791382059.917 7374452
1791382059.972 7374452
1791382060.028 7374452
1791382060.084 7374452
1791382060.140 7374452
1791382060.195 7374452
1791382060.251 7374452
1791382060.307 7374452
1791382060.362 7374452
1791382060.418 7374452
1791382060.473 7374452
1791382060.529 7374452
1791382060.584 7374452
1791382060.640 7374452
1791382060.696 7374452
1791382060.751 7374452
1791382060.807 7374452
1791382060.862 7374452
1791382060.918 7374452
1791382060.973 7374452
1791382061.029 7374452
1791382061.084 7374452
1791382061.140 7374452
1791382061.196 7374452
1791382061.251 7374452
1791382061.307 7374452
1791382061.362 7374452
1791382061.418 7374452
1791382061.474 7374452
1791382061.525 7374452
1791382061.581 7374452
1791382061.636 7374452
1791382061.692 7374452
1791382061.747 7374452
1791382061.803 7374452
1791382061.858 7374452
1791382061.914 7374452
1791382061.969 7374452
1791382062.025 7374452
1791382062.080 7374452
1791382062.136 7374452
1791382062.192 7374452
1791382062.247 7374452
1791382062.303 7374452
1791382062.358 7374452
1791382062.414 7374452
1791382062.469 7374452
1791382062.525 7374452
1791382062.580 7374452
1791382062.634 7374452
1791382062.690 7374452
1791382062.745 7374452
1791382062.801 7374452
1791382062.856 7374452
1791382062.912 7374452
1791382062.968 7374452
1791382063.023 7374452
1791382063.079 7374452
1791382063.135 7374452
1791382063.191 7374452
1791382063.242 7374452
1791382063.298 7374452
1791382063.353 7374452
1791382063.409 7374452
1791382063.464 7374452
1791382063.519 7374452
1791382063.575 7374452
1791382063.630 7374452
1791382063.686 7374452
1791382063.741 7374452
1791382063.797 7374452
1791382063.852 7374452
1791382063.908 7374452
1791382063.964 7374452
1791382064.021 7374452
1791382064.077 7374452
1791382064.132 7374452
1791382064.189 7374452
1791382064.244 7374452
1791382064.300 7374452
1791382064.355 7374452
1791382064.411 7374452
1791382064.467 7374452
1791382064.523 7374452
1791382064.579 7374452
1791382064.634 7374452
1791382064.690 7374452
1791382064.745 7374452
1791382064.801 7374452
1791382064.856 7374452
1791382064.912 7374452
1791382064.968 7374452
1791382065.026 7374452
1791382065.082 7374452
1791382065.138 7374452
1791382065.194 7374452
1791382065.249 7374452
1791382065.305 7374452
1791382065.361 7374452
1791382065.416 7374452
1791382065.472 7374452
1791382065.523 7374452
1791382065.579 7374452
1791382065.635 7374452
1791382065.690 7374452
1791382065.746 7374452
1791382065.802 7374452
1791382065.857 7374452
1791382065.913 7374452
1791382065.968 7374452
1791382066.027 7374452
1791382066.083 7374452
1791382066.138 7374452
1791382066.194 7374452
1791382066.249 7374452
1791382066.305 7374452
1791382066.361 7374452
1791382066.416 7374452
1791382066.472 7374452
1791382066.527 7374452
1791382066.583 7374452
1791382066.638 7374452
1791382066.694 7374452
1791382066.749 7374452
1791382066.805 7374452
1791382066.861 7374452
1791382066.916 7374452
1791382066.972 7374452
1791382067.028 7374452
1791382067.083 7374452
1791382067.139 7374452
1791382067.194 7374452
1791382067.250 7374452
1791382067.306 7374452
1791382067.361 7374452
1791382067.417 7374452
1791382067.472 7374452
1791382067.528 7374452
1791382067.584 7374452
1791382067.639 7374452
1791382067.695 7374452
1791382067.750 7374452
1791382067.806 7374452
1791382067.862 7374452
1791382067.917 7374452
1791382067.973 7374452
1791382068.028 7374452
1791382068.084 7374452
1791382068.139 7374452
1791382068.195 7374452
1791382068.250 7374452
1791382068.306 7374452
1791382068.361 7374452
1791382068.417 7374452
1791382068.472 7374452
1791382068.524 7374452
1791382068.580 7374452
1791382068.635 7374452
1791382068.691 7374452
1791382068.746 7374452
1791382068.802 7374452
1791382068.857 7374452
1791382068.912 7374452
1791382068.968 7374452
1791382069.024 7374452
1791382069.075 7374452
1791382069.131 7374452
1791382069.187 7374452
1791382069.243 7374452
1791382069.298 7374452
1791382069.352 7374452
1791382069.408 7374452
1791382069.463 7374452
1791382069.519 7374452
1791382069.574 7374452
1791382069.630 7374452
1791382069.685 7374452
1791382069.741 7374452
1791382069.797 7374452
1791382069.851 7374452
1791382069.906 7374452
1791382069.962 7374452
1791382070.018 7374452
1791382070.074 7374452
1791382070.129 7374452
1791382070.185 7374452
1791382070.240 7374452
1791382070.296 7374452
1791382070.351 7374452
1791382070.407 7374452
1791382070.462 7374452
1791382070.518 7374452
1791382070.574 7374452
1791382070.629 7374452
1791382070.685 7374452
1791382070.741 7374452
1791382070.797 7374452
1791382070.852 7374452
1791382070.908 7374452
1791382070.963 7374452
1791382071.019 7374452
1791382071.073 7374452
1791382071.129 7374452
1791382071.185 7374452
1791382071.241 7374452
1791382071.295 7374452
1791382071.351 7374452
1791382071.407 7374452
1791382071.460 7374452
1791382071.515 7374452
1791382071.567 7374452
1791382071.618 7374452
1791382071.674 7374452
1791382071.729 7374452
1791382071.785 7374452
1791382071.841 7374452
1791382071.896 7374452
1791382071.952 7374452
1791382072.007 7374452
1791382072.063 7374452
1791382072.119 7374452
1791382072.174 7374452
1791382072.230 7374452
1791382072.285 7374452
1791382072.341 7374452
1791382072.396 7374452
1791382072.452 7374452
1791382072.507 7374452
1791382072.562 7374452
1791382072.618 7374452
1791382072.674 7374452
1791382072.730 7374452
1791382072.783 7374452
1791382072.839 7374452
1791382072.895 7374452
1791382072.951 7374452
1791382073.003 7374452
1791382073.059 7374452
1791382073.114 7374452
1791382073.170 7374452
1791382073.225 7374452
1791382073.281 7374452
1791382073.336 7374452
1791382073.392 7374452
1791382073.448 7374452
1791382073.503 7374452
1791382073.559 7374452
1791382073.614 7374452
1791382073.671 7374452
1791382073.726 7374452
1791382073.781 7374452
1791382073.836 7374452
1791382073.892 7374452
1791382073.948 7374452
1791382074.003 7374452
1791382074.059 7374452
1791382074.114 7374452
1791382074.169 7374452
1791382074.221 7374452
1791382074.277 7374452
1791382074.332 7374452
1791382074.386 7374452
1791382074.441 7374452
1791382074.496 7374452
1791382074.552 7374452
1791382074.607 7374452
1791382074.663 7374452
1791382074.718 7374452
1791382074.774 7374452
1791382074.830 7374452
1791382074.885 7374452
1791382074.941 7374452
1791382074.996 7374452
1791382075.052 7374452
1791382075.107 7374452
1791382075.163 7374452
1791382075.218 7374452
1791382075.274 7374452
1791382075.329 7374452
1791382075.385 7374452
1791382075.441 7374452
1791382075.496 7374452
1791382075.552 7374452
1791382075.607 7374452
1791382075.662 7374452
1791382075.715 7374452
1791382075.771 7374452
1791382075.827 7374452
1791382075.882 7374452
1791382075.935 7374452
1791382075.991 7374452
1791382076.047 7374452
1791382076.102 7374452
1791382076.158 7374452
1791382076.212 7374452
1791382076.268 7374452
1791382076.322 7374452
1791382076.378 7374452
1791382076.431 7374452
1791382076.485 7374452
1791382076.541 7374452
1791382076.595 7374452
1791382076.650 7374452
1791382076.706 7374452
1791382076.761 7374452
1791382076.817 7374452
1791382076.873 7374452
1791382076.929 7374452
1791382076.985 7374452
1791382077.040 7374452
1791382077.096 7374452
1791382077.152 7374452
1791382077.207 7374452
1791382077.261 7374452
1791382077.316 7374452
1791382077.372 7374452
1791382077.425 7374452
1791382077.479 7374452
1791382077.535 7374452
1791382077.591 7374452
1791382077.646 7374452
1791382077.702 7374452
1791382077.757 7374452
1791382077.813 7374452
1791382077.869 7374452
1791382077.924 7374452
1791382077.980 7374452
1791382078.036 7374452
1791382078.092 7374452
1791382078.148 7374452
1791382078.203 7374452
1791382078.259 7374452
1791382078.314 7374452
1791382078.370 7374452
1791382078.425 7374452
1791382078.481 7374452
1791382078.537 7374452
1791382078.592 7374452
1791382078.648 7374452
1791382078.703 7374452
1791382078.759 7374452
1791382078.814 7374452
1791382078.870 7374452
1791382078.926 7374452
1791382078.981 7374452
1791382079.037 7374452
1791382079.092 7374452
1791382079.148 7374452
1791382079.203 7374452
1791382079.259 7374452
1791382079.314 7374452
1791382079.370 7374452
1791382079.425 7374452
1791382079.481 7374452
1791382079.536 7374452
1791382079.592 7374452
1791382079.647 7374452
1791382079.703 7374452
1791382079.758 7374452
1791382079.814 7374452
1791382079.869 7374452
1791382079.925 7374452
1791382079.980 7374452
1791382080.036 7374452
1791382080.091 7374452
1791382080.147 7374452
1791382080.203 7374452
1791382080.258 7374452
1791382080.314 7374452
1791382080.369 7374452
1791382080.425 7374452
1791382080.480 7374452
1791382080.536 7374452
1791382080.592 7374452
1791382080.647 7374452
1791382080.703 7374452
1791382080.758 7374452
1791382080.814 7374452
1791382080.869 7374452
1791382080.925 7374452
1791382080.980 7374452
1791382081.036 7374452
1791382081.092 7374452
1791382081.148 7374452
1791382081.203 7374452
1791382081.259 7374452
1791382081.314 7374452
1791382081.370 7374452
1791382081.425 7374452
1791382081.481 7374452
1791382081.537 7374452
1791382081.592 7374452
1791382081.648 7374452
1791382081.703 7374452
1791382081.758 7374452
1791382081.814 7374452
1791382081.870 7374452
1791382081.925 7374452
1791382081.981 7374452
1791382082.037 7374452
1791382082.092 7374452
1791382082.148 7374452
1791382082.203 7374452
1791382082.259 7374452
1791382082.315 7374452
1791382082.370 7374452
1791382082.426 7374452
1791382082.482 7374452
1791382082.537 7374452
1791382082.593 7374452
1791382082.648 7374452
1791382082.704 7374452
1791382082.759 7374452
1791382082.815 7374452
1791382082.870 7374452
1791382082.926 7374452
1791382082.982 7374452
1791382083.037 7374452
1791382083.093 7374452
1791382083.148 7374452
1791382083.204 7374452
1791382083.260 7374452
1791382083.314 7374452
1791382083.369 7374452
1791382083.425 7374452
1791382083.480 7374452
1791382083.536 7374452
1791382083.591 7374452
1791382083.647 7374452
1791382083.702 7374452
1791382083.758 7374452
1791382083.813 7374452
1791382083.869 7374452
1791382083.925 7374452
1791382083.980 7374452
1791382084.036 7374452
1791382084.091 7374452
1791382084.147 7374452
1791382084.202 7374452
1791382084.258 7374452
1791382084.314 7374452
1791382084.369 7374452
1791382084.425 7374452
1791382084.480 7374452
1791382084.536 7374452
1791382084.591 7374452
1791382084.647 7374452
1791382084.702 7374452
1791382084.758 7374452
1791382084.814 7374452
1791382084.868 7374452
1791382084.922 7374452
1791382084.978 7374452
1791382085.033 7374452
1791382085.089 7374452
1791382085.145 7374452
1791382085.198 7374452
1791382085.250 7374452
1791382085.303 7374452
1791382085.357 7374452
1791382085.414 7374452
1791382085.469 7374452
1791382085.524 7374452
1791382085.579 7374452
1791382085.635 7374452
1791382085.691 7374452
1791382085.746 7374452
1791382085.802 7374452
1791382085.856 7374452
1791382085.912 7374452
1791382085.967 7374452
1791382086.025 7374452
1791382086.076 7374452
1791382086.128 7374452
1791382086.184 7374452
1791382086.239 7374452
1791382086.295 7374452
1791382086.350 7374452
1791382086.406 7374452
1791382086.461 7374452
1791382086.517 7374452
1791382086.572 7374452
1791382086.628 7374452
1791382086.684 7374452
1791382086.739 7374452
1791382086.795 7374452
1791382086.850 7374452
1791382086.906 7374452
1791382086.961 7374452
1791382087.017 7374452
1791382087.072 7374452
1791382087.128 7374452
1791382087.183 7374452
1791382087.239 7374452
1791382087.294 7374452
1791382087.350 7374452
1791382087.405 7374452
1791382087.461 7374452
1791382087.516 7374452
1791382087.572 7374452
1791382087.627 7374452
1791382087.683 7374452
1791382087.738 7374452
1791382087.794 7374452
1791382087.849 7374452
1791382087.905 7374452
1791382087.960 7374452
1791382088.016 7374452
1791382088.071 7374452
1791382088.127 7374452
1791382088.182 7374452
1791382088.238 7374452
1791382088.293 7374452
1791382088.349 7374452
1791382088.404 7374452
1791382088.460 7374452
1791382088.515 7374452
1791382088.571 7374452
1791382088.626 7374452
1791382088.682 7374452
1791382088.737 7374452
1791382088.793 7374452
1791382088.849 7374452
1791382088.904 7374452
1791382088.960 7374452
1791382089.015 7374452
1791382089.071 7374452
1791382089.126 7374452
1791382089.182 7374452
1791382089.237 7374452
1791382089.293 7374452
1791382089.348 7374452
1791382089.404 7374452
1791382089.459 7374452
1791382089.515 7374452
1791382089.570 7374452
1791382089.626 7374452
1791382089.681 7374452
1791382089.737 7374452
1791382089.792 7374452
1791382089.848 7374452
1791382089.903 7374452
1791382089.959 7374452
1791382090.014 7374452
1791382090.070 7374452
1791382090.125 7374452
1791382090.181 7374452
1791382090.236 7374452
1791382090.292 7374452
1791382090.347 7374452
1791382090.403 7374452
1791382090.458 7374452
1791382090.514 7374452
1791382090.569 7374452
1791382090.625 7374452
1791382090.681 7374452
1791382090.736 7374452
1791382090.792 7374452
1791382090.847 7374452
1791382090.902 7374452
1791382090.958 7374452
1791382091.014 7374452
1791382091.069 7374452
1791382091.125 7374452
1791382091.180 7374452
1791382091.236 7374452
1791382091.291 7374452
1791382091.347 7374452
1791382091.402 7374452
1791382091.458 7374452
1791382091.513 7374452
1791382091.569 7374452
1791382091.625 7374452
1791382091.680 7374452
1791382091.736 7374452
1791382091.792 7374452
1791382091.848 7374452
1791382091.903 7374452
1791382091.959 7374452
1791382092.015 7374452
1791382092.070 7374452
1791382092.124 7374452
1791382092.180 7374452
1791382092.236 7374452
1791382092.291 7374452
1791382092.347 7374452
1791382092.402 7374452
1791382092.458 7374452
1791382092.513 7374452
1791382092.569 7374452
1791382092.625 7374452
1791382092.680 7374452
1791382092.736 7374452
1791382092.791 7374452
1791382092.847 7374452
1791382092.903 7374452
1791382092.959 7374452
1791382093.014 7374452
1791382093.070 7374452
1791382093.126 7374452
1791382093.182 7374452
1791382093.237 7374452
1791382093.293 7374452
1791382093.348 7374452
1791382093.404 7374452
1791382093.459 7374452
1791382093.515 7374452
1791382093.570 7374452
1791382093.626 7374452
1791382093.681 7374452
1791382093.735 7374452
1791382093.791 7374452
1791382093.846 7374452
1791382093.902 7374452
1791382093.957 7374452
1791382094.013 7374452
1791382094.068 7374452
1791382094.124 7374452
1791382094.180 7374452
1791382094.236 7374452
1791382094.292 7374452
1791382094.347 7374452
1791382094.403 7374452
1791382094.458 7374452
1791382094.514 7374452
1791382094.569 7374452
1791382094.625 7374452
1791382094.681 7374452
1791382094.736 7374452
1791382094.791 7374452
1791382094.847 7374452
1791382094.903 7374452
1791382094.958 7374452
1791382095.014 7374452
1791382095.069 7374452
1791382095.125 7374452
1791382095.180 7374452
1791382095.236 7374452
1791382095.291 7374452
1791382095.347 7374452
1791382095.402 7374452
1791382095.458 7374452
1791382095.513 7374452
1791382095.569 7374452
1791382095.624 7374452
1791382095.680 7374452
1791382095.735 7374452
1791382095.791 7374452
1791382095.846 7374452
1791382095.902 7374452
1791382095.958 7374452
1791382096.013 7374452
1791382096.069 7374452
1791382096.124 7374452
1791382096.180 7374452
1791382096.235 7374452
1791382096.291 7374452
1791382096.346 7374452
1791382096.402 7374452
1791382096.457 7374452
1791382096.513 7374452
1791382096.568 7374452
1791382096.624 7374452
1791382096.679 7374452
1791382096.735 7374452
1791382096.790 7374452
1791382096.846 7374452
1791382096.901 7374452
1791382096.957 7374452
1791382097.012 7374452
1791382097.068 7374452
1791382097.124 7374452
1791382097.179 7374452
1791382097.235 7374452
1791382097.290 7374452
1791382097.346 7374452
1791382097.400 7374452
1791382097.455 7374452
1791382097.511 7374452
1791382097.567 7374452
1791382097.622 7374452
1791382097.678 7374452
1791382097.733 7374452
1791382097.789 7374452
1791382097.844 7374452
1791382097.900 7374452
1791382097.955 7374452
1791382098.011 7374452
1791382098.066 7374452
1791382098.122 7374452
1791382098.177 7374452
1791382098.233 7374452
1791382098.288 7374452
1791382098.344 7374452
1791382098.400 7374452
1791382098.456 7374452
1791382098.511 7374452
1791382098.567 7374452
1791382098.622 7374452
1791382098.678 7374452
1791382098.733 7374452
1791382098.789 7374452
1791382098.844 7374452
1791382098.900 7374452
1791382098.955 7374452
1791382099.011 7374452
1791382099.066 7374452
1791382099.117 7374452
1791382099.173 7374452
1791382099.229 7374452
1791382099.284 7374452
1791382099.340 7374452
1791382099.396 7374452
1791382099.451 7374452
1791382099.507 7374452
1791382099.562 7374452
1791382099.618 7374452
1791382099.673 7374452
1791382099.729 7374452
1791382099.784 7374452
1791382099.840 7374452
1791382099.895 7374452
1791382099.951 7374452
1791382100.007 7374452
1791382100.063 7374452
1791382100.119 7374452
1791382100.174 7374452
1791382100.230 7374452
1791382100.285 7374452
1791382100.341 7374452
1791382100.397 7374452
1791382100.452 7374452
1791382100.508 7374452
1791382100.563 7374452
1791382100.619 7374452
1791382100.674 7374452
1791382100.730 7374452
1791382100.785 7374452
1791382100.841 7374452
1791382100.896 7374452
1791382100.952 7374452
1791382101.007 7374452
1791382101.063 7374452
1791382101.118 7374452
1791382101.174 7374452
1791382101.229 7374452
1791382101.285 7374452
1791382101.340 7374452
1791382101.396 7374452
1791382101.451 7374452
1791382101.507 7374452
1791382101.562 7374452
1791382101.618 7374452
1791382101.673 7374452
1791382101.729 7374452
1791382101.784 7374452
1791382101.840 7374452
1791382101.895 7374452
1791382101.951 7374452
1791382102.006 7374452
1791382102.062 7374452
1791382102.117 7374452
1791382102.173 7374452
1791382102.229 7374452
1791382102.284 7374452
1791382102.340 7374452
1791382102.395 7374452
1791382102.447 7374452
1791382102.503 7374452
1791382102.558 7374452
1791382102.614 7374452
1791382102.669 7374452
1791382102.725 7374452
1791382102.780 7374452
1791382102.836 7374452
1791382102.891 7374452
1791382102.947 7374452
1791382103.003 7374452
1791382103.058 7374452
1791382103.114 7374452
1791382103.169 7374452
1791382103.225 7374452
1791382103.280 7374452
1791382103.336 7374452
1791382103.391 7374452
1791382103.447 7374452
1791382103.502 7374452
1791382103.558 7374452
1791382103.613 7374452
1791382103.669 7374452
1791382103.724 7374452
1791382103.780 7374452
1791382103.835 7374452
1791382103.891 7374452
1791382103.946 7374452
1791382104.002 7374452
1791382104.057 7374452
1791382104.113 7374452
1791382104.168 7374452
1791382104.224 7374452
1791382104.280 7374452
1791382104.335 7374452
1791382104.391 7374452
1791382104.446 7374452
1791382104.502 7374452
1791382104.557 7374452
1791382104.613 7374452
1791382104.668 7374452
1791382104.724 7374452
1791382104.779 7374452
1791382104.835 7374452
1791382104.890 7374452
1791382104.946 7374452
1791382105.001 7374452
1791382105.057 7374452
1791382105.113 7374452
1791382105.168 7374452
1791382105.224 7374452
1791382105.279 7374452
1791382105.335 7374452
1791382105.390 7374452
1791382105.446 7374452
1791382105.501 7374452
1791382105.557 7374452
1791382105.612 7374452
1791382105.668 7374452
1791382105.723 7374452
1791382105.779 7374452
1791382105.834 7374452
1791382105.890 7374452
1791382105.945 7374452
1791382106.000 7374452
1791382106.056 7374452
1791382106.111 7374452
1791382106.167 7374452
1791382106.222 7374452
1791382106.278 7374452
1791382106.334 7374452
1791382106.389 7374452
1791382106.445 7374452
1791382106.500 7374452
1791382106.556 7374452
1791382106.611 7374452
1791382106.667 7374452
1791382106.722 7374452
1791382106.778 7374452
1791382106.833 7374452
1791382106.889 7374452
1791382106.944 7374452
1791382107.000 7374452
1791382107.056 7374452
1791382107.111 7374452
1791382107.167 7374452
1791382107.222 7374452
1791382107.278 7374452
1791382107.333 7374452
1791382107.389 7374452
1791382107.444 7374452
1791382107.500 7374452
1791382107.555 7374452
1791382107.611 7374452
1791382107.666 7374452
1791382107.722 7374452
1791382107.777 7374452
1791382107.833 7374452
1791382107.888 7374452
1791382107.944 7374452
1791382108.000 7374452
1791382108.055 7374452
1791382108.111 7374452
1791382108.168 7374452
1791382108.224 7374452
1791382108.279 7374452
1791382108.335 7374452
1791382108.390 7374452
1791382108.446 7374452
1791382108.501 7374452
1791382108.557 7374452
1791382108.612 7374452
1791382108.668 7374452
1791382108.725 7374452
1791382108.780 7374452
1791382108.836 7374452
1791382108.891 7374452
1791382108.947 7374452
1791382109.002 7374452
1791382109.058 7374452
1791382109.113 7374452
1791382109.169 7374452
1791382109.224 7374452
1791382109.280 7374452
1791382109.335 7374452
1791382109.391 7374452
1791382109.446 7374452
1791382109.502 7374452
1791382109.557 7374452
1791382109.613 7374452
1791382109.668 7374452
1791382109.724 7374452
1791382109.780 7374452
1791382109.835 7374452
1791382109.891 7374452
1791382109.946 7374452
1791382110.002 7374452
1791382110.057 7374452
1791382110.113 7374452
1791382110.168 7374452
1791382110.224 7374452
1791382110.279 7374452
1791382110.335 7374452
1791382110.390 7374452
1791382110.446 7374452
1791382110.501 7374452
1791382110.557 7374452
1791382110.612 7374452
1791382110.668 7374452
1791382110.724 7374452
1791382110.780 7374452
1791382110.835 7374452
1791382110.891 7374452
1791382110.946 7374452
1791382111.002 7374452
1791382111.057 7374452
1791382111.114 7374452
1791382111.169 7374452
1791382111.225 7374452
1791382111.280 7374452
1791382111.336 7374452
1791382111.392 7374452
1791382111.447 7374452
1791382111.503 7374452
1791382111.558 7374452
1791382111.614 7374452
1791382111.669 7374452
1791382111.725 7374452
1791382111.780 7374452
1791382111.836 7374452
1791382111.891 7374452
1791382111.947 7374452
1791382112.002 7374452
1791382112.058 7374452
1791382112.114 7374452
1791382112.169 7374452
1791382112.225 7374452
1791382112.280 7374452
1791382112.336 7374452
1791382112.391 7374452
1791382112.447 7374452
1791382112.502 7374452
1791382112.558 7374452
1791382112.613 7374452
1791382112.669 7374452
1791382112.725 7374452
1791382112.780 7374452
1791382112.836 7374452
1791382112.891 7374452
1791382112.947 7374452
1791382113.002 7374452
1791382113.058 7374452
1791382113.113 7374452
1791382113.169 7374452
1791382113.224 7374452
1791382113.280 7374452
1791382113.335 7374452
1791382113.391 7374452
1791382113.446 7374452
1791382113.502 7374452
1791382113.557 7374452
1791382113.613 7374452
1791382113.668 7374452
1791382113.724 7374452
1791382113.780 7374452
1791382113.835 7374452
1791382113.891 7374452
1791382113.946 7374452
1791382114.002 7374452
1791382114.057 7374452
1791382114.113 7374452
1791382114.169 7374452
1791382114.224 7374452
1791382114.280 7374452
1791382114.335 7374452
1791382114.388 7374452
1791382114.445 7374452
1791382114.502 7374452
1791382114.558 7374452
1791382114.613 7374452
1791382114.669 7374452
1791382114.725 7374452
1791382114.781 7374452
1791382114.838 7374452
1791382114.893 7374452
1791382114.949 7374452
1791382115.005 7374452
1791382115.060 7374452
1791382115.116 7374452
1791382115.172 7374452
1791382115.227 7374452
1791382115.280 7374452
1791382115.335 7374452
1791382115.391 7374452
1791382115.446 7374452
1791382115.502 7374452
1791382115.558 7374452
1791382115.613 7374452
1791382115.669 7374452
1791382115.725 7374452
1791382115.780 7374452
1791382115.836 7374452
1791382115.891 7374452
1791382115.947 7374452
1791382116.003 7374452
1791382116.058 7374452
1791382116.114 7374452
1791382116.169 7374452
1791382116.224 7374452
1791382116.280 7374452
1791382116.336 7374452
1791382116.392 7374452
1791382116.448 7374452
1791382116.503 7374452
1791382116.559 7374452
1791382116.614 7374452
1791382116.670 7374452
1791382116.725 7374452
1791382116.781 7374452
1791382116.836 7374452
1791382116.892 7374452
1791382116.947 7374452
1791382117.003 7374452
1791382117.058 7374452
1791382117.111 7374452
1791382117.163 7374452
1791382117.218 7374452
1791382117.274 7374452
1791382117.329 7374452
1791382117.385 7374452
1791382117.440 7374452
1791382117.496 7374452
1791382117.551 7374452
1791382117.607 7374452
1791382117.662 7374452
1791382117.718 7374452
1791382117.774 7374452
1791382117.829 7374452
1791382117.885 7374452
1791382117.941 7374452
1791382117.998 7374452
1791382118.053 7374452
1791382118.105 7374452
1791382118.161 7374452
1791382118.216 7374452
1791382118.272 7374452
1791382118.327 7374452
1791382118.383 7374452
1791382118.439 7374452
1791382118.494 7374452
1791382118.550 7374452
1791382118.606 7374452
1791382118.661 7374452
1791382118.717 7374452
1791382118.773 7374452
1791382118.829 7374452
1791382118.884 7374452
1791382118.940 7374452
1791382118.995 7374452
1791382119.052 7374452
1791382119.107 7374452
1791382119.163 7374452
1791382119.219 7374452
1791382119.274 7374452
1791382119.330 7374452
1791382119.386 7374452
1791382119.442 7374452
1791382119.497 7374452
1791382119.553 7374452
1791382119.608 7374452
1791382119.663 7374452
1791382119.719 7374452
1791382119.774 7374452
1791382119.830 7374452
1791382119.885 7374452
1791382119.941 7374452
1791382119.996 7374452
1791382120.052 7374452
1791382120.107 7374452
1791382120.163 7374452
1791382120.218 7374452
1791382120.274 7374452
1791382120.329 7374452
1791382120.385 7374452
1791382120.441 7374452
1791382120.496 7374452
1791382120.552 7374452
1791382120.607 7374452
1791382120.663 7374452
1791382120.718 7374452
1791382120.773 7374452
1791382120.829 7374452
1791382120.884 7374452
1791382120.940 7374452
1791382120.995 7374452
1791382121.051 7374452
1791382121.107 7374452
1791382121.162 7374452
1791382121.218 7374452
1791382121.273 7374452
1791382121.329 7374452
1791382121.384 7374452
1791382121.439 7374452
1791382121.495 7374452
1791382121.550 7374452
1791382121.606 7374452
1791382121.661 7374452
1791382121.717 7374452
1791382121.772 7374452
1791382121.828 7374452
1791382121.883 7374452
1791382121.939 7374452
1791382121.994 7374452
1791382122.050 7374452
1791382122.106 7374452
1791382122.161 7374452
1791382122.217 7374452
1791382122.272 7374452
1791382122.328 7374452
1791382122.383 7374452
1791382122.439 7374452
1791382122.494 7374452
1791382122.548 7374452
1791382122.603 7374452
1791382122.659 7374452
1791382122.715 7374452
1791382122.770 7374452
1791382122.826 7374452
1791382122.881 7374452
1791382122.934 7374452
1791382122.990 7374452
1791382123.046 7374452
1791382123.101 7374452
1791382123.157 7374452
1791382123.213 7374452
1791382123.265 7374452
1791382123.320 7374452
1791382123.376 7374452
1791382123.431 7374452
1791382123.488 7374452
1791382123.543 7374452
1791382123.599 7374452
1791382123.655 7374452
1791382123.710 7374452
1791382123.766 7374452
1791382123.821 7374452
1791382123.877 7374452
1791382123.938 7389428
1791382123.991 7201176
1791382124.043 4519256
1791382124.094 1811416
1791382124.146 4800
1791382124.196 4800
