1791379898.709 32396
1791379898.759 49676
1791379898.810 61196
1791379898.860 78476
1791379898.911 97236
1791379898.961 127068
1791379899.013 135800
1791379899.064 145592
1791379899.115 151784
1791379899.166 155240
1791379899.217 156584
1791379899.268 184616
1791379899.319 216368
1791379899.370 222128
1791379899.424 237840
1791379899.477 253388
1791379899.528 259724
1791379899.579 261644
1791379899.631 263944
1791379899.682 269128
1791379899.733 273928
1791379899.784 295048
1791379899.836 298504
1791379899.887 306952
1791379899.938 313288
1791379899.989 314824
1791379900.041 317896
1791379900.092 322504
1791379900.143 324808
1791379900.195 332872
1791379900.246 340016
1791379900.300 343280
1791379900.351 343856
1791379900.407 343856
1791379900.462 343856
1791379900.517 343856
1791379900.572 343856
1791379900.627 343856
1791379900.682 343856
1791379900.737 343856
1791379900.792 343856
1791379900.847 343856
1791379900.902 343856
1791379900.957 343856
1791379901.012 343856
1791379901.067 343856
1791379901.123 343856
1791379901.178 343856
1791379901.234 343856
1791379901.289 343856
1791379901.343 343856
1791379901.398 343856
1791379901.454 343856
1791379901.509 343856
1791379901.564 343856
1791379901.620 343856
1791379901.675 343856
1791379901.730 343856
1791379901.785 343856
1791379901.840 343856
1791379901.895 343856
1791379901.950 343856
1791379902.002 343856
1791379902.057 343856
1791379902.113 343856
1791379902.168 343856
1791379902.223 343856
1791379902.278 343856
1791379902.333 343856
1791379902.388 343856
1791379902.443 343856
1791379902.498 343856
1791379902.553 343856
1791379902.608 343856
1791379902.663 343856
1791379902.718 343856
1791379902.773 343856
1791379902.829 343856
1791379902.884 343856
1791379902.939 343856
1791379902.994 343856
1791379903.049 343856
1791379903.104 343856
1791379903.159 343856
1791379903.214 343856
1791379903.269 343856
1791379903.324 343856
1791379903.379 343856
1791379903.434 343856
1791379903.489 343856
1791379903.544 343856
1791379903.599 343856
1791379903.654 343856
1791379903.709 343856
1791379903.764 331540
1791379903.819 331540
1791379903.874 331540
1791379903.929 331540
1791379903.984 331540
1791379904.039 331540
1791379904.094 331540
1791379904.149 331540
1791379904.204 331540
1791379904.259 331540
1791379904.314 331540
1791379904.369 331540
1791379904.424 331540
1791379904.479 331540
1791379904.534 331540
1791379904.590 331540
1791379904.645 331540
1791379904.700 331540
1791379904.755 331540
1791379904.810 331540
1791379904.865 331540
1791379904.920 331540
1791379904.975 331540
1791379905.030 331540
1791379905.085 331540
1791379905.140 331540
1791379905.195 331540
1791379905.250 331540
1791379905.305 331540
1791379905.360 331540
1791379905.415 331540
1791379905.470 331540
1791379905.524 331540
1791379905.579 331540
1791379905.634 331540
1791379905.689 331540
1791379905.741 331540
1791379905.796 331540
1791379905.851 331540
1791379905.907 331540
1791379905.962 331540
1791379906.017 331540
1791379906.072 331540
1791379906.127 331540
1791379906.181 331540
1791379906.236 331540
1791379906.291 331540
1791379906.346 331540
1791379906.401 331540
1791379906.455 331540
1791379906.510 331540
1791379906.565 331540
1791379906.620 331540
1791379906.676 331540
1791379906.730 331540
1791379906.781 331540
1791379906.836 331540
1791379906.891 331540
1791379906.945 331540
1791379907.005 331540
1791379907.060 331540
1791379907.115 331540
1791379907.170 331540
1791379907.224 331540
1791379907.279 331540
1791379907.336 331540
1791379907.391 331540
1791379907.446 331540
1791379907.500 331540
1791379907.555 331540
1791379907.610 331540
1791379907.665 331540
1791379907.718 331540
1791379907.772 331540
1791379907.827 331540
1791379907.882 331540
1791379907.937 331540
1791379907.992 331540
1791379908.043 331540
1791379908.098 331540
1791379908.152 331540
1791379908.207 331540
1791379908.262 331540
1791379908.317 331540
1791379908.372 331540
1791379908.427 331540
1791379908.482 331732
1791379908.536 331732
1791379908.591 331732
1791379908.646 331732
1791379908.700 331732
1791379908.755 331732
1791379908.810 331924
1791379908.864 331924
1791379908.919 331924
1791379908.972 331924
1791379909.026 331924
1791379909.078 331924
1791379909.133 331924
1791379909.188 331924
1791379909.243 331924
1791379909.300 331924
1791379909.351 331924
1791379909.407 331924
1791379909.458 331924
1791379909.514 331924
1791379909.567 331924
1791379909.622 331924
1791379909.677 331924
1791379909.733 331924
1791379909.788 331924
1791379909.843 331924
1791379909.897 331924
1791379909.952 331924
1791379910.007 331924
1791379910.058 331924
1791379910.113 331924
1791379910.168 331924
1791379910.222 331924
1791379910.277 331924
1791379910.332 331924
1791379910.387 331924
1791379910.442 331924
1791379910.496 331924
1791379910.550 331924
1791379910.605 331924
1791379910.660 331924
1791379910.715 331924
1791379910.769 331924
1791379910.824 331924
1791379910.879 331924
1791379910.934 331924
1791379910.988 331924
1791379911.042 331924
1791379911.097 331924
1791379911.152 331924
1791379911.207 331924
1791379911.261 331924
1791379911.316 331924
1791379911.371 331924
1791379911.426 331924
1791379911.481 331924
1791379911.535 331924
1791379911.590 331924
1791379911.645 331924
1791379911.699 331924
1791379911.754 331924
1791379911.809 331924
1791379911.864 331924
1791379911.918 331924
1791379911.973 331924
1791379912.028 331924
1791379912.084 331924
1791379912.139 331924
1791379912.194 331924
1791379912.248 331924
1791379912.303 331924
1791379912.358 331924
1791379912.412 331924
1791379912.467 331924
1791379912.522 331924
1791379912.577 331924
1791379912.632 331924
1791379912.686 331924
1791379912.741 331924
1791379912.796 331924
1791379912.850 331924
1791379912.905 331924
1791379912.957 331924
1791379913.009 331924
1791379913.063 331924
1791379913.118 331924
1791379913.173 331924
1791379913.227 331924
1791379913.282 331924
1791379913.337 331924
1791379913.391 331924
1791379913.446 331924
1791379913.501 331924
1791379913.555 331924
1791379913.610 331924
1791379913.665 331924
1791379913.719 331924
1791379913.774 331924
1791379913.829 331924
1791379913.884 331924
1791379913.939 331924
1791379913.993 331924
1791379914.048 331924
1791379914.103 331924
1791379914.158 331924
1791379914.212 331924
1791379914.267 331924
1791379914.322 331924
1791379914.376 331924
1791379914.431 331924
1791379914.485 331924
1791379914.540 331924
1791379914.595 331924
1791379914.649 331924
1791379914.704 331924
1791379914.759 331924
1791379914.813 331924
1791379914.868 331924
1791379914.922 331924
1791379914.977 331924
1791379915.032 331924
1791379915.086 331924
1791379915.141 331924
1791379915.196 331924
1791379915.250 331924
1791379915.305 331924
1791379915.359 331924
1791379915.414 331924
1791379915.468 331924
1791379915.523 331924
1791379915.577 331924
1791379915.632 331924
1791379915.686 331924
1791379915.741 331924
1791379915.796 331924
1791379915.850 331924
1791379915.905 331924
1791379915.956 331924
1791379916.008 331924
1791379916.062 331924
1791379916.117 331924
1791379916.172 331924
1791379916.226 331924
1791379916.281 331924
1791379916.335 331924
1791379916.390 331924
1791379916.445 331924
1791379916.499 331924
1791379916.554 331924
1791379916.608 331924
1791379916.663 331924
1791379916.718 331924
1791379916.772 331924
1791379916.827 331924
1791379916.881 331924
1791379916.936 331924
1791379916.990 331924
1791379917.045 331924
1791379917.100 331924
1791379917.154 331924
1791379917.209 331924
1791379917.263 331924
1791379917.318 331924
1791379917.373 331924
1791379917.427 331924
1791379917.482 331924
1791379917.536 331924
1791379917.591 331924
1791379917.646 331924
1791379917.700 331924
1791379917.755 331924
1791379917.809 331924
1791379917.864 331924
1791379917.918 331924
1791379917.973 331924
1791379918.024 331924
1791379918.077 331924
1791379918.132 331924
1791379918.186 331924
1791379918.241 331924
1791379918.295 331924
1791379918.350 331924
1791379918.405 331924
1791379918.459 331924
1791379918.514 331924
1791379918.568 331924
1791379918.623 331924
1791379918.677 331924
1791379918.732 331924
1791379918.787 331924
1791379918.841 331924
1791379918.896 331924
1791379918.951 331924
1791379919.005 331924
1791379919.060 332116
1791379919.114 332116
1791379919.169 332116
1791379919.224 332116
1791379919.276 332116
1791379919.334 332116
1791379919.389 332116
1791379919.440 332116
1791379919.495 332116
1791379919.549 332116
1791379919.604 332116
1791379919.659 332116
1791379919.713 332116
1791379919.768 332116
1791379919.823 332116
1791379919.877 332116
1791379919.932 332116
1791379919.983 332116
1791379920.038 332116
1791379920.092 332116
1791379920.147 332116
1791379920.202 332116
1791379920.256 332116
1791379920.311 332116
1791379920.366 332116
1791379920.418 332116
1791379920.473 332116
1791379920.527 332116
1791379920.582 332116
1791379920.637 332116
1791379920.691 332116
1791379920.746 332116
1791379920.801 332116
1791379920.855 332116
1791379920.910 332116
1791379920.965 332116
1791379921.019 332116
1791379921.074 332116
1791379921.129 332116
1791379921.183 332116
1791379921.238 332116
1791379921.293 332116
1791379921.347 332116
1791379921.402 332116
1791379921.457 332116
1791379921.511 332116
1791379921.566 332116
1791379921.620 332116
1791379921.675 332116
1791379921.730 332116
1791379921.784 332116
1791379921.835 332116
1791379921.890 332116
1791379921.945 332116
1791379922.000 332116
1791379922.055 332116
1791379922.109 332116
1791379922.164 332116
1791379922.218 332116
1791379922.273 332116
1791379922.328 332116
1791379922.383 332116
1791379922.437 332116
1791379922.492 332116
1791379922.546 332116
1791379922.601 332116
1791379922.656 332116
1791379922.710 332116
1791379922.765 332116
1791379922.820 332116
1791379922.874 332116
1791379922.929 332116
1791379922.983 332116
1791379923.038 332116
1791379923.093 332116
1791379923.147 332116
1791379923.202 332116
1791379923.257 332116
1791379923.311 332116
1791379923.366 332116
1791379923.420 332116
1791379923.475 332116
1791379923.530 332116
1791379923.584 332116
1791379923.639 332116
1791379923.694 332116
1791379923.748 332116
1791379923.803 332116
1791379923.857 332116
1791379923.912 332116
1791379923.967 332116
1791379924.021 332116
1791379924.076 332116
1791379924.131 332116
1791379924.185 332116
1791379924.240 332116
1791379924.294 332116
1791379924.349 332116
1791379924.404 332116
1791379924.458 332116
1791379924.513 332116
1791379924.568 332116
1791379924.622 332116
1791379924.677 332116
1791379924.732 332116
1791379924.786 332116
1791379924.841 332116
1791379924.895 332116
1791379924.950 332116
1791379925.005 332116
1791379925.059 332116
1791379925.114 332116
1791379925.169 332116
1791379925.223 332116
1791379925.278 332116
1791379925.333 332116
1791379925.388 332116
1791379925.442 332116
1791379925.497 332116
1791379925.552 332116
1791379925.606 332116
1791379925.661 332116
1791379925.716 332116
1791379925.770 332116
1791379925.825 332116
1791379925.880 332116
1791379925.935 332116
1791379925.989 332116
1791379926.044 332116
1791379926.098 332116
1791379926.153 332116
1791379926.208 332116
1791379926.262 332116
1791379926.317 332116
1791379926.372 332116
1791379926.426 332116
1791379926.481 332116
1791379926.536 332116
1791379926.591 332116
1791379926.645 332116
1791379926.700 332116
1791379926.755 332116
1791379926.809 332116
1791379926.864 332116
1791379926.919 332116
1791379926.973 332116
1791379927.028 332116
1791379927.083 332116
1791379927.137 332116
1791379927.192 332116
1791379927.247 332116
1791379927.302 332116
1791379927.356 332116
1791379927.411 332116
1791379927.466 332116
1791379927.520 332116
1791379927.575 332116
1791379927.630 332116
1791379927.684 332116
1791379927.739 332116
1791379927.793 332116
1791379927.848 332116
1791379927.903 332116
1791379927.958 332116
1791379928.013 332116
1791379928.064 332116
1791379928.119 332116
1791379928.174 332116
1791379928.229 332116
1791379928.283 332116
1791379928.338 332116
1791379928.393 332116
1791379928.448 332116
1791379928.502 332116
1791379928.557 332116
1791379928.612 332116
1791379928.666 332116
1791379928.721 332116
1791379928.775 332116
1791379928.830 332116
1791379928.885 332116
1791379928.940 332116
1791379928.994 332116
1791379929.049 332116
1791379929.103 332116
1791379929.158 332116
1791379929.212 332116
1791379929.267 332116
1791379929.322 339796
1791379929.373 339988
1791379929.428 339988
1791379929.483 339988
1791379929.537 339988
1791379929.592 339988
1791379929.647 339988
1791379929.702 339988
1791379929.757 339988
1791379929.811 339988
1791379929.866 339988
1791379929.921 339988
1791379929.976 339988
1791379930.031 339988
1791379930.086 339988
1791379930.140 339988
1791379930.195 339988
1791379930.250 339988
1791379930.305 339988
1791379930.360 339988
1791379930.415 339988
1791379930.469 339988
1791379930.524 339988
1791379930.579 339988
1791379930.634 339988
1791379930.689 339988
1791379930.744 339988
1791379930.798 339988
1791379930.853 339988
1791379930.908 339988
1791379930.963 339988
1791379931.018 339988
1791379931.073 339988
1791379931.127 339988
1791379931.182 339988
1791379931.237 339988
1791379931.292 339988
1791379931.347 339988
1791379931.402 339988
1791379931.456 339988
1791379931.511 339988
1791379931.566 339988
1791379931.621 339988
1791379931.676 339988
1791379931.731 339988
1791379931.785 339988
1791379931.840 339988
1791379931.895 339988
1791379931.950 339988
1791379932.005 339988
1791379932.059 339988
1791379932.114 339988
1791379932.169 339988
1791379932.224 339988
1791379932.279 339988
1791379932.333 339988
1791379932.388 339988
1791379932.443 339988
1791379932.495 339988
1791379932.547 339988
1791379932.599 339988
1791379932.650 339988
1791379932.702 339988
1791379932.753 339988
1791379932.805 339988
1791379932.857 339988
1791379932.909 339988
1791379932.960 339988
1791379933.011 339988
1791379933.063 339988
1791379933.115 339988
1791379933.167 339988
1791379933.219 339988
1791379933.271 339988
1791379933.323 339988
1791379933.375 339988
1791379933.426 339988
1791379933.478 339988
1791379933.530 339988
1791379933.581 339988
1791379933.634 339988
1791379933.687 339988
1791379933.741 339988
1791379933.794 339988
1791379933.847 339988
1791379933.900 339988
1791379933.953 339988
1791379934.006 339988
1791379934.059 339988
1791379934.112 339988
1791379934.164 339988
1791379934.215 339988
1791379934.266 339988
1791379934.317 339988
1791379934.369 339988
1791379934.420 339988
1791379934.471 339988
1791379934.522 339988
1791379934.573 339988
1791379934.624 339988
1791379934.675 339988
1791379934.726 339988
1791379934.777 339988
1791379934.828 339988
1791379934.879 339988
1791379934.930 339988
1791379934.981 339988
1791379935.032 339988
1791379935.083 339988
1791379935.134 339988
1791379935.185 339988
1791379935.236 339988
1791379935.288 339988
1791379935.339 339988
1791379935.390 339988
1791379935.441 339988
1791379935.492 339988
1791379935.543 339988
1791379935.594 339988
1791379935.645 339988
1791379935.696 339988
1791379935.748 339988
1791379935.799 339988
1791379935.850 339988
1791379935.901 339988
1791379935.952 339988
1791379936.007 339988
1791379936.062 339988
1791379936.117 339988
1791379936.172 339988
1791379936.227 339988
1791379936.281 339988
1791379936.336 339988
1791379936.391 339988
1791379936.446 339988
1791379936.500 339988
1791379936.555 339988
1791379936.610 339988
1791379936.665 339988
1791379936.719 339988
1791379936.774 339988
1791379936.829 339988
1791379936.883 339988
1791379936.938 339988
1791379936.993 339988
1791379937.045 339988
1791379937.099 339988
1791379937.154 339988
1791379937.208 339988
1791379937.263 339988
1791379937.318 339988
1791379937.373 339988
1791379937.428 339988
1791379937.483 339988
1791379937.537 339988
1791379937.592 339988
1791379937.647 339988
1791379937.701 339988
1791379937.756 339988
1791379937.811 339988
1791379937.866 339988
1791379937.920 339988
1791379937.975 339988
1791379938.026 339988
1791379938.081 339988
1791379938.136 339988
1791379938.191 339988
1791379938.245 339988
1791379938.300 339988
1791379938.355 339988
1791379938.410 339988
1791379938.464 339988
1791379938.519 339988
1791379938.574 339988
1791379938.628 339988
1791379938.683 339988
1791379938.738 339988
1791379938.793 340180
1791379938.847 340180
1791379938.902 340180
1791379938.957 340180
1791379939.012 340180
1791379939.067 340180
1791379939.118 340180
1791379939.171 340180
1791379939.226 340180
1791379939.277 340180
1791379939.329 340180
1791379939.380 340180
1791379939.433 340180
1791379939.488 340180
1791379939.544 340180
1791379939.599 340180
1791379939.653 340180
1791379939.708 340180
1791379939.763 340180
1791379939.818 340180
1791379939.873 340180
1791379939.927 340180
1791379939.982 340180
1791379940.037 340180
1791379940.092 340180
1791379940.147 340180
1791379940.202 340180
1791379940.256 340180
1791379940.311 340180
1791379940.366 340180
1791379940.421 340180
1791379940.476 340180
1791379940.530 340180
1791379940.585 340180
1791379940.640 340180
1791379940.695 340180
1791379940.750 340180
1791379940.805 340180
1791379940.859 340180
1791379940.914 340180
1791379940.969 340180
1791379941.024 340180
1791379941.079 340180
1791379941.134 340180
1791379941.190 340180
1791379941.245 340180
1791379941.300 340180
1791379941.354 340180
1791379941.409 340180
1791379941.464 340180
1791379941.519 340180
1791379941.574 340180
1791379941.628 340180
1791379941.683 340180
1791379941.738 340180
1791379941.793 340180
1791379941.848 340180
1791379941.902 340180
1791379941.957 340180
1791379942.012 340180
1791379942.067 340180
1791379942.122 340180
1791379942.176 340180
1791379942.231 340180
1791379942.286 340180
1791379942.341 340180
1791379942.396 340180
1791379942.450 340180
1791379942.505 340180
1791379942.560 340180
1791379942.615 340180
1791379942.670 340180
1791379942.725 340180
1791379942.779 340180
1791379942.834 340180
1791379942.889 340180
1791379942.944 340180
1791379942.999 340180
1791379943.054 340180
1791379943.109 340180
1791379943.160 340180
1791379943.215 340180
1791379943.270 340180
1791379943.325 340180
1791379943.380 340180
1791379943.434 340180
1791379943.489 340180
1791379943.544 340180
1791379943.599 340180
1791379943.654 340180
1791379943.709 340180
1791379943.763 340180
1791379943.818 340180
1791379943.873 340180
1791379943.928 340180
1791379943.983 340180
1791379944.038 340180
1791379944.092 340180
1791379944.147 340180
1791379944.202 340180
1791379944.257 340180
1791379944.312 340180
1791379944.367 340180
1791379944.421 340180
1791379944.476 340180
1791379944.531 340180
1791379944.586 340180
1791379944.640 340180
1791379944.695 340180
1791379944.750 340180
1791379944.805 340180
1791379944.860 340180
1791379944.914 340180
1791379944.969 340180
1791379945.024 340180
1791379945.079 340180
1791379945.134 340180
1791379945.189 340180
1791379945.244 340180
1791379945.298 340180
1791379945.353 340180
1791379945.408 340180
1791379945.463 340180
1791379945.518 340180
1791379945.573 340180
1791379945.627 340180
1791379945.682 340180
1791379945.737 340180
1791379945.792 340180
1791379945.847 340180
1791379945.901 340180
1791379945.956 340180
1791379946.011 340180
1791379946.066 340180
1791379946.121 340180
1791379946.176 340180
1791379946.228 340180
1791379946.283 340180
1791379946.338 340180
1791379946.393 340180
1791379946.448 340180
1791379946.502 340180
1791379946.557 340180
1791379946.612 340180
1791379946.667 340180
1791379946.722 340180
1791379946.776 340180
1791379946.831 340180
1791379946.886 340180
1791379946.941 340180
1791379946.996 340180
1791379947.050 340180
1791379947.105 340180
1791379947.160 340180
1791379947.214 340180
1791379947.266 340180
1791379947.321 340180
1791379947.375 340180
1791379947.430 340180
1791379947.485 340180
1791379947.540 340180
1791379947.595 340180
1791379947.650 340180
1791379947.705 340180
1791379947.759 340180
1791379947.814 340180
1791379947.869 340180
1791379947.924 340180
1791379947.979 340180
1791379948.032 340180
1791379948.083 340180
1791379948.138 340180
1791379948.193 340180
1791379948.248 340180
1791379948.303 340180
1791379948.357 340180
1791379948.412 340180
1791379948.467 340180
1791379948.522 340180
1791379948.577 340180
1791379948.632 340180
1791379948.687 340180
1791379948.741 340180
1791379948.796 340180
1791379948.851 340180
1791379948.906 340180
1791379948.961 340180
1791379949.016 340180
1791379949.071 340180
1791379949.126 340180
1791379949.181 340180
1791379949.236 340180
1791379949.290 340180
1791379949.345 340180
1791379949.400 340180
1791379949.455 340180
1791379949.510 340180
1791379949.565 340180
1791379949.620 340180
1791379949.675 340180
1791379949.730 340180
1791379949.785 340180
1791379949.839 340180
1791379949.894 340180
1791379949.949 340180
1791379950.004 340180
1791379950.059 340180
1791379950.114 340180
1791379950.167 340180
1791379950.222 340180
1791379950.277 340180
1791379950.332 340180
1791379950.387 340180
1791379950.442 340180
1791379950.496 340180
1791379950.551 340180
1791379950.606 340180
1791379950.661 340180
1791379950.716 340180
1791379950.771 340180
1791379950.826 340180
1791379950.881 340180
1791379950.936 340180
1791379950.990 340180
1791379951.045 340180
1791379951.100 340180
1791379951.155 340180
1791379951.208 340180
1791379951.262 340180
1791379951.317 340180
1791379951.372 340180
1791379951.427 340180
1791379951.482 340180
1791379951.537 340180
1791379951.592 340180
1791379951.647 340180
1791379951.702 340180
1791379951.756 340180
1791379951.811 340180
1791379951.866 340180
1791379951.921 340180
1791379951.976 340180
1791379952.031 340180
1791379952.086 340180
1791379952.141 340180
1791379952.196 340180
1791379952.250 340180
1791379952.305 340180
1791379952.360 340180
1791379952.415 340180
1791379952.470 340180
1791379952.525 340180
1791379952.580 340180
1791379952.635 340180
1791379952.690 340180
1791379952.744 340180
1791379952.799 340180
1791379952.854 340180
1791379952.909 340180
1791379952.964 340180
1791379953.019 340180
1791379953.074 340180
1791379953.129 340180
1791379953.184 340180
1791379953.239 340180
1791379953.293 340180
1791379953.348 340180
1791379953.403 340180
1791379953.458 340180
1791379953.513 340180
1791379953.568 340180
1791379953.623 340180
1791379953.678 340180
1791379953.733 340180
1791379953.788 340180
1791379953.843 340180
1791379953.897 340180
1791379953.952 340180
1791379954.007 340180
1791379954.062 340180
1791379954.117 340180
1791379954.172 340180
1791379954.227 340180
1791379954.282 340180
1791379954.337 340180
1791379954.392 340180
1791379954.446 340180
1791379954.501 340180
1791379954.556 340180
1791379954.611 340180
1791379954.666 340180
1791379954.721 340180
1791379954.776 340180
1791379954.831 340180
1791379954.886 340180
1791379954.941 340180
1791379954.996 340180
1791379955.051 340180
1791379955.105 340180
1791379955.160 340180
1791379955.215 340180
1791379955.270 340180
1791379955.325 340180
1791379955.380 340180
1791379955.435 340180
1791379955.490 340180
1791379955.545 340180
1791379955.600 340180
1791379955.654 340180
1791379955.709 340180
1791379955.764 340180
1791379955.819 340180
1791379955.874 340180
1791379955.929 340180
1791379955.983 340180
1791379956.038 340180
1791379956.093 340180
1791379956.148 340180
1791379956.203 340180
1791379956.258 340180
1791379956.313 340180
1791379956.364 340180
1791379956.416 340180
1791379956.472 340180
1791379956.527 340180
1791379956.582 340180
1791379956.636 340180
1791379956.691 340180
1791379956.746 340180
1791379956.801 340180
1791379956.856 340180
1791379956.911 340180
1791379956.966 340180
1791379957.021 340180
1791379957.076 340180
1791379957.127 340180
1791379957.181 340180
1791379957.236 340180
1791379957.291 340180
1791379957.346 340180
1791379957.401 340180
1791379957.456 340180
1791379957.511 340180
1791379957.566 340180
1791379957.621 340180
1791379957.676 340180
1791379957.731 340180
1791379957.785 340180
1791379957.840 340180
1791379957.895 340180
1791379957.950 340180
1791379958.005 340180
1791379958.060 340180
1791379958.115 340180
1791379958.170 340180
1791379958.225 340180
1791379958.280 340180
1791379958.335 340180
1791379958.390 340180
1791379958.445 340180
1791379958.500 340180
1791379958.555 340180
1791379958.609 340180
1791379958.664 340180
1791379958.719 340180
1791379958.770 340180
1791379958.825 340180
1791379958.880 340180
1791379958.935 340180
1791379958.990 340180
1791379959.045 340372
1791379959.100 340372
1791379959.155 340372
1791379959.210 340372
1791379959.265 340372
1791379959.320 340372
1791379959.375 340372
1791379959.430 340372
1791379959.484 340372
1791379959.538 340372
1791379959.592 340372
1791379959.646 340372
1791379959.700 340372
1791379959.754 340372
1791379959.808 340372
1791379959.862 340372
1791379959.916 340372
1791379959.970 340372
1791379960.024 340372
1791379960.078 340372
1791379960.132 340372
1791379960.186 340372
1791379960.240 340372
1791379960.294 340372
1791379960.348 340372
1791379960.402 340372
1791379960.456 340372
1791379960.509 340372
1791379960.563 340372
1791379960.617 340372
1791379960.671 340372
1791379960.725 340372
1791379960.779 340372
1791379960.833 340372
1791379960.887 340372
1791379960.941 340372
1791379960.995 340372
1791379961.049 340372
1791379961.102 340372
1791379961.156 340372
1791379961.210 340372
1791379961.265 340372
1791379961.318 340372
1791379961.372 340372
1791379961.426 340372
1791379961.480 340372
1791379961.534 340372
1791379961.588 340372
1791379961.642 340372
1791379961.696 340372
1791379961.750 340372
1791379961.804 340372
1791379961.858 340372
1791379961.912 340372
1791379961.965 340372
1791379962.019 340372
1791379962.073 340372
1791379962.127 340372
1791379962.181 340372
1791379962.235 340372
1791379962.289 340372
1791379962.343 340372
1791379962.397 340372
1791379962.451 340372
1791379962.505 340372
1791379962.559 340372
1791379962.613 340372
1791379962.666 340372
1791379962.720 340372
1791379962.774 340372
1791379962.828 340372
1791379962.882 340372
1791379962.936 340372
1791379962.990 340372
1791379963.043 340372
1791379963.096 340372
1791379963.150 340372
1791379963.204 340372
1791379963.258 340372
1791379963.312 340372
1791379963.366 340372
1791379963.420 340372
1791379963.474 340372
1791379963.528 340372
1791379963.582 340372
1791379963.636 340372
1791379963.690 340372
1791379963.743 340372
1791379963.797 340372
1791379963.851 340372
1791379963.905 340372
1791379963.959 340372
1791379964.013 340372
1791379964.067 340372
1791379964.121 340372
1791379964.175 340372
1791379964.229 340372
1791379964.283 340372
1791379964.337 340372
1791379964.391 340372
1791379964.445 340372
1791379964.499 340372
1791379964.552 340372
1791379964.606 340372
1791379964.660 340372
1791379964.714 340372
1791379964.768 340372
1791379964.822 340372
1791379964.876 340372
1791379964.930 340372
1791379964.984 340372
1791379965.038 340372
1791379965.092 340372
1791379965.145 340372
1791379965.199 340372
1791379965.253 340372
1791379965.307 340372
1791379965.361 340372
1791379965.415 340372
1791379965.469 340372
1791379965.523 340372
1791379965.577 340372
1791379965.631 340372
1791379965.685 340372
1791379965.739 340372
1791379965.792 340372
1791379965.846 340372
1791379965.900 340372
1791379965.954 340372
1791379966.008 340372
1791379966.062 340372
1791379966.116 340372
1791379966.170 340372
1791379966.226 340372
1791379966.279 340372
1791379966.333 340372
1791379966.387 340372
1791379966.441 340372
1791379966.495 340372
1791379966.549 340372
1791379966.603 340372
1791379966.657 340372
1791379966.711 340372
1791379966.765 340372
1791379966.819 340372
1791379966.873 340372
1791379966.927 340372
1791379966.980 340372
1791379967.034 340372
1791379967.088 340372
1791379967.142 340372
1791379967.196 340372
1791379967.250 340372
1791379967.304 340372
1791379967.358 340372
1791379967.412 340372
1791379967.466 340372
1791379967.520 340372
1791379967.574 340372
1791379967.628 340372
1791379967.682 340372
1791379967.736 340372
1791379967.790 340372
1791379967.844 340372
1791379967.897 340372
1791379967.951 340372
1791379968.005 340372
1791379968.059 340372
1791379968.113 340372
1791379968.167 340372
1791379968.221 340372
1791379968.275 340372
1791379968.329 340372
1791379968.383 340372
1791379968.437 340372
1791379968.491 340372
1791379968.545 340372
1791379968.598 340372
1791379968.652 340372
1791379968.706 340372
1791379968.760 340372
1791379968.814 340372
1791379968.868 340372
1791379968.922 340372
1791379968.976 340372
1791379969.030 340372
1791379969.084 340372
1791379969.138 340372
1791379969.192 340372
1791379969.243 340372
1791379969.297 340372
1791379969.352 340372
1791379969.406 340372
1791379969.460 340372
1791379969.514 340372
1791379969.568 340372
1791379969.622 340372
1791379969.676 340372
1791379969.730 340372
1791379969.784 340372
1791379969.838 340372
1791379969.892 340372
1791379969.946 340372
1791379970.000 340372
1791379970.054 340372
1791379970.108 340372
1791379970.162 340372
1791379970.216 340372
1791379970.270 340372
1791379970.324 340372
1791379970.378 340372
1791379970.432 340372
1791379970.486 340372
1791379970.540 340372
1791379970.594 340372
1791379970.648 340372
1791379970.702 340372
1791379970.756 340372
1791379970.810 340372
1791379970.864 340372
1791379970.918 340372
1791379970.972 340372
1791379971.026 340372
1791379971.080 340372
1791379971.134 340372
1791379971.188 340372
1791379971.240 340372
1791379971.294 340372
1791379971.348 340372
1791379971.402 340372
1791379971.456 340372
1791379971.510 340372
1791379971.564 340372
1791379971.618 340372
1791379971.670 340372
1791379971.724 340372
1791379971.778 340372
1791379971.832 340372
1791379971.886 340372
1791379971.940 340372
1791379971.994 340372
1791379972.048 340372
1791379972.102 340372
1791379972.156 340372
1791379972.210 340372
1791379972.264 340372
1791379972.318 340372
1791379972.372 340372
1791379972.426 340372
1791379972.480 340372
1791379972.534 340372
1791379972.588 340372
1791379972.642 340372
1791379972.696 340372
1791379972.750 340372
1791379972.804 340372
1791379972.858 340372
1791379972.912 340372
1791379972.966 340372
1791379973.020 340372
1791379973.071 340372
1791379973.125 340372
1791379973.180 340372
1791379973.234 340372
1791379973.288 340372
1791379973.341 340372
1791379973.396 340372
1791379973.450 340372
1791379973.504 340372
1791379973.558 340372
1791379973.612 340372
1791379973.666 340372
1791379973.720 340372
1791379973.774 340372
1791379973.828 340372
1791379973.882 340372
1791379973.936 340372
1791379973.990 340372
1791379974.044 340372
1791379974.098 340372
1791379974.152 340372
1791379974.206 340372
1791379974.260 340372
1791379974.314 340372
1791379974.368 340372
1791379974.422 340372
1791379974.476 340372
1791379974.530 340372
1791379974.584 340372
1791379974.638 340372
1791379974.692 340372
1791379974.746 340372
1791379974.800 340372
1791379974.854 340372
1791379974.908 340372
1791379974.962 340372
1791379975.016 340372
1791379975.070 340372
1791379975.124 340372
1791379975.178 340372
1791379975.232 340372
1791379975.286 340372
1791379975.340 340372
1791379975.394 340372
1791379975.448 340372
1791379975.502 340372
1791379975.556 340372
1791379975.610 340372
1791379975.664 340372
1791379975.718 340372
1791379975.772 340372
1791379975.826 340372
1791379975.880 340372
1791379975.934 340372
1791379975.988 340372
1791379976.042 340372
1791379976.096 340372
1791379976.150 340372
1791379976.204 340372
1791379976.255 340372
1791379976.309 340372
1791379976.363 340372
1791379976.417 340372
1791379976.471 340372
1791379976.525 340372
1791379976.580 340372
1791379976.633 340372
1791379976.687 340372
1791379976.741 340372
1791379976.795 340372
1791379976.849 340372
1791379976.903 340372
1791379976.957 340372
1791379977.011 340372
1791379977.065 340372
1791379977.119 340372
1791379977.173 340372
1791379977.227 340372
1791379977.281 340372
1791379977.335 340372
1791379977.389 340372
1791379977.443 340372
1791379977.497 340372
1791379977.551 340372
1791379977.605 340372
1791379977.659 340372
1791379977.713 340372
1791379977.767 340372
1791379977.821 340372
1791379977.875 340372
1791379977.930 340372
1791379977.984 340372
1791379978.037 340372
1791379978.089 340372
1791379978.143 340372
1791379978.197 340372
1791379978.251 340372
1791379978.305 340372
1791379978.359 340372
1791379978.413 340372
1791379978.467 340372
1791379978.521 340372
1791379978.575 340372
1791379978.629 340372
1791379978.683 340372
1791379978.737 340372
1791379978.791 340372
1791379978.845 340372
1791379978.899 340372
1791379978.953 340372
1791379979.007 340372
1791379979.061 340372
1791379979.115 340372
1791379979.169 340372
1791379979.223 340372
1791379979.277 340372
1791379979.332 340372
1791379979.386 340372
1791379979.440 340372
1791379979.494 340372
1791379979.548 340372
1791379979.602 340372
1791379979.656 340372
1791379979.710 340372
1791379979.764 340372
1791379979.818 340372
1791379979.872 340372
1791379979.926 340372
1791379979.980 340372
1791379980.034 340372
1791379980.088 340372
1791379980.142 340372
1791379980.196 340372
1791379980.250 340372
1791379980.304 340372
1791379980.358 340372
1791379980.412 340372
1791379980.466 340372
1791379980.520 340372
1791379980.574 340372
1791379980.628 340372
1791379980.683 340372
1791379980.737 340372
1791379980.791 340372
1791379980.844 340372
1791379980.899 340372
1791379980.953 340372
1791379981.007 340372
1791379981.061 340372
1791379981.115 340372
1791379981.169 340372
1791379981.222 340372
1791379981.274 340372
1791379981.328 340372
1791379981.382 340372
1791379981.436 340372
1791379981.490 340372
1791379981.544 340372
1791379981.598 340372
1791379981.652 340372
1791379981.706 340372
1791379981.760 340372
1791379981.814 340372
1791379981.868 340372
1791379981.919 340372
1791379981.971 340372
1791379982.025 340372
1791379982.079 340372
1791379982.133 340372
1791379982.187 340372
1791379982.241 340372
1791379982.295 340372
1791379982.349 340372
1791379982.403 340372
1791379982.457 340372
1791379982.511 340372
1791379982.565 340372
1791379982.619 340372
1791379982.673 340372
1791379982.727 340372
1791379982.781 340372
1791379982.835 340372
1791379982.889 340372
1791379982.943 340372
1791379982.997 340372
1791379983.053 340372
1791379983.107 340372
1791379983.161 340372
1791379983.215 340372
1791379983.269 340372
1791379983.323 340372
1791379983.377 340372
1791379983.431 340372
1791379983.485 340372
1791379983.539 340372
1791379983.593 340372
1791379983.647 340372
1791379983.701 340372
1791379983.755 340372
1791379983.809 340372
1791379983.863 340372
1791379983.917 340372
1791379983.971 340372
1791379984.025 340372
1791379984.079 340372
1791379984.133 340372
1791379984.187 340372
1791379984.241 340372
1791379984.295 340372
1791379984.349 340372
1791379984.403 340372
1791379984.457 340372
1791379984.511 340372
1791379984.565 340372
1791379984.619 340372
1791379984.673 340372
1791379984.727 340372
1791379984.781 340372
1791379984.835 340372
1791379984.889 340372
1791379984.943 340372
1791379984.997 340372
1791379985.051 340372
1791379985.105 340372
1791379985.159 340372
1791379985.214 340372
1791379985.268 340372
1791379985.322 340372
1791379985.376 340372
1791379985.430 340372
1791379985.484 340372
1791379985.538 340372
1791379985.592 340372
1791379985.646 340372
1791379985.700 340372
1791379985.754 340372
1791379985.808 340372
1791379985.862 340372
1791379985.916 340372
1791379985.970 340372
1791379986.024 340372
1791379986.078 340372
1791379986.129 340372
1791379986.180 340372
1791379986.232 340372
1791379986.283 340372
1791379986.337 340372
1791379986.391 340372
1791379986.445 340372
1791379986.499 340372
1791379986.553 340372
1791379986.607 340372
1791379986.661 340372
1791379986.715 340372
1791379986.769 340372
1791379986.822 340372
1791379986.876 340372
1791379986.930 340372
1791379986.984 340372
1791379987.038 340372
1791379987.092 340372
1791379987.147 340372
1791379987.201 340372
1791379987.255 340372
1791379987.309 340372
1791379987.363 340372
1791379987.418 340372
1791379987.472 340372
1791379987.526 340372
1791379987.580 340372
1791379987.634 340372
1791379987.688 340372
1791379987.742 340372
1791379987.796 340372
1791379987.850 340372
1791379987.904 340372
1791379987.958 340372
1791379988.013 340372
1791379988.069 340372
1791379988.123 340372
1791379988.177 340372
1791379988.231 340372
1791379988.285 340372
1791379988.339 340372
1791379988.393 340372
1791379988.447 340372
1791379988.501 340372
1791379988.555 340372
1791379988.609 340372
1791379988.663 340372
1791379988.717 340372
1791379988.771 340372
1791379988.825 340372
1791379988.879 340372
1791379988.933 340372
1791379988.987 340372
1791379989.041 340372
1791379989.095 340372
1791379989.149 340372
1791379989.203 340372
1791379989.257 340372
1791379989.311 340372
1791379989.365 340372
1791379989.419 340372
1791379989.473 340372
1791379989.527 340372
1791379989.581 340372
1791379989.635 340372
1791379989.689 340372
1791379989.743 340372
1791379989.797 340372
1791379989.851 340372
1791379989.905 340372
1791379989.959 340372
1791379990.013 340372
1791379990.067 340372
1791379990.121 340372
1791379990.175 340372
1791379990.229 340372
1791379990.283 340372
1791379990.337 340372
1791379990.391 340372
1791379990.445 340372
1791379990.499 340372
1791379990.553 340372
1791379990.607 340372
1791379990.661 340372
1791379990.715 340372
1791379990.769 340372
1791379990.823 340372
1791379990.877 340372
1791379990.931 340372
1791379990.985 340372
1791379991.039 340372
1791379991.093 340372
1791379991.147 340372
1791379991.201 340372
1791379991.255 340372
1791379991.309 340372
1791379991.363 340372
1791379991.417 340372
1791379991.471 340372
1791379991.525 340372
1791379991.579 340372
1791379991.633 340372
1791379991.687 340372
1791379991.741 340372
1791379991.795 340372
1791379991.849 340372
1791379991.903 340372
1791379991.957 340372
1791379992.011 340372
1791379992.065 340372
1791379992.120 340372
1791379992.174 340372
1791379992.228 340372
1791379992.282 340372
1791379992.336 340372
1791379992.390 340372
1791379992.444 340372
1791379992.498 340372
1791379992.552 340372
1791379992.606 340372
1791379992.660 340372
1791379992.714 340372
1791379992.768 340372
1791379992.822 340372
1791379992.876 340372
1791379992.930 340372
1791379992.984 340372
1791379993.038 340372
1791379993.092 340372
1791379993.146 340372
1791379993.200 340372
1791379993.251 340372
1791379993.305 340372
1791379993.359 340372
1791379993.413 340372
1791379993.467 340372
1791379993.521 340372
1791379993.575 340372
1791379993.629 340372
1791379993.683 340372
1791379993.737 340372
1791379993.791 340372
1791379993.845 340372
1791379993.899 340372
1791379993.953 340372
1791379994.007 340372
1791379994.061 340372
1791379994.115 340372
1791379994.169 340372
1791379994.224 340372
1791379994.278 340372
1791379994.332 340372
1791379994.387 340372
1791379994.441 340372
1791379994.495 340372
1791379994.549 340372
1791379994.603 340372
1791379994.657 340372
1791379994.711 340372
1791379994.765 340372
1791379994.819 340372
1791379994.873 340372
1791379994.927 340372
1791379994.981 340372
1791379995.035 340372
1791379995.089 340372
1791379995.143 340372
1791379995.197 340372
1791379995.251 340372
1791379995.305 340372
1791379995.359 340372
1791379995.413 340372
1791379995.467 340372
1791379995.521 340372
1791379995.575 340372
1791379995.629 340372
1791379995.683 340372
1791379995.737 340372
1791379995.791 340372
1791379995.845 340372
1791379995.899 340372
1791379995.953 340372
1791379996.007 340372
1791379996.061 340372
1791379996.115 340372
1791379996.169 340372
1791379996.223 340372
1791379996.279 340372
1791379996.333 340372
1791379996.387 340372
1791379996.441 340372
1791379996.496 340372
1791379996.550 340372
1791379996.604 340372
1791379996.658 340372
1791379996.712 340372
1791379996.766 340372
1791379996.820 340372
1791379996.874 340372
1791379996.928 340372
1791379996.981 340372
1791379997.035 340372
1791379997.089 340372
1791379997.143 340372
1791379997.197 340372
1791379997.251 340372
1791379997.305 340372
1791379997.359 340372
1791379997.413 340372
1791379997.467 340372
1791379997.521 340372
1791379997.575 340372
1791379997.629 340372
1791379997.683 340372
1791379997.737 340372
1791379997.791 340372
1791379997.845 340372
1791379997.899 340372
1791379997.953 340372
1791379998.007 340372
1791379998.060 340372
1791379998.114 340372
1791379998.168 340372
1791379998.222 340372
1791379998.276 340372
1791379998.330 340372
1791379998.384 340372
1791379998.438 340372
1791379998.492 340372
1791379998.546 340372
1791379998.600 340372
1791379998.654 340372
1791379998.708 340372
1791379998.762 340372
1791379998.816 340372
1791379998.870 340372
1791379998.924 340372
1791379998.978 340372
1791379999.032 340372
1791379999.086 340372
1791379999.140 340372
1791379999.194 340372
1791379999.248 340372
1791379999.302 340372
1791379999.356 340372
1791379999.411 340372
1791379999.465 340372
1791379999.519 340372
1791379999.573 340372
1791379999.627 340372
1791379999.681 340372
1791379999.735 340372
1791379999.789 340372
1791379999.843 340372
1791379999.897 340372
1791379999.951 340372
1791380000.005 340372
1791380000.059 340372
1791380000.113 340372
1791380000.167 340372
1791380000.221 340372
1791380000.275 340372
1791380000.329 340372
1791380000.383 340372
1791380000.437 340372
1791380000.491 340372
1791380000.545 340372
1791380000.599 340372
1791380000.653 340372
1791380000.707 340372
1791380000.761 340372
1791380000.816 340372
1791380000.870 340372
1791380000.924 340372
1791380000.978 340372
1791380001.032 340372
1791380001.086 340372
1791380001.140 340372
1791380001.194 340372
1791380001.248 340372
1791380001.299 340372
1791380001.350 340372
1791380001.404 340372
1791380001.458 340372
1791380001.512 340372
1791380001.566 340372
1791380001.620 340372
1791380001.674 340372
1791380001.728 340372
1791380001.782 340372
1791380001.836 340372
1791380001.890 340372
1791380001.944 340372
1791380001.998 340372
1791380002.052 340372
1791380002.106 340372
1791380002.160 340372
1791380002.214 340372
1791380002.268 340372
1791380002.322 340372
1791380002.376 340372
1791380002.430 340372
1791380002.484 340372
1791380002.538 340372
1791380002.592 340372
1791380002.646 340372
1791380002.700 340372
1791380002.754 340372
1791380002.808 340372
1791380002.862 340372
1791380002.916 340372
1791380002.970 340372
1791380003.024 340372
1791380003.078 340372
1791380003.132 340372
1791380003.186 340372
1791380003.240 340372
1791380003.295 340372
1791380003.350 340372
1791380003.404 340372
1791380003.458 340372
1791380003.512 340372
1791380003.566 340372
1791380003.620 340372
1791380003.674 340372
1791380003.728 340372
1791380003.782 340372
1791380003.836 340372
1791380003.890 340372
1791380003.944 340372
1791380003.998 340372
1791380004.052 340372
1791380004.106 340372
1791380004.160 340372
1791380004.214 340372
1791380004.268 340372
1791380004.322 340372
1791380004.376 340372
1791380004.430 340372
1791380004.484 340372
1791380004.538 340372
1791380004.592 340372
1791380004.646 340372
1791380004.700 340372
1791380004.754 340372
1791380004.808 340372
1791380004.862 340372
1791380004.916 340372
1791380004.970 340372
1791380005.024 340372
1791380005.078 340372
1791380005.132 340372
1791380005.186 340372
1791380005.240 340372
1791380005.294 340372
1791380005.348 340372
1791380005.402 340372
1791380005.456 340372
1791380005.510 340372
1791380005.564 340372
1791380005.618 340372
1791380005.672 340372
1791380005.726 340372
1791380005.780 340372
1791380005.834 340372
1791380005.888 340372
1791380005.943 340372
1791380005.997 340372
1791380006.051 340372
1791380006.105 340372
1791380006.159 340372
1791380006.213 340372
1791380006.267 340372
1791380006.318 340372
1791380006.372 340372
1791380006.426 340372
1791380006.480 340372
1791380006.534 340372
1791380006.588 340372
1791380006.642 340372
1791380006.696 340372
1791380006.750 340372
1791380006.804 340372
1791380006.858 340372
1791380006.912 340372
1791380006.966 340372
1791380007.020 340372
1791380007.074 340372
1791380007.128 340372
1791380007.182 340372
1791380007.236 340372
1791380007.290 340372
1791380007.344 340372
1791380007.398 340372
1791380007.452 340372
1791380007.506 340372
1791380007.560 340372
1791380007.614 340372
1791380007.668 340372
1791380007.722 340372
1791380007.776 340372
1791380007.830 340372
1791380007.884 340372
1791380007.938 340372
1791380007.992 340372
1791380008.044 340372
1791380008.095 340372
1791380008.150 340372
1791380008.204 340372
1791380008.258 340372
1791380008.312 340372
1791380008.366 340372
1791380008.420 340372
1791380008.474 340372
1791380008.528 340372
1791380008.582 340372
1791380008.636 340372
1791380008.690 340372
1791380008.744 340372
1791380008.798 340372
1791380008.852 340372
1791380008.906 340372
1791380008.960 340372
1791380009.014 340372
1791380009.068 340372
1791380009.122 340372
1791380009.176 340372
1791380009.230 340372
1791380009.284 340372
1791380009.338 340372
1791380009.392 340372
1791380009.446 340372
1791380009.500 340372
1791380009.555 340372
1791380009.609 340372
1791380009.663 340372
1791380009.717 340372
1791380009.771 340372
1791380009.825 340372
1791380009.879 340372
1791380009.933 340372
1791380009.987 340372
1791380010.041 340372
1791380010.095 340372
1791380010.149 340372
1791380010.203 340372
1791380010.257 340372
1791380010.311 340372
1791380010.365 340372
1791380010.416 340372
1791380010.470 340372
1791380010.524 340372
1791380010.578 340372
1791380010.632 340372
1791380010.686 340372
1791380010.740 340372
1791380010.794 340372
1791380010.848 340372
1791380010.902 340372
1791380010.956 340372
1791380011.010 340372
1791380011.064 340372
1791380011.118 340372
1791380011.172 340372
1791380011.226 340372
1791380011.280 340372
1791380011.334 340372
1791380011.388 340372
1791380011.442 340372
1791380011.496 340372
1791380011.550 340372
1791380011.604 340372
1791380011.658 340372
1791380011.712 340372
1791380011.766 340372
1791380011.820 340372
1791380011.874 340372
1791380011.928 340372
1791380011.982 340372
1791380012.036 340372
1791380012.090 340372
1791380012.144 340372
1791380012.198 340372
1791380012.252 340372
1791380012.306 340372
1791380012.360 340372
1791380012.414 340372
1791380012.468 340372
1791380012.522 340372
1791380012.576 340372
1791380012.630 340372
1791380012.684 340372
1791380012.738 340372
1791380012.792 340372
1791380012.846 340372
1791380012.900 340372
1791380012.954 340372
1791380013.008 340372
1791380013.062 340372
1791380013.116 340372
1791380013.170 340372
1791380013.224 340372
1791380013.278 340372
1791380013.332 340372
1791380013.386 340372
1791380013.440 340372
1791380013.494 340372
1791380013.548 340372
1791380013.602 340372
1791380013.656 340372
1791380013.710 340372
1791380013.764 340372
1791380013.818 340372
1791380013.872 340372
1791380013.926 340372
1791380013.980 340372
1791380014.035 340372
1791380014.089 340372
1791380014.143 340372
1791380014.197 340372
1791380014.251 340372
1791380014.305 340372
1791380014.359 340372
1791380014.413 340372
1791380014.467 340372
1791380014.521 340372
1791380014.575 340372
1791380014.629 340372
1791380014.683 340372
1791380014.737 340372
1791380014.791 340372
1791380014.845 340372
1791380014.899 340372
1791380014.953 340372
1791380015.007 340372
1791380015.061 340372
1791380015.115 340372
1791380015.169 340372
1791380015.223 340372
1791380015.277 340372
1791380015.331 340372
1791380015.385 340372
1791380015.439 340372
1791380015.493 340372
1791380015.547 340372
1791380015.601 340372
1791380015.655 340372
1791380015.709 340372
1791380015.763 340372
1791380015.817 340372
1791380015.871 340372
1791380015.925 340372
1791380015.979 340372
1791380016.033 340372
1791380016.087 340372
1791380016.141 340372
1791380016.195 340372
1791380016.249 340372
1791380016.303 340372
1791380016.357 340372
1791380016.411 340372
1791380016.465 340372
1791380016.519 340372
1791380016.573 340372
1791380016.627 340372
1791380016.681 340372
1791380016.735 340372
1791380016.789 340372
1791380016.843 340372
1791380016.897 340372
1791380016.951 340372
1791380017.005 340372
1791380017.059 340372
1791380017.113 340372
1791380017.164 340372
1791380017.218 340372
1791380017.272 340372
1791380017.326 340372
1791380017.380 340372
1791380017.433 340372
1791380017.487 340372
1791380017.541 340372
1791380017.595 340372
1791380017.649 340372
1791380017.703 340372
1791380017.757 340372
1791380017.811 340372
1791380017.865 340372
1791380017.919 340372
1791380017.973 340372
1791380018.027 340372
1791380018.081 340372
1791380018.135 340372
1791380018.189 340372
1791380018.243 340372
1791380018.297 340372
1791380018.351 340372
1791380018.405 340372
1791380018.459 340372
1791380018.513 340372
1791380018.567 340372
1791380018.621 340372
1791380018.675 340372
1791380018.729 340372
1791380018.783 340372
1791380018.837 340372
1791380018.891 340372
1791380018.945 340372
1791380018.999 340372
1791380019.053 340372
1791380019.108 340372
1791380019.162 340372
1791380019.216 340372
1791380019.270 340372
1791380019.324 340372
1791380019.378 340372
1791380019.432 340372
1791380019.486 340372
1791380019.540 340372
1791380019.594 340372
1791380019.648 340372
1791380019.702 340372
1791380019.756 340372
1791380019.810 340372
1791380019.864 340372
1791380019.918 340372
1791380019.972 340372
1791380020.026 340372
1791380020.080 340372
1791380020.134 340372
1791380020.188 340372
1791380020.242 340372
1791380020.296 340372
1791380020.350 340372
1791380020.404 340372
1791380020.458 340372
1791380020.512 340372
1791380020.566 340372
1791380020.620 340372
1791380020.674 340372
1791380020.728 340372
1791380020.782 340372
1791380020.836 340372
1791380020.890 340372
1791380020.944 340372
1791380020.998 340372
1791380021.052 340372
1791380021.106 340372
1791380021.160 340372
1791380021.214 340372
1791380021.268 340372
1791380021.319 340372
1791380021.373 340372
1791380021.427 340372
1791380021.481 340372
1791380021.535 340372
1791380021.589 340372
1791380021.643 340372
1791380021.697 340372
1791380021.751 340372
1791380021.805 340372
1791380021.859 340372
1791380021.913 340372
1791380021.967 340372
1791380022.021 340372
1791380022.075 340372
1791380022.129 340372
1791380022.183 340372
1791380022.237 340372
1791380022.292 340372
1791380022.346 340372
1791380022.400 340372
1791380022.454 340372
1791380022.508 340372
1791380022.562 340372
1791380022.615 340372
1791380022.669 340372
1791380022.723 340372
1791380022.777 340372
1791380022.831 340372
1791380022.885 340372
1791380022.939 340372
1791380022.993 340372
1791380023.047 340372
1791380023.101 340372
1791380023.155 340372
1791380023.209 340372
1791380023.263 340372
1791380023.317 340372
1791380023.371 340372
1791380023.425 340372
1791380023.479 340372
1791380023.533 340372
1791380023.587 340372
1791380023.641 340372
1791380023.695 340372
1791380023.749 340372
1791380023.803 340372
1791380023.857 340372
1791380023.911 340372
1791380023.965 340372
1791380024.018 340372
1791380024.073 340372
1791380024.126 340372
1791380024.180 340372
1791380024.234 340372
1791380024.288 340372
1791380024.342 340372
1791380024.396 340372
1791380024.450 340372
1791380024.504 340372
1791380024.558 340372
1791380024.612 340372
1791380024.666 340372
1791380024.720 340372
1791380024.774 340372
1791380024.828 340372
1791380024.882 340372
1791380024.936 340372
1791380024.990 340372
1791380025.044 340372
1791380025.098 340372
1791380025.152 340372
1791380025.206 340372
1791380025.260 340372
1791380025.314 340372
1791380025.368 340372
1791380025.421 340372
1791380025.475 340372
1791380025.529 340372
1791380025.583 340372
1791380025.637 340372
1791380025.691 340372
1791380025.745 340372
1791380025.799 340372
1791380025.853 340372
1791380025.907 340372
1791380025.961 340372
1791380026.015 340372
1791380026.069 340372
1791380026.123 340372
1791380026.177 340372
1791380026.231 340372
1791380026.285 340372
1791380026.339 340372
1791380026.393 340372
1791380026.447 340372
1791380026.501 340372
1791380026.555 340372
1791380026.609 340372
1791380026.663 340372
1791380026.716 340372
1791380026.770 340372
1791380026.824 340372
1791380026.878 340372
1791380026.932 340372
1791380026.986 340372
1791380027.040 340372
1791380027.094 340372
1791380027.148 340372
1791380027.202 340372
1791380027.256 340372
1791380027.310 340372
1791380027.364 340372
1791380027.418 340372
1791380027.472 340372
1791380027.526 340372
1791380027.580 340372
1791380027.634 340372
1791380027.688 340372
1791380027.742 340372
1791380027.796 340372
1791380027.849 340372
1791380027.903 340372
1791380027.957 340372
1791380028.011 340372
1791380028.065 340372
1791380028.119 340372
1791380028.170 340372
1791380028.224 340372
1791380028.278 340372
1791380028.332 340372
1791380028.386 340372
1791380028.440 340372
1791380028.494 340372
1791380028.548 340372
1791380028.602 340372
1791380028.656 340372
1791380028.710 340372
1791380028.764 340372
1791380028.818 340372
1791380028.872 340372
1791380028.926 340372
1791380028.980 340372
1791380029.034 340372
1791380029.088 340372
1791380029.142 340372
1791380029.196 340372
1791380029.250 340372
1791380029.302 340372
1791380029.356 340372
1791380029.410 340372
1791380029.464 340372
1791380029.518 340372
1791380029.572 340372
1791380029.626 340372
1791380029.680 340372
1791380029.732 340372
1791380029.786 340372
1791380029.840 340372
1791380029.894 340372
1791380029.948 340372
1791380030.002 340372
1791380030.056 340372
1791380030.109 340372
1791380030.163 340372
1791380030.217 340372
1791380030.271 340372
1791380030.325 340372
1791380030.379 340372
1791380030.433 340372
1791380030.487 340372
1791380030.541 340372
1791380030.595 340372
1791380030.649 340372
1791380030.703 340372
1791380030.757 340372
1791380030.811 340372
1791380030.865 340372
1791380030.919 340372
1791380030.973 340372
1791380031.027 340372
1791380031.081 340372
1791380031.134 340372
1791380031.189 340372
1791380031.242 340372
1791380031.296 340372
1791380031.348 340372
1791380031.402 340372
1791380031.456 340372
1791380031.510 340372
1791380031.564 340372
1791380031.618 340372
1791380031.672 340372
1791380031.726 340372
1791380031.780 340372
1791380031.834 340372
1791380031.888 340372
1791380031.942 340372
1791380031.996 340372
1791380032.050 340372
1791380032.104 340372
1791380032.158 340372
1791380032.212 340372
1791380032.265 340372
1791380032.319 340372
1791380032.373 340372
1791380032.427 340372
1791380032.481 340372
1791380032.535 340372
1791380032.589 340372
1791380032.643 340372
1791380032.697 340372
1791380032.751 340372
1791380032.805 340372
1791380032.859 340372
1791380032.913 340372
1791380032.967 340372
1791380033.021 340372
1791380033.075 340372
1791380033.126 340372
1791380033.180 340372
1791380033.234 340372
1791380033.288 340372
1791380033.342 340372
1791380033.396 340372
1791380033.450 340372
1791380033.504 340372
1791380033.558 340372
1791380033.612 340372
1791380033.666 340372
1791380033.720 340372
1791380033.774 340372
1791380033.828 340372
1791380033.882 340372
1791380033.936 340372
1791380033.990 340372
1791380034.044 340372
1791380034.098 340372
1791380034.152 340372
1791380034.206 340372
1791380034.260 340372
1791380034.314 340372
1791380034.368 340372
1791380034.421 340372
1791380034.475 340372
1791380034.529 340372
1791380034.583 340372
1791380034.637 340372
1791380034.691 340372
1791380034.745 340372
1791380034.799 340372
1791380034.853 340372
1791380034.907 340372
1791380034.961 340372
1791380035.015 340372
1791380035.069 340372
1791380035.123 340372
1791380035.177 340372
1791380035.231 340372
1791380035.285 340372
1791380035.339 340372
1791380035.393 340372
1791380035.447 340372
1791380035.501 340372
1791380035.555 340372
1791380035.609 340372
1791380035.663 340372
1791380035.717 340372
1791380035.770 340372
1791380035.824 340372
1791380035.878 340372
1791380035.932 340372
1791380035.986 340372
1791380036.040 340372
1791380036.094 340372
1791380036.149 340372
1791380036.202 340372
1791380036.256 340372
1791380036.310 340372
1791380036.364 340372
1791380036.418 340372
1791380036.472 340372
1791380036.526 340372
1791380036.580 340372
1791380036.634 340372
1791380036.688 340372
1791380036.742 340372
1791380036.796 340372
1791380036.850 340372
1791380036.904 340372
1791380036.958 340372
1791380037.012 340372
1791380037.066 340372
1791380037.120 340372
1791380037.174 340372
1791380037.228 340372
1791380037.282 340372
1791380037.336 340372
1791380037.390 340372
1791380037.444 340372
1791380037.498 340372
1791380037.552 340372
1791380037.606 340372
1791380037.660 340372
1791380037.714 340372
1791380037.768 340372
1791380037.822 340372
1791380037.876 340372
1791380037.930 340372
1791380037.984 340372
1791380038.038 340372
1791380038.092 340372
1791380038.145 340372
1791380038.201 340372
1791380038.255 340372
1791380038.309 340372
1791380038.363 340372
1791380038.417 340372
1791380038.471 340372
1791380038.525 340372
1791380038.579 340372
1791380038.633 340372
1791380038.687 340372
1791380038.741 340372
1791380038.795 340372
1791380038.849 340372
1791380038.903 340372
1791380038.957 340372
1791380039.011 340372
1791380039.065 340372
1791380039.119 340372
1791380039.173 340372
1791380039.227 340372
1791380039.281 340372
1791380039.335 340372
1791380039.389 340372
1791380039.443 340372
1791380039.497 340372
1791380039.551 340372
1791380039.605 340372
1791380039.659 340372
1791380039.713 340372
1791380039.767 340372
1791380039.821 340372
1791380039.875 340372
1791380039.929 340372
1791380039.983 340372
1791380040.037 340372
1791380040.091 340372
1791380040.145 340372
1791380040.199 340372
1791380040.252 340372
1791380040.306 340372
1791380040.360 340372
1791380040.414 340372
1791380040.468 340372
1791380040.522 340372
1791380040.576 340372
1791380040.630 340372
1791380040.684 340372
1791380040.738 340372
1791380040.792 340372
1791380040.846 340372
1791380040.900 340372
1791380040.954 340372
1791380041.008 340372
1791380041.062 340372
1791380041.116 340372
1791380041.170 340372
1791380041.224 340372
1791380041.278 340372
1791380041.332 340372
1791380041.386 340372
1791380041.438 340372
1791380041.492 340372
1791380041.547 340372
1791380041.601 340372
1791380041.655 340372
1791380041.709 340372
1791380041.763 340372
1791380041.817 340372
1791380041.871 340372
1791380041.925 340372
1791380041.978 340372
1791380042.029 340372
1791380042.081 340372
1791380042.135 340372
1791380042.189 340372
1791380042.243 340372
1791380042.297 340372
1791380042.351 340372
1791380042.405 340372
1791380042.459 340372
1791380042.513 340372
1791380042.567 340372
1791380042.620 340372
1791380042.674 340372
1791380042.728 340372
1791380042.782 340372
1791380042.836 340372
1791380042.890 340372
1791380042.944 340372
1791380042.998 340372
1791380043.052 340372
1791380043.103 340372
1791380043.157 340372
1791380043.211 340372
1791380043.265 340372
1791380043.319 340372
1791380043.373 340372
1791380043.427 340372
1791380043.481 340372
1791380043.535 340372
1791380043.589 340372
1791380043.643 340372
1791380043.697 340372
1791380043.751 340372
1791380043.805 340372
1791380043.859 340372
1791380043.913 340372
1791380043.967 340372
1791380044.021 340372
1791380044.075 340372
1791380044.129 340372
1791380044.183 340372
1791380044.236 340372
1791380044.290 340372
1791380044.344 340372
1791380044.398 340372
1791380044.452 340372
1791380044.506 340372
1791380044.560 340372
1791380044.614 340372
1791380044.668 340372
1791380044.722 340372
1791380044.776 340372
1791380044.830 340372
1791380044.884 340372
1791380044.938 340372
1791380044.992 340372
1791380045.046 340372
1791380045.100 340372
1791380045.154 340372
1791380045.208 340372
1791380045.262 340372
1791380045.316 340372
1791380045.370 340372
1791380045.424 340372
1791380045.478 340372
1791380045.532 340372
1791380045.586 340372
1791380045.640 340372
1791380045.694 340372
1791380045.748 340372
1791380045.802 340372
1791380045.855 340372
1791380045.909 340372
1791380045.963 340372
1791380046.017 340372
1791380046.072 340372
1791380046.126 340372
1791380046.180 340372
1791380046.234 340372
1791380046.288 340372
1791380046.341 340372
1791380046.393 340372
1791380046.447 340372
1791380046.501 340372
1791380046.555 340372
1791380046.609 340372
1791380046.663 340372
1791380046.717 340372
1791380046.771 340372
1791380046.825 340372
1791380046.879 340372
1791380046.933 340372
1791380046.987 340372
1791380047.042 340372
1791380047.096 340372
1791380047.150 340372
1791380047.204 340372
1791380047.258 340372
1791380047.312 340372
1791380047.366 340372
1791380047.420 340372
1791380047.474 340372
1791380047.528 340372
1791380047.582 340372
1791380047.636 340372
1791380047.690 340372
1791380047.744 340372
1791380047.798 340372
1791380047.852 340372
1791380047.906 340372
1791380047.960 340372
1791380048.014 340372
1791380048.068 340372
1791380048.122 340372
1791380048.176 340372
1791380048.230 340372
1791380048.284 340372
1791380048.338 340372
1791380048.392 340372
1791380048.446 340372
1791380048.500 340372
1791380048.554 340372
1791380048.608 340372
1791380048.662 340372
1791380048.716 340372
1791380048.770 340372
1791380048.824 340372
1791380048.878 340372
1791380048.932 340372
1791380048.986 340372
1791380049.040 340372
1791380049.094 340372
1791380049.148 340372
1791380049.202 340372
1791380049.256 340372
1791380049.310 340372
1791380049.364 340372
1791380049.418 340372
1791380049.472 340372
1791380049.526 340372
1791380049.580 340372
1791380049.634 340372
1791380049.688 340372
1791380049.742 340372
1791380049.796 340372
1791380049.850 340372
1791380049.904 340372
1791380049.958 340372
1791380050.012 340372
1791380050.063 340372
1791380050.117 340372
1791380050.171 340372
1791380050.225 340372
1791380050.279 340372
1791380050.333 340372
1791380050.387 340372
1791380050.441 340372
1791380050.495 340372
1791380050.549 340372
1791380050.603 340372
1791380050.657 340372
1791380050.711 340372
1791380050.765 340372
1791380050.819 340372
1791380050.873 340372
1791380050.927 340372
1791380050.981 340372
1791380051.035 340372
1791380051.089 340372
1791380051.143 340372
1791380051.197 340372
1791380051.251 340372
1791380051.305 340372
1791380051.359 340372
1791380051.413 340372
1791380051.467 340372
1791380051.521 340372
1791380051.575 340372
1791380051.629 340372
1791380051.683 340372
1791380051.737 340372
1791380051.791 340372
1791380051.845 340372
1791380051.899 340372
1791380051.953 340372
1791380052.007 340372
1791380052.061 340372
1791380052.115 340372
1791380052.169 340372
1791380052.223 340372
1791380052.277 340372
1791380052.331 340372
1791380052.385 340372
1791380052.439 340372
1791380052.493 340372
1791380052.547 340372
1791380052.601 340372
1791380052.655 340372
1791380052.709 340372
1791380052.763 340372
1791380052.817 340372
1791380052.871 340372
1791380052.925 340372
1791380052.979 340372
1791380053.033 340372
1791380053.087 340372
1791380053.141 340372
1791380053.195 340372
1791380053.249 340372
1791380053.300 340372
1791380053.354 340372
1791380053.408 340372
1791380053.462 340372
1791380053.516 340372
1791380053.570 340372
1791380053.624 340372
1791380053.678 340372
1791380053.732 340372
1791380053.786 340372
1791380053.840 340372
1791380053.894 340372
1791380053.948 340372
1791380054.002 340372
1791380054.056 340372
1791380054.110 340372
1791380054.164 340372
1791380054.218 340372
1791380054.272 340372
1791380054.326 340372
1791380054.380 340372
1791380054.434 340372
1791380054.488 340372
1791380054.542 340372
1791380054.596 340372
1791380054.650 340372
1791380054.704 340372
1791380054.758 340372
1791380054.812 340372
1791380054.866 340372
1791380054.920 340372
1791380054.974 340372
1791380055.028 340372
1791380055.082 340372
1791380055.137 340372
1791380055.191 340372
1791380055.245 340372
1791380055.299 340372
1791380055.353 340372
1791380055.407 340372
1791380055.461 340372
1791380055.514 340372
1791380055.568 340372
1791380055.622 340372
1791380055.676 340372
1791380055.730 340372
1791380055.784 340372
1791380055.838 340372
1791380055.892 340372
1791380055.946 340372
1791380056.000 340372
1791380056.054 340372
1791380056.108 340372
1791380056.162 340372
1791380056.216 340372
1791380056.270 340372
1791380056.324 340372
1791380056.378 340372
1791380056.432 340372
1791380056.486 340372
1791380056.540 340372
1791380056.594 340372
1791380056.648 340372
1791380056.702 340372
1791380056.756 340372
1791380056.810 340372
1791380056.864 340372
1791380056.918 340372
1791380056.972 340372
1791380057.026 340372
1791380057.080 340372
1791380057.134 340372
1791380057.188 340372
1791380057.242 340372
1791380057.296 340372
1791380057.350 340372
1791380057.404 340372
1791380057.458 340372
1791380057.512 340372
1791380057.566 340372
1791380057.620 340372
1791380057.674 340372
1791380057.728 340372
1791380057.782 340372
1791380057.836 340372
1791380057.890 340372
1791380057.944 340372
1791380057.998 340372
1791380058.052 340372
1791380058.106 340372
1791380058.160 340372
1791380058.214 340372
1791380058.268 340372
1791380058.322 340372
1791380058.376 340372
1791380058.430 340372
1791380058.484 340372
1791380058.538 340372
1791380058.592 340372
1791380058.646 340372
1791380058.700 340372
1791380058.754 340372
1791380058.808 340372
1791380058.862 340372
1791380058.916 340372
1791380058.970 340372
1791380059.024 340372
1791380059.078 340372
1791380059.132 340372
1791380059.186 340372
1791380059.240 340372
1791380059.294 340372
1791380059.348 340372
1791380059.402 340372
1791380059.456 340372
1791380059.510 340372
1791380059.564 340372
1791380059.618 340372
1791380059.672 340372
1791380059.726 340372
1791380059.780 340372
1791380059.834 340372
1791380059.888 340372
1791380059.942 340372
1791380059.996 340372
1791380060.050 340372
1791380060.104 340372
1791380060.158 340372
1791380060.212 340372
1791380060.266 340372
1791380060.319 340372
1791380060.373 340372
1791380060.427 340372
1791380060.481 340372
1791380060.535 340372
1791380060.589 340372
1791380060.643 340372
1791380060.697 340372
1791380060.751 340372
1791380060.805 340372
1791380060.859 340372
1791380060.913 340372
1791380060.967 340372
1791380061.022 340372
1791380061.076 340372
1791380061.130 340372
1791380061.184 340372
1791380061.238 340372
1791380061.292 340372
1791380061.346 340372
1791380061.400 340372
1791380061.454 340372
1791380061.508 340372
1791380061.562 340372
1791380061.616 340372
1791380061.670 340372
1791380061.724 340372
1791380061.778 340372
1791380061.832 340372
1791380061.886 340372
1791380061.940 340372
1791380061.994 340372
1791380062.048 340372
1791380062.102 340372
1791380062.156 340372
1791380062.210 340372
1791380062.264 340372
1791380062.318 340372
1791380062.372 340372
1791380062.426 340372
1791380062.480 340372
1791380062.534 340372
1791380062.588 340372
1791380062.642 340372
1791380062.696 340372
1791380062.750 340372
1791380062.804 340372
1791380062.858 340372
1791380062.912 340372
1791380062.966 340372
1791380063.020 340372
1791380063.074 340372
1791380063.128 340372
1791380063.182 340372
1791380063.235 340372
1791380063.289 340372
1791380063.343 340372
1791380063.397 340372
1791380063.451 340372
1791380063.505 340372
1791380063.559 340372
1791380063.613 340372
1791380063.667 340372
1791380063.721 340372
1791380063.775 340372
1791380063.830 340372
1791380063.884 340372
1791380063.938 340372
1791380063.992 340372
1791380064.046 340372
1791380064.100 340372
1791380064.154 340372
1791380064.208 340372
1791380064.262 340372
1791380064.317 340372
1791380064.371 340372
1791380064.425 340372
1791380064.479 340372
1791380064.533 340372
1791380064.586 340372
1791380064.640 340372
1791380064.694 340372
1791380064.748 340372
1791380064.802 340372
1791380064.856 340372
1791380064.910 340372
1791380064.964 340372
1791380065.018 340372
1791380065.072 340372
1791380065.126 340372
1791380065.180 340372
1791380065.234 340372
1791380065.288 340372
1791380065.342 340372
1791380065.396 340372
1791380065.450 340372
1791380065.504 340372
1791380065.558 340372
1791380065.612 340372
1791380065.666 340372
1791380065.720 340372
1791380065.774 340372
1791380065.828 340372
1791380065.882 340372
1791380065.936 340372
1791380065.990 340372
1791380066.043 340372
1791380066.097 340372
1791380066.151 340372
1791380066.205 340372
1791380066.259 340372
1791380066.313 340372
1791380066.367 340372
1791380066.421 340372
1791380066.475 340372
1791380066.529 340372
1791380066.583 340372
1791380066.637 340372
1791380066.691 340372
1791380066.745 340372
1791380066.799 340372
1791380066.853 340372
1791380066.907 340372
1791380066.961 340372
1791380067.015 340372
1791380067.069 340372
1791380067.123 340372
1791380067.177 340372
1791380067.231 340372
1791380067.285 340372
1791380067.339 340372
1791380067.393 340372
1791380067.447 340372
1791380067.501 340372
1791380067.555 340372
1791380067.609 340372
1791380067.663 340372
1791380067.717 340372
1791380067.771 340372
1791380067.825 340372
1791380067.879 340372
1791380067.933 340372
1791380067.987 340372
1791380068.041 340372
1791380068.094 340372
1791380068.147 340372
1791380068.201 340372
1791380068.255 340372
1791380068.309 340372
1791380068.363 340372
1791380068.417 340372
1791380068.471 340372
1791380068.524 340372
1791380068.578 340372
1791380068.632 340372
1791380068.686 340372
1791380068.740 340372
1791380068.794 340372
1791380068.848 340372
1791380068.902 340372
1791380068.956 340372
1791380069.010 340372
1791380069.064 340372
1791380069.118 340372
1791380069.172 340372
1791380069.226 340372
1791380069.280 340372
1791380069.334 340372
1791380069.388 340372
1791380069.442 340372
1791380069.496 340372
1791380069.550 340372
1791380069.604 340372
1791380069.658 340372
1791380069.712 340372
1791380069.766 340372
1791380069.820 340372
1791380069.874 340372
1791380069.927 340372
1791380069.981 340372
1791380070.035 340372
1791380070.089 340372
1791380070.143 340372
1791380070.197 340372
1791380070.251 340372
1791380070.305 340372
1791380070.359 340372
1791380070.413 340372
1791380070.467 340372
1791380070.521 340372
1791380070.575 340372
1791380070.629 340372
1791380070.683 340372
1791380070.736 340372
1791380070.790 340372
1791380070.844 340372
1791380070.898 340372
1791380070.952 340372
1791380071.006 340372
1791380071.060 340372
1791380071.114 340372
1791380071.168 340372
1791380071.222 340372
1791380071.276 340372
1791380071.330 340372
1791380071.384 340372
1791380071.438 340372
1791380071.492 340372
1791380071.546 340372
1791380071.600 340372
1791380071.654 340372
1791380071.708 340372
1791380071.762 340372
1791380071.816 340372
1791380071.870 340372
1791380071.924 340372
1791380071.978 340372
1791380072.032 340372
1791380072.086 340372
1791380072.140 340372
1791380072.194 340372
1791380072.248 340372
1791380072.302 340372
1791380072.356 340372
1791380072.410 340372
1791380072.464 340372
1791380072.518 340372
1791380072.572 340372
1791380072.625 340372
1791380072.679 340372
1791380072.733 340372
1791380072.787 340372
1791380072.841 340372
1791380072.895 340372
1791380072.949 340372
1791380073.003 340372
1791380073.057 340372
1791380073.111 340372
1791380073.162 340372
1791380073.216 340372
1791380073.270 340372
1791380073.324 340372
1791380073.378 340372
1791380073.432 340372
1791380073.486 340372
1791380073.540 340372
1791380073.594 340372
1791380073.648 340372
1791380073.702 340372
1791380073.756 340372
1791380073.810 340372
1791380073.864 340372
1791380073.918 340372
1791380073.972 340372
1791380074.026 340372
1791380074.080 340372
1791380074.134 340372
1791380074.188 340372
1791380074.242 340372
1791380074.296 340372
1791380074.350 340372
1791380074.404 340372
1791380074.458 340372
1791380074.512 340372
1791380074.566 340372
1791380074.620 340372
1791380074.674 340372
1791380074.728 340372
1791380074.782 340372
1791380074.836 340372
1791380074.890 340372
1791380074.944 340372
1791380074.998 340372
1791380075.052 340372
1791380075.106 340372
1791380075.160 340372
1791380075.214 340372
1791380075.268 340372
1791380075.322 340372
1791380075.376 340372
1791380075.430 340372
1791380075.484 340372
1791380075.538 340372
1791380075.591 340372
1791380075.645 340372
1791380075.699 340372
1791380075.753 340372
1791380075.807 340372
1791380075.861 340372
1791380075.915 340372
1791380075.969 340372
1791380076.023 340372
1791380076.077 340372
1791380076.131 340372
1791380076.185 340372
1791380076.239 340372
1791380076.293 340372
1791380076.347 340372
1791380076.400 340372
1791380076.454 340372
1791380076.508 340372
1791380076.562 340372
1791380076.616 340372
1791380076.670 340372
1791380076.724 340372
1791380076.778 340372
1791380076.832 340372
1791380076.886 340372
1791380076.940 340372
1791380076.994 340372
1791380077.048 340372
1791380077.102 340372
1791380077.154 340372
1791380077.208 340372
1791380077.262 340372
1791380077.316 340372
1791380077.370 340372
1791380077.422 340372
1791380077.476 340372
1791380077.530 340372
1791380077.584 340372
1791380077.638 340372
1791380077.692 340372
1791380077.746 340372
1791380077.800 340372
1791380077.853 340372
1791380077.907 340372
1791380077.961 340372
1791380078.015 340372
1791380078.069 340372
1791380078.123 340372
1791380078.177 340372
1791380078.231 340372
1791380078.285 340372
1791380078.339 340372
1791380078.393 340372
1791380078.447 340372
1791380078.501 340372
1791380078.555 340372
1791380078.609 340372
1791380078.663 340372
1791380078.717 340372
1791380078.771 340372
1791380078.823 340372
1791380078.877 340372
1791380078.932 340372
1791380078.985 340372
1791380079.039 340372
1791380079.094 340372
1791380079.148 340372
1791380079.202 340372
1791380079.256 340372
1791380079.310 340372
1791380079.364 340372
1791380079.418 340372
1791380079.472 340372
1791380079.525 340372
1791380079.579 340372
1791380079.633 340372
1791380079.687 340372
1791380079.741 340372
1791380079.795 340372
1791380079.849 340372
1791380079.903 340372
1791380079.957 340372
1791380080.011 340372
1791380080.065 340372
1791380080.119 340372
1791380080.173 340372
1791380080.227 340372
1791380080.281 340372
1791380080.335 340372
1791380080.389 340372
1791380080.443 340372
1791380080.497 340372
1791380080.551 340372
1791380080.605 340372
1791380080.659 340372
1791380080.713 340372
1791380080.766 340372
1791380080.820 340372
1791380080.874 340372
1791380080.928 340372
1791380080.982 340372
1791380081.036 340372
1791380081.090 340372
1791380081.144 340372
1791380081.198 340372
1791380081.252 340372
1791380081.306 340372
1791380081.360 340372
1791380081.412 340372
1791380081.466 340372
1791380081.520 340372
1791380081.574 340372
1791380081.628 340372
1791380081.682 340372
1791380081.736 340372
1791380081.790 340372
1791380081.844 340372
1791380081.898 340372
1791380081.952 340372
1791380082.006 340372
1791380082.060 340372
1791380082.113 340372
1791380082.167 340372
1791380082.223 340372
1791380082.277 340372
1791380082.331 340372
1791380082.385 340372
1791380082.439 340372
1791380082.493 340372
1791380082.547 340372
1791380082.600 340372
1791380082.654 340372
1791380082.708 340372
1791380082.762 340372
1791380082.816 340372
1791380082.870 340372
1791380082.924 340372
1791380082.978 340372
1791380083.032 340372
1791380083.086 340372
1791380083.137 340372
1791380083.191 340372
1791380083.245 340372
1791380083.299 340372
1791380083.353 340372
1791380083.407 340372
1791380083.461 340372
1791380083.515 340372
1791380083.569 340372
1791380083.623 340372
1791380083.677 340372
1791380083.731 340372
1791380083.785 340372
1791380083.839 340372
1791380083.893 340372
1791380083.947 340372
1791380084.000 340372
1791380084.054 340372
1791380084.108 340372
1791380084.162 340372
1791380084.216 340372
1791380084.270 340372
1791380084.324 340372
1791380084.378 340372
1791380084.432 340372
1791380084.486 340372
1791380084.540 340372
1791380084.594 340372
1791380084.648 340372
1791380084.702 340372
1791380084.756 340372
1791380084.809 340372
1791380084.863 340372
1791380084.917 340372
1791380084.971 340372
1791380085.025 340372
1791380085.079 340372
1791380085.133 340372
1791380085.187 340372
1791380085.241 340372
1791380085.295 340372
1791380085.349 340372
1791380085.403 340372
1791380085.457 340372
1791380085.511 340372
1791380085.565 340372
1791380085.619 340372
1791380085.673 340372
1791380085.727 340372
1791380085.781 340372
1791380085.834 340372
1791380085.888 340372
1791380085.942 340372
1791380085.996 340372
1791380086.050 340372
1791380086.104 340372
1791380086.158 340372
1791380086.212 340372
1791380086.266 340372
1791380086.320 340372
1791380086.374 340372
1791380086.428 340372
1791380086.482 340372
1791380086.536 340372
1791380086.590 340372
1791380086.644 340372
1791380086.698 340372
1791380086.752 340372
1791380086.806 340372
1791380086.860 340372
1791380086.914 340372
1791380086.967 340372
1791380087.021 340372
1791380087.075 340372
1791380087.129 340372
1791380087.183 340372
1791380087.237 340372
1791380087.291 340372
1791380087.345 340372
1791380087.399 340372
1791380087.453 340372
1791380087.507 340372
1791380087.561 340372
1791380087.615 340372
1791380087.669 340372
1791380087.722 340372
1791380087.776 340372
1791380087.830 340372
1791380087.884 340372
1791380087.938 340372
1791380087.992 340372
1791380088.046 340372
1791380088.100 340372
1791380088.152 340372
1791380088.206 340372
1791380088.260 340372
1791380088.314 340372
1791380088.368 340372
1791380088.422 340372
1791380088.476 340372
1791380088.529 340372
1791380088.583 340372
1791380088.637 340372
1791380088.691 340372
1791380088.745 340372
1791380088.799 340372
1791380088.853 340372
1791380088.907 340372
1791380088.961 340372
1791380089.015 340372
1791380089.069 340372
1791380089.123 340372
1791380089.177 340372
1791380089.230 340372
1791380089.284 340372
1791380089.338 340372
1791380089.392 340372
1791380089.446 340372
1791380089.500 340372
1791380089.554 340372
1791380089.608 340372
1791380089.662 340372
1791380089.716 340372
1791380089.770 340372
1791380089.824 340372
1791380089.878 340372
1791380089.932 340372
1791380089.986 340372
1791380090.040 340372
1791380090.094 340372
1791380090.147 340372
1791380090.201 340372
1791380090.255 340372
1791380090.309 340372
1791380090.363 340372
1791380090.417 340372
1791380090.471 340372
1791380090.525 340372
1791380090.579 340372
1791380090.633 340372
1791380090.687 340372
1791380090.741 340372
1791380090.795 340372
1791380090.848 340372
1791380090.902 340372
1791380090.956 340372
1791380091.010 340372
1791380091.064 340372
1791380091.118 340372
1791380091.172 340372
1791380091.226 340372
1791380091.280 340372
1791380091.334 340372
1791380091.387 340372
1791380091.441 340372
1791380091.495 340372
1791380091.549 340372
1791380091.603 340372
1791380091.657 340372
1791380091.711 340372
1791380091.765 340372
1791380091.818 340372
1791380091.872 340372
1791380091.926 340372
1791380091.980 340372
1791380092.034 340372
1791380092.088 340372
1791380092.142 340372
1791380092.196 340372
1791380092.250 340372
1791380092.304 340372
1791380092.358 340372
1791380092.412 340372
1791380092.466 340372
1791380092.519 340372
1791380092.573 340372
1791380092.627 340372
1791380092.681 340372
1791380092.735 340372
1791380092.789 340372
1791380092.843 340372
1791380092.897 340372
1791380092.951 340372
1791380093.005 340372
1791380093.058 340372
1791380093.112 340372
1791380093.166 340372
1791380093.220 340372
1791380093.274 340372
1791380093.328 340372
1791380093.382 340372
1791380093.436 340372
1791380093.490 340372
1791380093.544 340372
1791380093.598 340372
1791380093.652 340372
1791380093.705 340372
1791380093.759 340372
1791380093.813 340372
1791380093.867 340372
1791380093.921 340372
1791380093.975 340372
1791380094.029 340372
1791380094.083 340372
1791380094.137 340372
1791380094.191 340372
1791380094.245 340372
1791380094.299 340372
1791380094.353 340372
1791380094.407 340372
1791380094.461 340372
1791380094.515 340372
1791380094.569 340372
1791380094.623 340372
1791380094.677 340372
1791380094.731 340372
1791380094.785 340372
1791380094.838 340372
1791380094.892 340372
1791380094.946 340372
1791380095.000 340372
1791380095.054 340372
1791380095.108 340372
1791380095.162 340372
1791380095.216 340372
1791380095.270 340372
1791380095.324 340372
1791380095.378 340372
1791380095.432 340372
1791380095.486 340372
1791380095.539 340372
1791380095.593 340372
1791380095.647 340372
1791380095.701 340372
1791380095.755 340372
1791380095.809 340372
1791380095.863 340372
1791380095.917 340372
1791380095.971 340372
1791380096.022 340372
1791380096.074 340372
1791380096.128 340372
1791380096.182 340372
1791380096.236 340372
1791380096.290 340372
1791380096.344 340372
1791380096.398 340372
1791380096.450 340372
1791380096.504 340372
1791380096.558 340372
1791380096.612 340372
1791380096.666 340372
1791380096.720 340372
1791380096.774 340372
1791380096.828 340372
1791380096.882 340372
1791380096.936 340372
1791380096.990 340372
1791380097.044 340372
1791380097.098 340372
1791380097.152 340372
1791380097.206 340372
1791380097.260 340372
1791380097.314 340372
1791380097.367 340372
1791380097.421 340372
1791380097.475 340372
1791380097.529 340372
1791380097.583 340372
1791380097.637 340372
1791380097.691 340372
1791380097.745 340372
1791380097.799 340372
1791380097.853 340372
1791380097.907 340372
1791380097.961 340372
1791380098.015 340372
1791380098.069 340372
1791380098.124 340372
1791380098.175 340372
1791380098.229 340372
1791380098.283 340372
1791380098.337 340372
1791380098.391 340372
1791380098.445 340372
1791380098.497 340372
1791380098.551 340372
1791380098.605 340372
1791380098.659 340372
1791380098.713 340372
1791380098.767 340372
1791380098.821 340372
1791380098.875 340372
1791380098.928 340372
1791380098.982 340372
1791380099.035 340372
1791380099.086 340372
1791380099.137 340372
1791380099.188 340372
1791380099.239 340372
1791380099.293 340372
1791380099.347 340372
1791380099.401 340372
1791380099.455 340372
1791380099.509 340372
1791380099.563 340372
1791380099.617 340372
1791380099.671 340372
1791380099.725 340372
1791380099.778 340372
1791380099.832 340372
1791380099.886 340372
1791380099.940 340372
1791380099.994 340372
1791380100.048 340372
1791380100.102 340372
1791380100.156 340372
1791380100.210 340372
1791380100.264 340372
1791380100.318 340372
1791380100.372 340372
1791380100.426 340372
1791380100.479 340372
1791380100.533 340372
1791380100.587 340372
1791380100.641 340372
1791380100.695 340372
1791380100.749 340372
1791380100.803 340372
1791380100.857 340372
1791380100.911 340372
1791380100.965 340372
1791380101.019 340372
1791380101.073 340372
1791380101.126 340372
1791380101.181 340372
1791380101.234 340372
1791380101.288 340372
1791380101.342 340372
1791380101.396 340372
1791380101.450 340372
1791380101.504 340372
1791380101.558 340372
1791380101.612 340372
1791380101.666 340372
1791380101.720 340372
1791380101.774 340372
1791380101.828 340372
1791380101.882 340372
1791380101.935 340372
1791380101.989 340372
1791380102.043 340372
1791380102.097 340372
1791380102.149 340372
1791380102.202 340372
1791380102.256 340372
1791380102.310 340372
1791380102.364 340372
1791380102.418 340372
1791380102.471 340372
1791380102.525 340372
1791380102.579 340372
1791380102.633 340372
1791380102.687 340372
1791380102.741 340372
1791380102.795 340372
1791380102.849 340372
1791380102.903 340372
1791380102.957 340372
1791380103.011 340372
1791380103.065 340372
1791380103.119 340372
1791380103.173 340372
1791380103.227 340372
1791380103.281 340372
1791380103.335 340372
1791380103.388 340372
1791380103.442 340372
1791380103.496 340372
1791380103.550 340372
1791380103.604 340372
1791380103.658 340372
1791380103.711 340372
1791380103.765 340372
1791380103.819 340372
1791380103.873 340372
1791380103.927 340372
1791380103.981 340372
1791380104.035 340372
1791380104.089 340372
1791380104.143 340372
1791380104.196 340372
1791380104.250 340372
1791380104.304 340372
1791380104.358 340372
1791380104.412 340372
1791380104.466 340372
1791380104.520 340372
1791380104.574 340372
1791380104.628 340372
1791380104.682 340372
1791380104.736 340372
1791380104.790 340372
1791380104.844 340372
1791380104.898 340372
1791380104.952 340372
1791380105.006 340372
1791380105.060 340372
1791380105.114 340372
1791380105.167 340372
1791380105.221 340372
1791380105.276 340372
1791380105.330 340372
1791380105.384 340372
1791380105.438 340372
1791380105.492 340372
1791380105.546 340372
1791380105.600 340372
1791380105.654 340372
1791380105.707 340372
1791380105.761 340372
1791380105.815 340372
1791380105.869 340372
1791380105.923 340372
1791380105.977 340372
1791380106.031 340372
1791380106.083 340372
1791380106.137 340372
1791380106.192 340372
1791380106.246 340372
1791380106.299 340372
1791380106.353 340372
1791380106.407 340372
1791380106.459 340372
1791380106.513 340372
1791380106.567 340372
1791380106.621 340372
1791380106.675 340372
1791380106.728 340372
1791380106.782 340372
1791380106.836 340372
1791380106.890 340372
1791380106.944 340372
1791380106.998 340372
1791380107.052 340372
1791380107.106 340372
1791380107.160 340372
1791380107.214 340372
1791380107.268 340372
1791380107.322 340372
1791380107.376 340372
1791380107.430 340372
1791380107.484 340372
1791380107.538 340372
1791380107.592 340372
1791380107.646 340372
1791380107.699 340372
1791380107.753 340372
1791380107.807 340372
1791380107.858 340372
1791380107.912 340372
1791380107.966 340372
1791380108.020 340372
1791380108.074 340372
1791380108.128 340372
1791380108.182 340372
1791380108.236 340372
1791380108.290 340372
1791380108.344 340372
1791380108.398 340372
1791380108.452 340372
1791380108.506 340372
1791380108.560 340372
1791380108.613 340372
1791380108.667 340372
1791380108.721 340372
1791380108.775 340372
1791380108.829 340372
1791380108.883 340372
1791380108.937 340372
1791380108.991 340372
1791380109.045 340372
1791380109.099 340372
1791380109.153 340372
1791380109.207 340372
1791380109.261 340372
1791380109.315 340372
1791380109.369 340372
1791380109.423 340372
1791380109.477 340372
1791380109.531 340372
1791380109.585 340372
1791380109.639 340372
1791380109.693 340372
1791380109.747 340372
1791380109.800 340372
1791380109.854 340372
1791380109.908 340372
1791380109.962 340372
1791380110.016 340372
1791380110.070 340372
1791380110.124 340372
1791380110.178 340372
1791380110.232 340372
1791380110.286 340372
1791380110.339 340372
1791380110.393 340372
1791380110.447 340372
1791380110.501 340372
1791380110.555 340372
1791380110.609 340372
1791380110.663 340372
1791380110.717 340372
1791380110.771 340372
1791380110.825 340372
1791380110.879 340372
1791380110.932 340372
1791380110.986 340372
1791380111.040 340372
1791380111.094 340372
1791380111.148 340372
1791380111.202 340372
1791380111.256 340372
1791380111.310 340372
1791380111.364 340372
1791380111.418 340372
1791380111.472 340372
1791380111.526 340372
1791380111.579 340372
1791380111.633 340372
1791380111.687 340372
1791380111.741 340372
1791380111.795 340372
1791380111.849 340372
1791380111.903 340372
1791380111.957 340372
1791380112.011 340372
1791380112.065 340372
1791380112.119 340372
1791380112.171 340372
1791380112.225 340372
1791380112.279 340372
1791380112.333 340372
1791380112.387 340372
1791380112.441 340372
1791380112.495 340372
1791380112.549 340372
1791380112.603 340372
1791380112.656 340372
1791380112.710 340372
1791380112.764 340372
1791380112.818 340372
1791380112.872 340372
1791380112.926 340372
1791380112.980 340372
1791380113.034 340372
1791380113.088 340372
1791380113.142 340372
1791380113.196 340372
1791380113.250 340372
1791380113.304 340372
1791380113.358 340372
1791380113.412 340372
1791380113.466 340372
1791380113.519 340372
1791380113.573 340372
1791380113.627 340372
1791380113.681 340372
1791380113.735 340372
1791380113.789 340372
1791380113.843 340372
1791380113.897 340372
1791380113.951 340372
1791380114.005 340372
1791380114.059 340372
1791380114.113 340372
1791380114.167 340372
1791380114.221 340372
1791380114.275 340372
1791380114.329 340372
1791380114.383 340372
1791380114.437 340372
1791380114.490 340372
1791380114.544 340372
1791380114.598 340372
1791380114.652 340372
1791380114.706 340372
1791380114.760 340372
1791380114.814 340372
1791380114.867 340372
1791380114.921 340372
1791380114.975 340372
1791380115.029 340372
1791380115.083 340372
1791380115.137 340372
1791380115.191 340372
1791380115.245 340372
1791380115.299 340372
1791380115.353 340372
1791380115.407 340372
1791380115.461 340372
1791380115.515 340372
1791380115.569 340372
1791380115.623 340372
1791380115.677 340372
1791380115.731 340372
1791380115.785 340372
1791380115.839 340372
1791380115.893 340372
1791380115.947 340372
1791380116.001 340372
1791380116.055 340372
1791380116.109 340372
1791380116.163 340372
1791380116.217 340372
1791380116.271 340372
1791380116.325 340372
1791380116.379 340372
1791380116.433 340372
1791380116.486 340372
1791380116.540 340372
1791380116.594 340372
1791380116.648 340372
1791380116.702 340372
1791380116.756 340372
1791380116.810 340372
1791380116.864 340372
1791380116.918 340372
1791380116.972 340372
1791380117.024 340372
1791380117.078 340372
1791380117.132 340372
1791380117.186 340372
1791380117.240 340372
1791380117.294 340372
1791380117.348 340372
1791380117.402 340372
1791380117.456 340372
1791380117.510 340372
1791380117.563 340372
1791380117.617 340372
1791380117.671 340372
1791380117.725 340372
1791380117.779 340372
1791380117.833 340372
1791380117.887 340372
1791380117.941 340372
1791380117.995 340372
1791380118.049 340372
1791380118.103 340372
1791380118.157 340372
1791380118.211 340372
1791380118.264 340372
1791380118.318 340372
1791380118.372 340372
1791380118.426 340372
1791380118.480 340372
1791380118.534 340372
1791380118.588 340372
1791380118.642 340372
1791380118.696 340372
1791380118.750 340372
1791380118.804 340372
1791380118.858 340372
1791380118.911 340372
1791380118.965 340372
1791380119.019 340372
1791380119.073 340372
1791380119.127 340372
1791380119.181 340372
1791380119.235 340372
1791380119.289 340372
1791380119.343 340372
1791380119.397 340372
1791380119.451 340372
1791380119.505 340372
1791380119.559 340372
1791380119.612 340372
1791380119.666 340372
1791380119.720 340372
1791380119.774 340372
1791380119.828 340372
1791380119.882 340372
1791380119.936 340372
1791380119.990 340372
1791380120.044 340372
1791380120.098 340372
1791380120.150 340372
1791380120.204 340372
1791380120.258 340372
1791380120.312 340372
1791380120.366 340372
1791380120.420 340372
1791380120.473 340372
1791380120.527 340372
1791380120.581 340372
1791380120.635 340372
1791380120.689 340372
1791380120.743 340372
1791380120.797 340372
1791380120.851 340372
1791380120.905 340372
1791380120.959 340372
1791380121.013 340372
1791380121.067 340372
1791380121.121 340372
1791380121.174 340372
1791380121.228 340372
1791380121.282 340372
1791380121.336 340372
1791380121.390 340372
1791380121.444 340372
1791380121.498 340372
1791380121.552 340372
1791380121.606 340372
1791380121.660 340372
1791380121.714 340372
1791380121.768 340372
1791380121.822 340372
1791380121.876 340372
1791380121.929 340372
1791380121.983 340372
1791380122.037 340372
1791380122.091 340372
1791380122.145 340372
1791380122.199 340372
1791380122.253 340372
1791380122.307 340372
1791380122.361 340372
1791380122.415 340372
1791380122.469 340372
1791380122.523 340372
1791380122.577 340372
1791380122.631 340372
1791380122.685 340372
1791380122.739 340372
1791380122.793 340372
1791380122.847 340372
1791380122.901 340372
1791380122.955 340372
1791380123.009 340372
1791380123.063 340372
1791380123.116 340372
1791380123.170 340372
1791380123.224 340372
1791380123.278 340372
1791380123.332 340372
1791380123.386 340372
1791380123.440 340372
1791380123.494 340372
1791380123.548 340372
1791380123.602 340372
1791380123.656 340372
1791380123.710 340372
1791380123.764 340372
1791380123.817 340372
1791380123.871 340372
1791380123.925 340372
1791380123.979 340372
1791380124.033 340372
1791380124.087 340372
1791380124.141 340372
1791380124.195 340372
1791380124.249 340372
1791380124.303 340372
1791380124.355 340372
1791380124.407 340372
1791380124.461 340372
1791380124.515 340372
1791380124.569 340372
1791380124.623 340372
1791380124.675 340372
1791380124.729 340372
1791380124.783 340372
1791380124.837 340372
1791380124.891 340372
1791380124.945 340372
1791380124.999 340372
1791380125.053 340372
1791380125.108 340372
1791380125.162 340372
1791380125.216 340372
1791380125.270 340372
1791380125.324 340372
1791380125.378 340372
1791380125.432 340372
1791380125.486 340372
1791380125.540 340372
1791380125.594 340372
1791380125.647 340372
1791380125.701 340372
1791380125.755 340372
1791380125.809 340372
1791380125.863 340372
1791380125.917 340372
1791380125.972 340372
1791380126.026 340372
1791380126.079 340372
1791380126.133 340372
1791380126.187 340372
1791380126.241 340372
1791380126.295 340372
1791380126.349 340372
1791380126.403 340372
1791380126.457 340372
1791380126.511 340372
1791380126.565 340372
1791380126.619 340372
1791380126.673 340372
1791380126.728 340372
1791380126.781 340372
1791380126.835 340372
1791380126.889 340372
1791380126.943 340372
1791380126.997 340372
1791380127.051 340372
1791380127.105 340372
1791380127.159 340372
1791380127.213 340372
1791380127.267 340372
1791380127.321 340372
1791380127.375 340372
1791380127.429 340372
1791380127.482 340372
1791380127.536 340372
1791380127.590 340372
1791380127.644 340372
1791380127.698 340372
1791380127.752 340372
1791380127.806 340372
1791380127.860 340372
1791380127.914 340372
1791380127.968 340372
1791380128.022 340372
1791380128.076 340372
1791380128.129 340372
1791380128.181 340372
1791380128.235 340372
1791380128.289 340372
1791380128.343 340372
1791380128.397 340372
1791380128.448 340372
1791380128.502 340372
1791380128.556 340372
1791380128.610 340372
1791380128.663 340372
1791380128.717 340372
1791380128.771 340372
1791380128.825 340372
1791380128.879 340372
1791380128.933 340372
1791380128.987 340372
1791380129.041 340372
1791380129.095 340372
1791380129.149 340372
1791380129.203 340372
1791380129.257 340372
1791380129.311 340372
1791380129.365 340372
1791380129.419 340372
1791380129.473 340372
1791380129.527 340372
1791380129.581 340372
1791380129.635 340372
1791380129.689 340372
1791380129.743 340372
1791380129.797 340372
1791380129.851 340372
1791380129.905 340372
1791380129.959 340372
1791380130.013 340372
1791380130.067 340372
1791380130.121 340372
1791380130.175 340372
1791380130.229 340372
1791380130.282 340372
1791380130.336 340372
1791380130.390 340372
1791380130.444 340372
1791380130.498 340372
1791380130.552 340372
1791380130.606 340372
1791380130.660 340372
1791380130.714 340372
1791380130.768 340372
1791380130.822 340372
1791380130.876 340372
1791380130.929 340372
1791380130.983 340372
1791380131.037 340372
1791380131.091 340372
1791380131.145 340372
1791380131.199 340372
1791380131.253 340372
1791380131.307 340372
1791380131.361 340372
1791380131.415 340372
1791380131.468 340372
1791380131.522 340372
1791380131.576 340372
1791380131.630 340372
1791380131.684 340372
1791380131.738 340372
1791380131.792 340372
1791380131.846 340372
1791380131.900 340372
1791380131.954 340372
1791380132.008 340372
1791380132.062 340372
1791380132.116 340372
1791380132.169 340372
1791380132.223 340372
1791380132.277 340372
1791380132.331 340372
1791380132.385 340372
1791380132.439 340372
1791380132.493 340372
1791380132.547 340372
1791380132.601 340372
1791380132.655 340372
1791380132.709 340372
1791380132.763 340372
1791380132.817 340372
1791380132.871 340372
1791380132.925 340372
1791380132.979 340372
1791380133.033 340372
1791380133.087 340372
1791380133.141 340372
1791380133.195 340372
1791380133.249 340372
1791380133.303 340372
1791380133.357 340372
1791380133.411 340372
1791380133.464 340372
1791380133.518 340372
1791380133.572 340372
1791380133.626 340372
1791380133.680 340372
1791380133.734 340372
1791380133.788 340372
1791380133.842 340372
1791380133.896 340372
1791380133.950 340372
1791380134.004 340372
1791380134.058 340372
1791380134.112 340372
1791380134.166 340372
1791380134.219 340372
1791380134.273 340372
1791380134.327 340372
1791380134.381 340372
1791380134.435 340372
1791380134.489 340372
1791380134.543 340372
1791380134.597 340372
1791380134.651 340372
1791380134.705 340372
1791380134.759 340372
1791380134.813 340372
1791380134.867 340372
1791380134.921 340372
1791380134.974 340372
1791380135.028 340372
1791380135.082 340372
1791380135.136 340372
1791380135.190 340372
1791380135.244 340372
1791380135.298 340372
1791380135.352 340372
1791380135.406 340372
1791380135.460 340372
1791380135.514 340372
1791380135.568 340372
1791380135.622 340372
1791380135.676 340372
1791380135.730 340372
1791380135.783 340372
1791380135.837 340372
1791380135.891 340372
1791380135.945 340372
1791380135.999 340372
1791380136.053 340372
1791380136.107 340372
1791380136.161 340372
1791380136.215 340372
1791380136.269 340372
1791380136.323 340372
1791380136.377 340372
1791380136.430 340372
1791380136.482 340372
1791380136.535 340372
1791380136.589 340372
1791380136.643 340372
1791380136.697 340372
1791380136.750 340372
1791380136.804 340372
1791380136.858 340372
1791380136.912 340372
1791380136.966 340372
1791380137.019 340372
1791380137.073 340372
1791380137.127 340372
1791380137.181 340372
1791380137.235 340372
1791380137.289 340372
1791380137.343 340372
1791380137.397 340372
1791380137.451 340372
1791380137.505 340372
1791380137.559 340372
1791380137.613 340372
1791380137.667 340372
1791380137.721 340372
1791380137.775 340372
1791380137.829 340372
1791380137.882 340372
1791380137.936 340372
1791380137.990 340372
1791380138.044 340372
1791380138.098 340372
1791380138.154 340372
1791380138.208 340372
1791380138.261 340372
1791380138.315 340372
1791380138.369 340372
1791380138.423 340372
1791380138.477 340372
1791380138.531 340372
1791380138.585 340372
1791380138.639 340372
1791380138.693 340372
1791380138.747 340372
1791380138.801 340372
1791380138.855 340372
1791380138.908 340372
1791380138.962 340372
1791380139.016 340372
1791380139.070 340372
1791380139.124 340372
1791380139.178 340372
1791380139.232 340372
1791380139.286 340372
1791380139.340 340372
1791380139.394 340372
1791380139.448 340372
1791380139.502 340372
1791380139.555 340372
1791380139.609 340372
1791380139.663 340372
1791380139.717 340372
1791380139.771 340372
1791380139.825 340372
1791380139.879 340372
1791380139.933 340372
1791380139.987 340372
1791380140.041 340372
1791380140.095 340372
1791380140.149 340372
1791380140.203 340372
1791380140.257 340372
1791380140.311 340372
1791380140.365 340372
1791380140.419 340372
1791380140.473 340372
1791380140.526 340372
1791380140.580 340372
1791380140.634 340372
1791380140.685 340372
1791380140.739 340372
1791380140.793 340372
1791380140.847 340372
1791380140.901 340372
1791380140.955 340372
1791380141.009 340372
1791380141.063 340372
1791380141.118 340372
1791380141.172 340372
1791380141.225 340372
1791380141.279 340372
1791380141.333 340372
1791380141.387 340372
1791380141.441 340372
1791380141.493 340372
1791380141.547 340372
1791380141.601 340372
1791380141.655 340372
1791380141.709 340372
1791380141.763 340372
1791380141.817 340372
1791380141.871 340372
1791380141.925 340372
1791380141.978 340372
1791380142.032 340372
1791380142.086 340372
1791380142.140 340372
1791380142.194 340372
1791380142.248 340372
1791380142.302 340372
1791380142.356 340372
1791380142.410 340372
1791380142.464 340372
1791380142.518 340372
1791380142.572 340372
1791380142.626 340372
1791380142.680 340372
1791380142.734 340372
1791380142.788 340372
1791380142.842 340372
1791380142.896 340372
1791380142.950 340372
1791380143.004 340372
1791380143.058 340372
1791380143.112 340372
1791380143.166 340372
1791380143.220 340372
1791380143.274 340372
1791380143.327 340372
1791380143.381 340372
1791380143.435 340372
1791380143.489 340372
1791380143.543 340372
1791380143.597 340372
1791380143.651 340372
1791380143.705 340372
1791380143.759 340372
1791380143.813 340372
1791380143.867 340372
1791380143.921 340372
1791380143.975 340372
1791380144.029 340372
1791380144.083 340372
1791380144.138 340372
1791380144.192 340372
1791380144.246 340372
1791380144.300 340372
1791380144.354 340372
1791380144.407 340372
1791380144.461 340372
1791380144.515 340372
1791380144.569 340372
1791380144.623 340372
1791380144.677 340372
1791380144.731 340372
1791380144.785 340372
1791380144.839 340372
1791380144.893 340372
1791380144.947 340372
1791380145.001 340372
1791380145.054 340372
1791380145.108 340372
1791380145.162 340372
1791380145.213 340372
1791380145.267 340372
1791380145.321 340372
1791380145.375 340372
1791380145.429 340372
1791380145.483 340372
1791380145.537 340372
1791380145.591 340372
1791380145.645 340372
1791380145.699 340372
1791380145.753 340372
1791380145.807 340372
1791380145.861 340372
1791380145.915 340372
1791380145.969 340372
1791380146.023 340372
1791380146.077 340372
1791380146.131 340372
1791380146.185 340372
1791380146.239 340372
1791380146.293 340372
1791380146.347 340372
1791380146.401 340372
1791380146.455 340372
1791380146.509 340372
1791380146.563 340372
1791380146.617 340372
1791380146.670 340372
1791380146.724 340372
1791380146.778 340372
1791380146.832 340372
1791380146.886 340372
1791380146.940 340372
1791380146.994 340372
1791380147.048 340372
1791380147.102 340372
1791380147.156 340372
1791380147.210 340372
1791380147.264 340372
1791380147.318 340372
1791380147.372 340372
1791380147.426 340372
1791380147.480 340372
1791380147.533 340372
1791380147.587 340372
1791380147.641 340372
1791380147.695 340372
1791380147.749 340372
1791380147.803 340372
1791380147.857 340372
1791380147.911 340372
1791380147.965 340372
1791380148.019 340372
1791380148.073 340372
1791380148.127 340372
1791380148.178 340372
1791380148.232 340372
1791380148.286 340372
1791380148.340 340372
1791380148.394 340372
1791380148.448 340372
1791380148.502 340372
1791380148.556 340372
1791380148.610 340372
1791380148.664 340372
1791380148.718 340372
1791380148.772 340372
1791380148.826 340372
1791380148.879 340372
1791380148.933 340372
1791380148.987 340372
1791380149.041 340372
1791380149.095 340372
1791380149.149 340372
1791380149.203 340372
1791380149.257 340372
1791380149.311 340372
1791380149.365 340372
1791380149.419 340372
1791380149.473 340372
1791380149.527 340372
1791380149.581 340372
1791380149.634 340372
1791380149.688 340372
1791380149.742 340372
1791380149.796 340372
1791380149.850 340372
1791380149.904 340372
1791380149.958 340372
1791380150.012 340372
1791380150.066 340372
1791380150.120 340372
1791380150.174 340372
1791380150.228 340372
1791380150.282 340372
1791380150.336 340372
1791380150.390 340372
1791380150.444 340372
1791380150.497 340372
1791380150.551 340372
1791380150.605 340372
1791380150.659 340372
1791380150.713 340372
1791380150.767 340372
1791380150.821 340372
1791380150.875 340372
1791380150.929 340372
1791380150.983 340372
1791380151.037 340372
1791380151.091 340372
1791380151.145 340372
1791380151.198 340372
1791380151.252 340372
1791380151.306 340372
1791380151.360 340372
1791380151.414 340372
1791380151.468 340372
1791380151.522 340372
1791380151.576 340372
1791380151.630 340372
1791380151.684 340372
1791380151.738 340372
1791380151.792 340372
1791380151.846 340372
1791380151.900 340372
1791380151.953 340372
1791380152.007 340372
1791380152.061 340372
1791380152.115 340372
1791380152.169 340372
1791380152.223 340372
1791380152.277 340372
1791380152.331 340372
1791380152.385 340372
1791380152.439 340372
1791380152.493 340372
1791380152.546 340372
1791380152.600 340372
1791380152.654 340372
1791380152.708 340372
1791380152.762 340372
1791380152.816 340372
1791380152.870 340372
1791380152.924 340372
1791380152.978 340372
1791380153.032 340372
1791380153.086 340372
1791380153.139 340372
1791380153.193 340372
1791380153.247 340372
1791380153.301 340372
1791380153.355 340372
1791380153.409 340372
1791380153.463 340372
1791380153.517 340372
1791380153.570 340372
1791380153.624 340372
1791380153.678 340372
1791380153.732 340372
1791380153.786 340372
1791380153.840 340372
1791380153.894 340372
1791380153.948 340372
1791380154.002 340372
1791380154.056 340372
1791380154.110 340372
1791380154.164 340372
1791380154.218 340372
1791380154.272 340372
1791380154.326 340372
1791380154.380 340372
1791380154.434 340372
1791380154.485 340372
1791380154.539 340372
1791380154.593 340372
1791380154.647 340372
1791380154.701 340372
1791380154.755 340372
1791380154.809 340372
1791380154.863 340372
1791380154.917 340372
1791380154.972 340372
1791380155.026 340372
1791380155.080 340372
1791380155.134 340372
1791380155.188 340372
1791380155.242 340372
1791380155.296 340372
1791380155.350 340372
1791380155.403 340372
1791380155.457 340372
1791380155.511 340372
1791380155.565 340372
1791380155.619 340372
1791380155.673 340372
1791380155.727 340372
1791380155.781 340372
1791380155.835 340372
1791380155.889 340372
1791380155.940 340372
1791380155.994 340372
1791380156.048 340372
1791380156.102 340372
1791380156.156 340372
1791380156.210 340372
1791380156.264 340372
1791380156.318 340372
1791380156.372 340372
1791380156.426 340372
1791380156.479 340372
1791380156.533 340372
1791380156.587 340372
1791380156.641 340372
1791380156.695 340372
1791380156.749 340372
1791380156.803 340372
1791380156.857 340372
1791380156.911 340372
1791380156.965 340372
1791380157.018 340372
1791380157.072 340372
1791380157.126 340372
1791380157.180 340372
1791380157.234 340372
1791380157.288 340372
1791380157.342 340372
1791380157.396 340372
1791380157.450 340372
1791380157.504 340372
1791380157.558 340372
1791380157.612 340372
1791380157.666 340372
1791380157.719 340372
1791380157.773 340372
1791380157.827 340372
1791380157.881 340372
1791380157.935 340372
1791380157.989 340372
1791380158.043 340372
1791380158.097 340372
1791380158.151 340372
1791380158.202 340372
1791380158.256 340372
1791380158.310 340372
1791380158.364 340372
1791380158.418 340372
1791380158.471 340372
1791380158.525 340372
1791380158.579 340372
1791380158.633 340372
1791380158.688 340372
1791380158.742 340372
1791380158.796 340372
1791380158.850 340372
1791380158.904 340372
1791380158.958 340372
1791380159.012 340372
1791380159.066 340372
1791380159.120 340372
1791380159.174 340372
1791380159.228 340372
1791380159.283 340372
1791380159.337 340372
1791380159.390 340372
1791380159.444 340372
1791380159.498 340372
1791380159.552 340372
1791380159.606 340372
1791380159.660 340372
1791380159.714 340372
1791380159.768 340372
1791380159.822 340372
1791380159.876 340372
1791380159.930 340372
1791380159.984 340372
1791380160.038 340372
1791380160.092 340372
1791380160.146 340372
1791380160.199 340372
1791380160.253 340372
1791380160.307 340372
1791380160.361 340372
1791380160.415 340372
1791380160.469 340372
1791380160.523 340372
1791380160.577 340372
1791380160.631 340372
1791380160.685 340372
1791380160.739 340372
1791380160.793 340372
1791380160.847 340372
1791380160.901 340372
1791380160.954 340372
1791380161.008 340372
1791380161.062 340372
1791380161.116 340372
1791380161.170 340372
1791380161.224 340372
1791380161.278 340372
1791380161.332 340372
1791380161.386 340372
1791380161.437 340372
1791380161.489 340372
1791380161.540 340372
1791380161.592 340372
1791380161.644 340372
1791380161.698 340372
1791380161.752 340372
1791380161.806 340372
1791380161.860 340372
1791380161.911 340372
1791380161.965 340372
1791380162.019 340372
1791380162.073 340372
1791380162.127 340372
1791380162.180 340372
1791380162.231 340372
1791380162.283 340372
1791380162.337 340372
1791380162.391 340372
1791380162.445 340372
1791380162.499 340372
1791380162.553 340372
1791380162.606 340372
1791380162.660 340372
1791380162.714 340372
1791380162.768 340372
1791380162.822 340372
1791380162.876 340372
1791380162.930 340372
1791380162.984 340372
1791380163.038 340372
1791380163.092 340372
1791380163.146 340372
1791380163.200 340372
1791380163.254 340372
1791380163.308 340372
1791380163.361 340372
1791380163.415 340372
1791380163.469 340372
1791380163.523 340372
1791380163.577 340372
1791380163.631 340372
1791380163.685 340372
1791380163.739 340372
1791380163.793 340372
1791380163.847 340372
1791380163.901 340372
1791380163.955 340372
1791380164.009 340372
1791380164.063 340372
1791380164.116 340372
1791380164.170 340372
1791380164.224 340372
1791380164.278 340372
1791380164.332 340372
1791380164.386 340372
1791380164.437 340372
1791380164.489 340372
1791380164.540 340372
1791380164.592 340372
1791380164.646 340372
1791380164.700 340372
1791380164.754 340372
1791380164.808 340372
1791380164.862 340372
1791380164.916 340372
1791380164.970 340372
1791380165.024 340372
1791380165.078 340372
1791380165.132 340372
1791380165.186 340372
1791380165.240 340372
1791380165.294 340372
1791380165.348 340372
1791380165.402 340372
1791380165.456 340372
1791380165.509 340372
1791380165.563 340372
1791380165.617 340372
1791380165.671 340372
1791380165.725 340372
1791380165.779 340372
1791380165.833 340372
1791380165.887 340372
1791380165.941 340372
1791380165.995 340372
1791380166.049 340372
1791380166.101 340372
1791380166.155 340372
1791380166.209 340372
1791380166.263 340372
1791380166.317 340372
1791380166.371 340372
1791380166.424 340372
1791380166.478 340372
1791380166.532 340372
1791380166.586 340372
1791380166.640 340372
1791380166.694 340372
1791380166.747 340372
1791380166.802 340372
1791380166.856 340372
1791380166.910 340372
1791380166.964 340372
1791380167.018 340372
1791380167.072 340372
1791380167.126 340372
1791380167.179 340372
1791380167.233 340372
1791380167.287 340372
1791380167.341 340372
1791380167.395 340372
1791380167.449 340372
1791380167.503 340372
1791380167.557 340372
1791380167.611 340372
1791380167.665 340372
1791380167.719 340372
1791380167.773 340372
1791380167.826 340372
1791380167.880 340372
1791380167.934 340372
1791380167.988 340372
1791380168.042 340372
1791380168.096 340372
1791380168.150 340372
1791380168.201 340372
1791380168.255 340372
1791380168.309 340372
1791380168.363 340372
1791380168.417 340372
1791380168.471 340372
1791380168.525 340372
1791380168.579 340372
1791380168.632 340372
1791380168.686 340372
1791380168.740 340372
1791380168.794 340372
1791380168.848 340372
1791380168.902 340372
1791380168.956 340372
1791380169.010 340372
1791380169.064 340372
1791380169.118 340372
1791380169.172 340372
1791380169.226 340372
1791380169.280 340372
1791380169.334 340372
1791380169.388 340372
1791380169.442 340372
1791380169.495 340372
1791380169.549 340372
1791380169.603 340372
1791380169.657 340372
1791380169.711 340372
1791380169.765 340372
1791380169.819 340372
1791380169.873 340372
1791380169.927 340372
1791380169.981 340372
1791380170.035 340372
1791380170.089 340372
1791380170.143 340372
1791380170.197 340372
1791380170.251 340372
1791380170.305 340372
1791380170.359 340372
1791380170.413 340372
1791380170.467 340372
1791380170.518 340372
1791380170.571 340372
1791380170.625 340372
1791380170.679 340372
1791380170.733 340372
1791380170.787 340372
1791380170.841 340372
1791380170.895 340372
1791380170.949 340372
1791380171.003 340372
1791380171.057 340372
1791380171.111 340372
1791380171.165 340372
1791380171.219 340372
1791380171.273 340372
1791380171.327 340372
1791380171.381 340372
1791380171.435 340372
1791380171.489 340372
1791380171.543 340372
1791380171.597 340372
1791380171.650 340372
1791380171.704 340372
1791380171.758 340372
1791380171.812 340372
1791380171.866 340372
1791380171.920 340372
1791380171.974 340372
1791380172.028 340372
1791380172.082 340372
1791380172.136 340372
1791380172.190 340372
1791380172.244 340372
1791380172.298 340372
1791380172.352 340372
1791380172.405 340372
1791380172.459 340372
1791380172.513 340372
1791380172.567 340372
1791380172.621 340372
1791380172.675 340372
1791380172.729 340372
1791380172.783 340372
1791380172.837 340372
1791380172.891 340372
1791380172.945 340372
1791380172.999 340372
1791380173.053 340372
1791380173.106 340372
1791380173.160 340372
1791380173.214 340372
1791380173.268 340372
1791380173.322 340372
1791380173.376 340372
1791380173.430 340372
1791380173.484 340372
1791380173.538 340372
1791380173.592 340372
1791380173.646 340372
1791380173.700 340372
1791380173.753 340372
1791380173.807 340372
1791380173.861 340372
1791380173.915 340372
1791380173.969 340372
1791380174.023 340372
1791380174.077 340372
1791380174.131 340372
1791380174.185 340372
1791380174.239 340372
1791380174.293 340372
1791380174.347 340372
1791380174.401 340372
1791380174.455 340372
1791380174.508 340372
1791380174.562 340372
1791380174.616 340372
1791380174.670 340372
1791380174.724 340372
1791380174.778 340372
1791380174.832 340372
1791380174.886 340372
1791380174.940 340372
1791380174.994 340372
1791380175.048 340372
1791380175.101 340372
1791380175.155 340372
1791380175.209 340372
1791380175.263 340372
1791380175.317 340372
1791380175.371 340372
1791380175.425 340372
1791380175.479 340372
1791380175.533 340372
1791380175.585 340372
1791380175.639 340372
1791380175.693 340372
1791380175.747 340372
1791380175.801 340372
1791380175.855 340372
1791380175.909 340372
1791380175.963 340372
1791380176.016 340372
1791380176.070 340372
1791380176.124 340372
1791380176.178 340372
1791380176.232 340372
1791380176.286 340372
1791380176.340 340372
1791380176.394 340372
1791380176.448 340372
1791380176.502 340372
1791380176.556 340372
1791380176.610 340372
1791380176.664 340372
1791380176.718 340372
1791380176.772 340372
1791380176.826 340372
1791380176.879 340372
1791380176.933 340372
1791380176.988 340372
1791380177.042 340372
1791380177.095 340372
1791380177.149 340372
1791380177.203 340372
1791380177.257 340372
1791380177.311 340372
1791380177.365 340372
1791380177.419 340372
1791380177.473 340372
1791380177.527 340372
1791380177.581 340372
1791380177.635 340372
1791380177.689 340372
1791380177.743 340372
1791380177.796 340372
1791380177.850 340372
1791380177.904 340372
1791380177.958 340372
1791380178.012 340372
1791380178.066 340372
1791380178.120 340372
1791380178.174 340372
1791380178.228 340372
1791380178.282 340372
1791380178.336 340372
1791380178.390 340372
1791380178.444 340372
1791380178.498 340372
1791380178.552 340372
1791380178.605 340372
1791380178.659 340372
1791380178.713 340372
1791380178.767 340372
1791380178.821 340372
1791380178.875 340372
1791380178.929 340372
1791380178.983 340372
1791380179.037 340372
1791380179.091 340372
1791380179.142 340372
1791380179.193 340372
1791380179.246 340372
1791380179.300 340372
1791380179.354 340372
1791380179.408 340372
1791380179.462 340372
1791380179.516 340372
1791380179.570 340372
1791380179.624 340372
1791380179.677 340372
1791380179.731 340372
1791380179.785 340372
1791380179.839 340372
1791380179.893 340372
1791380179.947 340372
1791380180.001 340372
1791380180.055 340372
1791380180.109 340372
1791380180.163 340372
1791380180.217 340372
1791380180.271 340372
1791380180.324 340372
1791380180.378 340372
1791380180.432 340372
1791380180.486 340372
1791380180.540 340372
1791380180.594 340372
1791380180.648 340372
1791380180.702 340372
1791380180.756 340372
1791380180.809 340372
1791380180.863 340372
1791380180.917 340372
1791380180.971 340372
1791380181.025 340372
1791380181.079 340372
1791380181.133 340372
1791380181.187 340372
1791380181.241 340372
1791380181.295 340372
1791380181.349 340372
1791380181.403 340372
1791380181.456 340372
1791380181.510 340372
1791380181.564 340372
1791380181.618 340372
1791380181.672 340372
1791380181.726 340372
1791380181.780 340372
1791380181.834 340372
1791380181.888 340372
1791380181.942 340372
1791380181.996 340372
1791380182.050 340372
1791380182.104 340372
1791380182.158 340372
1791380182.212 340372
1791380182.266 340372
1791380182.320 340372
1791380182.374 340372
1791380182.428 340372
1791380182.482 340372
1791380182.535 340372
1791380182.589 340372
1791380182.643 340372
1791380182.697 340372
1791380182.751 340372
1791380182.805 340372
1791380182.859 340372
1791380182.913 340372
1791380182.967 340372
1791380183.021 340372
1791380183.075 340372
1791380183.129 340372
1791380183.183 340372
1791380183.237 340372
1791380183.291 340372
1791380183.345 340372
1791380183.399 340372
1791380183.453 340372
1791380183.507 340372
1791380183.560 340372
1791380183.614 340372
1791380183.668 340372
1791380183.722 340372
1791380183.776 340372
1791380183.830 340372
1791380183.884 340372
1791380183.938 340372
1791380183.992 340372
1791380184.046 340372
1791380184.100 340372
1791380184.154 340372
1791380184.208 340372
1791380184.262 340372
1791380184.316 340372
1791380184.370 340372
1791380184.423 340372
1791380184.477 340372
1791380184.531 340372
1791380184.585 340372
1791380184.639 340372
1791380184.693 340372
1791380184.747 340372
1791380184.801 340372
1791380184.855 340372
1791380184.909 340372
1791380184.963 340372
1791380185.017 340372
1791380185.071 340372
1791380185.125 340372
1791380185.179 340372
1791380185.233 340372
1791380185.287 340372
1791380185.341 340372
1791380185.395 340372
1791380185.448 340372
1791380185.502 340372
1791380185.556 340372
1791380185.610 340372
1791380185.664 340372
1791380185.718 340372
1791380185.772 340372
1791380185.826 340372
1791380185.880 340372
1791380185.934 340372
1791380185.988 340372
1791380186.042 340372
1791380186.096 340372
1791380186.150 340372
1791380186.204 340372
1791380186.258 340372
1791380186.312 340372
1791380186.366 340372
1791380186.418 340372
1791380186.472 340372
1791380186.526 340372
1791380186.580 340372
1791380186.634 340372
1791380186.688 340372
1791380186.742 340372
1791380186.795 340372
1791380186.849 340372
1791380186.903 340372
1791380186.957 340372
1791380187.011 340372
1791380187.065 340372
1791380187.119 340372
1791380187.173 340372
1791380187.227 340372
1791380187.281 340372
1791380187.335 340372
1791380187.389 340372
1791380187.443 340372
1791380187.496 340372
1791380187.550 340372
1791380187.604 340372
1791380187.658 340372
1791380187.712 340372
1791380187.766 340372
1791380187.820 340372
1791380187.874 340372
1791380187.928 340372
1791380187.982 340372
1791380188.036 340372
1791380188.090 340372
1791380188.144 340372
1791380188.195 340372
1791380188.246 340372
1791380188.300 340372
1791380188.354 340372
1791380188.408 340372
1791380188.462 340372
1791380188.516 340372
1791380188.570 340372
1791380188.624 340372
1791380188.678 340372
1791380188.732 340372
1791380188.786 340372
1791380188.840 340372
1791380188.894 340372
1791380188.948 340372
1791380189.002 340372
1791380189.056 340372
1791380189.110 340372
1791380189.164 340372
1791380189.218 340372
1791380189.272 340372
1791380189.326 340372
1791380189.380 340372
1791380189.434 340372
1791380189.488 340372
1791380189.541 340372
1791380189.595 340372
1791380189.649 340372
1791380189.703 340372
1791380189.757 340372
1791380189.811 340372
1791380189.865 340372
1791380189.919 340372
1791380189.973 340372
1791380190.027 340372
1791380190.081 340372
1791380190.135 340372
1791380190.189 340372
1791380190.243 340372
1791380190.297 340372
1791380190.351 340372
1791380190.405 340372
1791380190.459 340372
1791380190.512 340372
1791380190.566 340372
1791380190.620 340372
1791380190.674 340372
1791380190.728 340372
1791380190.782 340372
1791380190.836 340372
1791380190.890 340372
1791380190.944 340372
1791380190.998 340372
1791380191.052 340372
1791380191.106 340372
1791380191.160 340372
1791380191.213 340372
1791380191.267 340372
1791380191.321 340372
1791380191.375 340372
1791380191.429 340372
1791380191.483 340372
1791380191.539 340372
1791380191.596 340372
1791380191.651 340372
1791380191.705 340372
1791380191.758 340372
1791380191.812 340372
1791380191.866 340372
1791380191.920 340372
1791380191.974 340372
1791380192.028 340372
1791380192.082 340372
1791380192.136 340372
1791380192.190 340372
1791380192.244 340372
1791380192.298 340372
1791380192.352 340372
1791380192.405 340372
1791380192.459 340372
1791380192.513 340372
1791380192.567 340372
1791380192.621 340372
1791380192.675 340372
1791380192.729 340372
1791380192.783 340372
1791380192.837 340372
1791380192.891 340372
1791380192.945 340372
1791380192.998 340372
1791380193.052 340372
1791380193.106 340372
1791380193.160 340372
1791380193.214 340372
1791380193.268 340372
1791380193.322 340372
1791380193.376 340372
1791380193.430 340372
1791380193.484 340372
1791380193.538 340372
1791380193.592 340372
1791380193.646 340372
1791380193.699 340372
1791380193.753 340372
1791380193.807 340372
1791380193.861 340372
1791380193.915 340372
1791380193.969 340372
1791380194.023 340372
1791380194.077 340372
1791380194.131 340372
1791380194.185 340372
1791380194.239 340372
1791380194.292 340372
1791380194.346 340372
1791380194.400 340372
1791380194.454 340372
1791380194.508 340372
1791380194.562 340372
1791380194.616 340372
1791380194.670 340372
1791380194.724 340372
1791380194.778 340372
1791380194.832 340372
1791380194.885 340372
1791380194.939 340372
1791380194.993 340372
1791380195.047 340372
1791380195.101 340372
1791380195.155 340372
1791380195.209 340372
1791380195.263 340372
1791380195.317 340372
1791380195.371 340372
1791380195.425 340372
1791380195.479 340372
1791380195.533 340372
1791380195.586 340372
1791380195.640 340372
1791380195.694 340372
1791380195.748 340372
1791380195.802 340372
1791380195.856 340372
1791380195.910 340372
1791380195.964 340372
1791380196.018 340372
1791380196.072 340372
1791380196.126 340372
1791380196.180 340372
1791380196.233 340372
1791380196.287 340372
1791380196.341 340372
1791380196.395 340372
1791380196.449 340372
1791380196.503 340372
1791380196.557 340372
1791380196.611 340372
1791380196.665 340372
1791380196.719 340372
1791380196.773 340372
1791380196.826 340372
1791380196.880 340372
1791380196.934 340372
1791380196.988 340372
1791380197.042 340372
1791380197.096 340372
1791380197.147 340372
1791380197.201 340372
1791380197.255 340372
1791380197.309 340372
1791380197.361 340372
1791380197.415 340372
1791380197.469 340372
1791380197.523 340372
1791380197.577 340372
1791380197.631 340372
1791380197.684 340372
1791380197.738 340372
1791380197.792 340372
1791380197.846 340372
1791380197.900 340372
1791380197.954 340372
1791380198.008 340372
1791380198.062 340372
1791380198.117 340372
1791380198.172 340372
1791380198.226 340372
1791380198.280 340372
1791380198.334 340372
1791380198.388 340372
1791380198.442 340372
1791380198.496 340372
1791380198.550 340372
1791380198.604 340372
1791380198.657 340372
1791380198.711 340372
1791380198.765 340372
1791380198.819 340372
1791380198.873 340372
1791380198.927 340372
1791380198.981 340372
1791380199.035 340372
1791380199.089 340372
1791380199.143 340372
1791380199.197 340372
1791380199.251 340372
1791380199.304 340372
1791380199.359 340372
1791380199.412 340372
1791380199.466 340372
1791380199.520 340372
1791380199.574 340372
1791380199.628 340372
1791380199.682 340372
1791380199.736 340372
1791380199.790 340372
1791380199.844 340372
1791380199.898 340372
1791380199.952 340372
1791380200.006 340372
1791380200.060 340372
1791380200.113 340372
1791380200.167 340372
1791380200.221 340372
1791380200.275 340372
1791380200.329 340372
1791380200.383 340372
1791380200.437 340372
1791380200.491 340372
1791380200.545 340372
1791380200.598 340372
1791380200.652 340372
1791380200.706 340372
1791380200.760 340372
1791380200.814 340372
1791380200.868 340372
1791380200.922 340372
1791380200.976 340372
1791380201.030 340372
1791380201.084 340372
1791380201.138 340372
1791380201.191 340372
1791380201.245 340372
1791380201.299 340372
1791380201.353 340372
1791380201.407 340372
1791380201.461 340372
1791380201.515 340372
1791380201.566 340372
1791380201.620 340372
1791380201.674 340372
1791380201.728 340372
1791380201.782 340372
1791380201.836 340372
1791380201.890 340372
1791380201.944 340372
1791380201.998 340372
1791380202.052 340372
1791380202.106 340372
1791380202.160 340372
1791380202.214 340372
1791380202.268 340372
1791380202.322 340372
1791380202.376 340372
1791380202.430 340372
1791380202.484 340372
1791380202.538 340372
1791380202.592 340372
1791380202.646 340372
1791380202.699 340372
1791380202.753 340372
1791380202.807 340372
1791380202.861 340372
1791380202.915 340372
1791380202.969 340372
1791380203.023 340372
1791380203.077 340372
1791380203.131 340372
1791380203.185 340372
1791380203.239 340372
1791380203.292 340372
1791380203.346 340372
1791380203.400 340372
1791380203.454 340372
1791380203.508 340372
1791380203.562 340372
1791380203.616 340372
1791380203.670 340372
1791380203.724 340372
1791380203.778 340372
1791380203.832 340372
1791380203.886 340372
1791380203.939 340372
1791380203.993 340372
1791380204.047 340372
1791380204.101 340372
1791380204.155 340372
1791380204.209 340372
1791380204.263 340372
1791380204.317 340372
1791380204.371 340372
1791380204.425 340372
1791380204.479 340372
1791380204.533 340372
1791380204.586 340372
1791380204.640 340372
1791380204.694 340372
1791380204.748 340372
1791380204.802 340372
1791380204.856 340372
1791380204.910 340372
1791380204.964 340372
1791380205.018 340372
1791380205.072 340372
1791380205.126 340372
1791380205.180 340372
1791380205.234 340372
1791380205.287 340372
1791380205.341 340372
1791380205.395 340372
1791380205.449 340372
1791380205.503 340372
1791380205.557 340372
1791380205.611 340372
1791380205.665 340372
1791380205.719 340372
1791380205.773 340372
1791380205.827 340372
1791380205.880 340372
1791380205.934 340372
1791380205.988 340372
1791380206.042 340372
1791380206.096 340372
1791380206.150 340372
1791380206.204 340372
1791380206.258 340372
1791380206.312 340372
1791380206.366 340372
1791380206.420 340372
1791380206.474 340372
1791380206.528 340372
1791380206.582 340372
1791380206.636 340372
1791380206.690 340372
1791380206.743 340372
1791380206.797 340372
1791380206.849 340372
1791380206.903 340372
1791380206.957 340372
1791380207.011 340372
1791380207.064 340372
1791380207.118 340372
1791380207.172 340372
1791380207.226 340372
1791380207.280 340372
1791380207.334 340372
1791380207.388 340372
1791380207.442 340372
1791380207.496 340372
1791380207.550 340372
1791380207.604 340372
1791380207.658 340372
1791380207.712 340372
1791380207.765 340372
1791380207.819 340372
1791380207.873 340372
1791380207.927 340372
1791380207.981 340372
1791380208.035 340372
1791380208.089 340372
1791380208.143 340372
1791380208.197 340372
1791380208.251 340372
1791380208.305 340372
1791380208.358 340372
1791380208.412 340372
1791380208.466 340372
1791380208.520 340372
1791380208.574 340372
1791380208.628 340372
1791380208.682 340372
1791380208.736 340372
1791380208.790 340372
1791380208.844 340372
1791380208.898 340372
1791380208.952 340372
1791380209.005 340372
1791380209.059 340372
1791380209.113 340372
1791380209.167 340372
1791380209.221 340372
1791380209.275 340372
1791380209.329 340372
1791380209.383 340372
1791380209.437 340372
1791380209.491 340372
1791380209.545 340372
1791380209.599 340372
1791380209.653 340372
1791380209.707 340372
1791380209.760 340372
1791380209.814 340372
1791380209.868 340372
1791380209.922 340372
1791380209.976 340372
1791380210.030 340372
1791380210.084 340372
1791380210.138 340372
1791380210.192 340372
1791380210.246 340372
1791380210.300 340372
1791380210.354 340372
1791380210.408 340372
1791380210.462 340372
1791380210.516 340372
1791380210.569 340372
1791380210.623 340372
1791380210.677 340372
1791380210.731 340372
1791380210.785 340372
1791380210.839 340372
1791380210.893 340372
1791380210.947 340372
1791380211.001 340372
1791380211.055 340372
1791380211.109 340372
1791380211.160 340372
1791380211.212 340372
1791380211.266 340372
1791380211.320 340372
1791380211.374 340372
1791380211.428 340372
1791380211.483 340372
1791380211.537 340372
1791380211.589 340372
1791380211.643 340372
1791380211.697 340372
1791380211.751 340372
1791380211.805 340372
1791380211.859 340372
1791380211.913 340372
1791380211.967 340372
1791380212.021 340372
1791380212.075 340372
1791380212.129 340372
1791380212.183 340372
1791380212.237 340372
1791380212.291 340372
1791380212.345 340372
1791380212.398 340372
1791380212.452 340372
1791380212.506 340372
1791380212.560 340372
1791380212.614 340372
1791380212.668 340372
1791380212.722 340372
1791380212.776 340372
1791380212.830 340372
1791380212.884 340372
1791380212.938 340372
1791380212.992 340372
1791380213.046 340372
1791380213.100 340372
1791380213.154 340372
1791380213.208 340372
1791380213.262 340372
1791380213.316 340372
1791380213.369 340372
1791380213.423 340372
1791380213.477 340372
1791380213.531 340372
1791380213.585 340372
1791380213.639 340372
1791380213.693 340372
1791380213.747 340372
1791380213.801 340372
1791380213.855 340372
1791380213.909 340372
1791380213.963 340372
1791380214.016 340372
1791380214.070 340372
1791380214.124 340372
1791380214.178 340372
1791380214.232 340372
1791380214.286 340372
1791380214.340 340372
1791380214.394 340372
1791380214.448 340372
1791380214.502 340372
1791380214.556 340372
1791380214.609 340372
1791380214.663 340372
1791380214.717 340372
1791380214.771 340372
1791380214.822 340372
1791380214.876 340372
1791380214.928 340372
1791380214.982 340372
1791380215.036 340372
1791380215.090 340372
1791380215.144 340372
1791380215.198 340372
1791380215.252 340372
1791380215.305 340372
1791380215.359 340372
1791380215.413 340372
1791380215.467 340372
1791380215.521 340372
1791380215.575 340372
1791380215.629 340372
1791380215.683 340372
1791380215.737 340372
1791380215.791 340372
1791380215.845 340372
1791380215.898 340372
1791380215.952 340372
1791380216.006 340372
1791380216.060 340372
1791380216.114 340372
1791380216.168 340372
1791380216.222 340372
1791380216.276 340372
1791380216.330 340372
1791380216.384 340372
1791380216.438 340372
1791380216.492 340372
1791380216.546 340372
1791380216.599 340372
1791380216.654 340372
1791380216.708 340372
1791380216.762 340372
1791380216.816 340372
1791380216.870 340372
1791380216.924 340372
1791380216.978 340372
1791380217.032 340372
1791380217.085 340372
1791380217.139 340372
1791380217.193 340372
1791380217.247 340372
1791380217.301 340372
1791380217.355 340372
1791380217.409 340372
1791380217.463 340372
1791380217.517 340372
1791380217.571 340372
1791380217.625 340372
1791380217.679 340372
1791380217.733 340372
1791380217.787 340372
1791380217.840 340372
1791380217.894 340372
1791380217.948 340372
1791380218.002 340372
1791380218.056 340372
1791380218.110 340372
1791380218.164 340372
1791380218.216 340372
1791380218.267 340372
1791380218.321 340372
1791380218.375 340372
1791380218.429 340372
1791380218.483 340372
1791380218.537 340372
1791380218.591 340372
1791380218.645 340372
1791380218.699 340372
1791380218.753 340372
1791380218.807 340372
1791380218.861 340372
1791380218.915 340372
1791380218.969 340372
1791380219.023 340372
1791380219.077 340372
1791380219.131 340372
1791380219.185 340372
1791380219.239 340372
1791380219.293 340372
1791380219.347 340372
1791380219.401 340372
1791380219.455 340372
1791380219.508 340372
1791380219.562 340372
1791380219.616 340372
1791380219.670 340372
1791380219.724 340372
1791380219.778 340372
1791380219.832 340372
1791380219.886 340372
1791380219.940 340372
1791380219.994 340372
1791380220.047 340372
1791380220.101 340372
1791380220.155 340372
1791380220.209 340372
1791380220.263 340372
1791380220.317 340372
1791380220.371 340372
1791380220.425 340372
1791380220.479 340372
1791380220.533 340372
1791380220.587 340372
1791380220.641 340372
1791380220.694 340372
1791380220.748 340372
1791380220.802 340372
1791380220.856 340372
1791380220.910 340372
1791380220.964 340372
1791380221.018 340372
1791380221.072 340372
1791380221.126 340372
1791380221.180 340372
1791380221.234 340372
1791380221.288 340372
1791380221.342 340372
1791380221.396 340372
1791380221.449 340372
1791380221.503 340372
1791380221.557 340372
1791380221.609 340372
1791380221.660 340372
1791380221.714 340372
1791380221.768 340372
1791380221.822 340372
1791380221.876 340372
1791380221.930 340372
1791380221.984 340372
1791380222.038 340372
1791380222.091 340372
1791380222.142 340372
1791380222.196 340372
1791380222.250 340372
1791380222.304 340372
1791380222.356 340372
1791380222.412 340372
1791380222.470 340372
1791380222.524 340372
1791380222.575 340372
1791380222.626 340372
1791380222.677 340372
1791380222.732 340372
1791380222.786 340372
1791380222.840 340372
1791380222.894 340372
1791380222.948 340372
1791380223.003 340372
1791380223.057 340372
1791380223.111 340372
1791380223.165 340372
1791380223.218 340372
1791380223.272 340372
1791380223.325 340372
1791380223.379 340372
1791380223.433 340372
1791380223.487 340372
1791380223.541 340372
1791380223.593 340372
1791380223.647 340372
1791380223.701 340372
1791380223.755 340372
1791380223.809 340372
1791380223.863 340372
1791380223.917 340372
1791380223.971 340372
1791380224.025 340372
1791380224.079 340372
1791380224.132 340372
1791380224.186 340372
1791380224.240 340372
1791380224.294 340372
1791380224.348 340372
1791380224.402 340372
1791380224.456 340372
1791380224.510 340372
1791380224.564 340372
1791380224.618 340372
1791380224.672 340372
1791380224.726 340372
1791380224.780 340372
1791380224.833 340372
1791380224.887 340372
1791380224.941 340372
1791380224.995 340372
1791380225.049 340372
1791380225.103 340372
1791380225.156 340372
1791380225.210 340372
1791380225.264 340372
1791380225.318 340372
1791380225.372 340372
1791380225.425 340372
1791380225.479 340372
1791380225.533 340372
1791380225.587 340372
1791380225.641 340372
1791380225.694 340372
1791380225.748 340372
1791380225.802 340372
1791380225.856 340372
1791380225.910 340372
1791380225.964 340372
1791380226.015 340372
1791380226.069 340372
1791380226.120 340372
1791380226.171 340372
1791380226.222 340372
1791380226.273 340372
1791380226.326 340372
1791380226.380 340372
1791380226.434 340372
1791380226.488 340372
1791380226.542 340372
1791380226.593 340372
1791380226.647 340372
1791380226.701 340372
1791380226.755 340372
1791380226.809 340372
1791380226.863 340372
1791380226.917 340372
1791380226.971 340372
1791380227.025 340372
1791380227.079 340372
1791380227.133 340372
1791380227.187 340372
1791380227.241 340372
1791380227.295 340372
1791380227.349 340372
1791380227.403 340372
1791380227.456 340372
1791380227.510 340372
1791380227.564 340372
1791380227.618 340372
1791380227.672 340372
1791380227.726 340372
1791380227.780 340372
1791380227.834 340372
1791380227.888 340372
1791380227.942 340372
1791380227.997 340372
1791380228.051 340372
1791380228.102 340372
1791380228.155 340372
1791380228.209 340372
1791380228.263 340372
1791380228.317 340372
1791380228.371 340372
1791380228.425 340372
1791380228.479 340372
1791380228.533 340372
1791380228.587 340372
1791380228.641 340372
1791380228.695 340372
1791380228.749 340372
1791380228.803 340372
1791380228.857 340372
1791380228.911 340372
1791380228.965 340372
1791380229.018 340372
1791380229.072 340372
1791380229.126 340372
1791380229.180 340372
1791380229.234 340372
1791380229.288 340372
1791380229.342 340372
1791380229.396 340372
1791380229.450 340372
1791380229.504 340372
1791380229.558 340372
1791380229.612 340372
1791380229.665 340372
1791380229.719 340372
1791380229.773 340372
1791380229.827 340372
1791380229.881 340372
1791380229.935 340372
1791380229.989 340372
1791380230.043 340372
1791380230.097 340372
1791380230.151 340372
1791380230.205 340372
1791380230.259 340372
1791380230.313 340372
1791380230.367 340372
1791380230.421 340372
1791380230.475 340372
1791380230.529 340372
1791380230.583 340372
1791380230.636 340372
1791380230.690 340372
1791380230.744 340372
1791380230.798 340372
1791380230.852 340372
1791380230.906 340372
1791380230.960 340372
1791380231.014 340372
1791380231.067 340372
1791380231.120 340372
1791380231.174 340372
1791380231.228 340372
1791380231.282 340372
1791380231.336 340372
1791380231.390 340372
1791380231.444 340372
1791380231.497 340372
1791380231.551 340372
1791380231.605 340372
1791380231.659 340372
1791380231.713 340372
1791380231.767 340372
1791380231.821 340372
1791380231.875 340372
1791380231.929 340372
1791380231.980 340372
1791380232.034 340372
1791380232.088 340372
1791380232.142 340372
1791380232.196 340372
1791380232.250 340372
1791380232.303 340372
1791380232.357 340372
1791380232.411 340372
1791380232.465 340372
1791380232.519 340372
1791380232.573 340372
1791380232.627 340372
1791380232.681 340372
1791380232.735 340372
1791380232.789 340372
1791380232.843 340372
1791380232.897 340372
1791380232.951 340372
1791380233.005 340372
1791380233.059 340372
1791380233.113 340372
1791380233.166 340372
1791380233.220 340372
1791380233.274 340372
1791380233.328 340372
1791380233.382 340372
1791380233.436 340372
1791380233.490 340372
1791380233.544 340372
1791380233.598 340372
1791380233.652 340372
1791380233.706 340372
1791380233.760 340372
1791380233.814 340372
1791380233.868 340372
1791380233.922 340372
1791380233.975 340372
1791380234.029 340372
1791380234.083 340372
1791380234.137 340372
1791380234.191 340372
1791380234.245 340372
1791380234.299 340372
1791380234.353 340372
1791380234.407 340372
1791380234.461 340372
1791380234.515 340372
1791380234.569 340372
1791380234.623 340372
1791380234.676 340372
1791380234.730 340372
1791380234.784 340372
1791380234.838 340372
1791380234.892 340372
1791380234.946 340372
1791380235.000 340372
1791380235.054 340372
1791380235.108 340372
1791380235.162 340372
1791380235.216 340372
1791380235.270 340372
1791380235.324 340372
1791380235.378 340372
1791380235.432 340372
1791380235.485 340372
1791380235.539 340372
1791380235.593 340372
1791380235.647 340372
1791380235.701 340372
1791380235.755 340372
1791380235.809 340372
1791380235.863 340372
1791380235.917 340372
1791380235.971 340372
1791380236.025 340372
1791380236.078 340372
1791380236.132 340372
1791380236.186 340372
1791380236.240 340372
1791380236.294 340372
1791380236.348 340372
1791380236.402 340372
1791380236.456 340372
1791380236.510 340372
1791380236.564 340372
1791380236.618 340372
1791380236.672 340372
1791380236.725 340372
1791380236.779 340372
1791380236.833 340372
1791380236.887 340372
1791380236.941 340372
1791380236.995 340372
1791380237.046 340372
1791380237.100 340372
1791380237.154 340372
1791380237.208 340372
1791380237.262 340372
1791380237.316 340372
1791380237.370 340372
1791380237.424 340372
1791380237.478 340372
1791380237.532 340372
1791380237.586 340372
1791380237.640 340372
1791380237.694 340372
1791380237.748 340372
1791380237.802 340372
1791380237.856 340372
1791380237.910 340372
1791380237.964 340372
1791380238.017 340372
1791380238.071 340372
1791380238.125 340372
1791380238.179 340372
1791380238.233 340372
1791380238.287 340372
1791380238.341 340372
1791380238.395 340372
1791380238.449 340372
1791380238.503 340372
1791380238.557 340372
1791380238.611 340372
1791380238.665 340372
1791380238.719 340372
1791380238.772 340372
1791380238.826 340372
1791380238.880 340372
1791380238.934 340372
1791380238.988 340372
1791380239.043 340372
1791380239.095 340372
1791380239.148 340372
1791380239.202 340372
1791380239.256 340372
1791380239.310 340372
1791380239.364 340372
1791380239.418 340372
1791380239.472 340372
1791380239.526 340372
1791380239.580 340372
1791380239.634 340372
1791380239.688 340372
1791380239.742 340372
1791380239.796 340372
1791380239.850 340372
1791380239.904 340372
1791380239.958 340372
1791380240.012 340372
1791380240.066 340372
1791380240.120 340372
1791380240.174 340372
1791380240.228 340372
1791380240.281 340372
1791380240.335 340372
1791380240.389 340372
1791380240.443 340372
1791380240.497 340372
1791380240.551 340372
1791380240.605 340372
1791380240.659 340372
1791380240.713 340372
1791380240.767 340372
1791380240.821 340372
1791380240.874 340372
1791380240.928 340372
1791380240.982 340372
1791380241.036 340372
1791380241.090 340372
1791380241.144 340372
1791380241.198 340372
1791380241.252 340372
1791380241.306 340372
1791380241.360 340372
1791380241.411 340372
1791380241.464 340372
1791380241.518 340372
1791380241.572 340372
1791380241.626 340372
1791380241.680 340372
1791380241.734 340372
1791380241.788 340372
1791380241.842 340372
1791380241.896 340372
1791380241.950 340372
1791380242.004 340372
1791380242.058 340372
1791380242.112 340372
1791380242.166 340372
1791380242.220 340372
1791380242.273 340372
1791380242.327 340372
1791380242.381 340372
1791380242.435 340372
1791380242.489 340372
1791380242.543 340372
1791380242.597 340372
1791380242.651 340372
1791380242.705 340372
1791380242.759 340372
1791380242.813 340372
1791380242.867 340372
1791380242.920 340372
1791380242.975 340372
1791380243.028 340372
1791380243.082 340372
1791380243.136 340372
1791380243.190 340372
1791380243.244 340372
1791380243.298 340372
1791380243.352 340372
1791380243.406 340372
1791380243.460 340372
1791380243.514 340372
1791380243.567 340372
1791380243.621 340372
1791380243.675 340372
1791380243.729 340372
1791380243.783 340372
1791380243.837 340372
1791380243.891 340372
1791380243.945 340372
1791380243.999 340372
1791380244.053 340372
1791380244.107 340372
1791380244.161 340372
1791380244.215 340372
1791380244.269 340372
1791380244.322 340372
1791380244.376 340372
1791380244.430 340372
1791380244.484 340372
1791380244.538 340372
1791380244.592 340372
1791380244.646 340372
1791380244.700 340372
1791380244.754 340372
1791380244.808 340372
1791380244.862 340372
1791380244.916 340372
1791380244.970 340372
1791380245.023 340372
1791380245.078 340372
1791380245.132 340372
1791380245.186 340372
1791380245.240 340372
1791380245.294 340372
1791380245.348 340372
1791380245.402 340372
1791380245.456 340372
1791380245.510 340372
1791380245.564 340372
1791380245.618 340372
1791380245.672 340372
1791380245.726 340372
1791380245.780 340372
1791380245.834 340372
1791380245.888 340372
1791380245.941 340372
1791380245.995 340372
1791380246.049 340372
1791380246.103 340372
1791380246.157 340372
1791380246.211 340372
1791380246.265 340372
1791380246.319 340372
1791380246.373 340372
1791380246.427 340372
1791380246.481 340372
1791380246.535 340372
1791380246.589 340372
1791380246.643 340372
1791380246.697 340372
1791380246.750 340372
1791380246.804 340372
1791380246.858 340372
1791380246.912 340372
1791380246.966 340372
1791380247.020 340372
1791380247.074 340372
1791380247.128 340372
1791380247.182 340372
1791380247.236 340372
1791380247.290 340372
1791380247.344 340372
1791380247.398 340372
1791380247.452 340372
1791380247.506 340372
1791380247.560 340372
1791380247.614 340372
1791380247.668 340372
1791380247.722 340372
1791380247.776 340372
1791380247.829 340372
1791380247.883 340372
1791380247.937 340372
1791380247.991 340372
1791380248.045 340372
1791380248.099 340372
1791380248.153 340372
1791380248.207 340372
1791380248.258 340372
1791380248.312 340372
1791380248.366 340372
1791380248.420 340372
1791380248.474 340372
1791380248.528 340372
1791380248.582 340372
1791380248.636 340372
1791380248.690 340372
1791380248.743 340372
1791380248.797 340372
1791380248.851 340372
1791380248.905 340372
1791380248.959 340372
1791380249.013 340372
1791380249.067 340372
1791380249.121 340372
1791380249.175 340372
1791380249.229 340372
1791380249.283 340372
1791380249.337 340372
1791380249.391 340372
1791380249.445 340372
1791380249.498 340372
1791380249.552 340372
1791380249.606 340372
1791380249.660 340372
1791380249.714 340372
1791380249.768 340372
1791380249.822 340372
1791380249.876 340372
1791380249.930 340372
1791380249.984 340372
1791380250.037 340372
1791380250.091 340372
1791380250.145 340372
1791380250.199 340372
1791380250.253 340372
1791380250.307 340372
1791380250.361 340372
1791380250.415 340372
1791380250.469 340372
1791380250.523 340372
1791380250.577 340372
1791380250.631 340372
1791380250.685 340372
1791380250.739 340372
1791380250.793 340372
1791380250.847 340372
1791380250.901 340372
1791380250.955 340372
1791380251.009 340372
1791380251.062 340372
1791380251.116 340372
1791380251.170 340372
1791380251.224 340372
1791380251.278 340372
1791380251.332 340372
1791380251.386 340372
1791380251.440 340372
1791380251.494 340372
1791380251.548 340372
1791380251.602 340372
1791380251.656 340372
1791380251.710 340372
1791380251.764 340372
1791380251.818 340372
1791380251.872 340372
1791380251.926 340372
1791380251.980 340372
1791380252.034 340372
1791380252.088 340372
1791380252.142 340372
1791380252.196 340372
1791380252.250 340372
1791380252.303 340372
1791380252.357 340372
1791380252.411 340372
1791380252.465 340372
1791380252.519 340372
1791380252.573 340372
1791380252.627 340372
1791380252.681 340372
1791380252.735 340372
1791380252.789 340372
1791380252.843 340372
1791380252.897 340372
1791380252.951 340372
1791380253.005 340372
1791380253.059 340372
1791380253.113 340372
1791380253.167 340372
1791380253.221 340372
1791380253.274 340372
1791380253.328 340372
1791380253.382 340372
1791380253.436 340372
1791380253.490 340372
1791380253.544 340372
1791380253.598 340372
1791380253.652 340372
1791380253.706 340372
1791380253.760 340372
1791380253.814 340372
1791380253.868 340372
1791380253.922 340372
1791380253.976 340372
1791380254.030 340372
1791380254.084 340372
1791380254.138 340372
1791380254.192 340372
1791380254.245 340372
1791380254.299 340372
1791380254.353 340372
1791380254.407 340372
1791380254.461 340372
1791380254.515 340372
1791380254.569 340372
1791380254.623 340372
1791380254.677 340372
1791380254.731 340372
1791380254.784 340372
1791380254.838 340372
1791380254.892 340372
1791380254.946 340372
1791380255.000 340372
1791380255.054 340372
1791380255.108 340372
1791380255.159 340372
1791380255.210 340372
1791380255.261 340372
1791380255.312 340372
1791380255.363 340372
1791380255.415 340372
1791380255.466 340372
1791380255.517 340372
1791380255.568 340372
1791380255.622 340372
1791380255.676 340372
1791380255.730 340372
1791380255.784 340372
1791380255.838 340372
1791380255.892 340372
1791380255.946 340372
1791380256.000 340372
1791380256.054 340372
1791380256.108 340372
1791380256.162 340372
1791380256.216 340372
1791380256.270 340372
1791380256.324 340372
1791380256.378 340372
1791380256.432 340372
1791380256.486 340372
1791380256.540 340372
1791380256.594 340372
1791380256.648 340372
1791380256.701 340372
1791380256.755 340372
1791380256.809 340372
1791380256.863 340372
1791380256.917 340372
1791380256.971 340372
1791380257.025 340372
1791380257.079 340372
1791380257.130 340372
1791380257.183 340372
1791380257.237 340372
1791380257.291 340372
1791380257.345 340372
1791380257.399 340372
1791380257.453 340372
1791380257.507 340372
1791380257.561 340372
1791380257.615 340372
1791380257.669 340372
1791380257.723 340372
1791380257.777 340372
1791380257.831 340372
1791380257.885 340372
1791380257.938 340372
1791380257.992 340372
1791380258.046 340372
1791380258.100 340372
1791380258.154 340372
1791380258.208 340372
1791380258.262 340372
1791380258.316 340372
1791380258.370 340372
1791380258.424 340372
1791380258.478 340372
1791380258.532 340372
1791380258.586 340372
1791380258.640 340372
1791380258.694 340372
1791380258.747 340372
1791380258.801 340372
1791380258.855 340372
1791380258.909 340372
1791380258.963 340372
1791380259.017 340372
1791380259.071 340372
1791380259.125 340372
1791380259.179 340372
1791380259.233 340372
1791380259.286 340372
1791380259.340 340372
1791380259.394 340372
1791380259.448 340372
1791380259.502 340372
1791380259.556 340372
1791380259.610 340372
1791380259.664 340372
1791380259.718 340372
1791380259.772 340372
1791380259.825 340372
1791380259.879 340372
1791380259.933 340372
1791380259.987 340372
1791380260.041 340372
1791380260.095 340372
1791380260.149 340372
1791380260.203 340372
1791380260.257 340372
1791380260.311 340372
1791380260.365 340372
1791380260.419 340372
1791380260.473 340372
1791380260.527 340372
1791380260.581 340372
1791380260.635 340372
1791380260.689 340372
1791380260.743 340372
1791380260.797 340372
1791380260.851 340372
1791380260.905 340372
1791380260.959 340372
1791380261.014 340372
1791380261.068 340372
1791380261.122 340372
1791380261.176 340372
1791380261.230 340372
1791380261.284 340372
1791380261.338 340372
1791380261.392 340372
1791380261.446 340372
1791380261.500 340372
1791380261.554 340372
1791380261.608 340372
1791380261.662 340372
1791380261.715 340372
1791380261.769 340372
1791380261.823 340372
1791380261.877 340372
1791380261.931 340372
1791380261.985 340372
1791380262.039 340372
1791380262.093 340372
1791380262.147 340372
1791380262.201 340372
1791380262.255 340372
1791380262.309 340372
1791380262.363 340372
1791380262.417 340372
1791380262.471 340372
1791380262.525 340372
1791380262.579 340372
1791380262.633 340372
1791380262.687 340372
1791380262.741 340372
1791380262.795 340372
1791380262.849 340372
1791380262.902 340372
1791380262.956 340372
1791380263.010 340372
1791380263.064 340372
1791380263.118 340372
1791380263.172 340372
1791380263.226 340372
1791380263.280 340372
1791380263.334 340372
1791380263.388 340372
1791380263.442 340372
1791380263.496 340372
1791380263.550 340372
1791380263.604 340372
1791380263.657 340372
1791380263.711 340372
1791380263.765 340372
1791380263.819 340372
1791380263.873 340372
1791380263.927 340372
1791380263.981 340372
1791380264.035 340372
1791380264.089 340372
1791380264.143 340372
1791380264.197 340372
1791380264.251 340372
1791380264.305 340372
1791380264.359 340372
1791380264.412 340372
1791380264.466 340372
1791380264.520 340372
1791380264.574 340372
1791380264.628 340372
1791380264.682 340372
1791380264.736 340372
1791380264.790 340372
1791380264.844 340372
1791380264.898 340372
1791380264.952 340372
1791380265.006 340372
1791380265.060 340372
1791380265.113 340372
1791380265.167 340372
1791380265.221 340372
1791380265.275 340372
1791380265.329 340372
1791380265.383 340372
1791380265.437 340372
1791380265.491 340372
1791380265.545 340372
1791380265.599 340372
1791380265.653 340372
1791380265.707 340372
1791380265.761 340372
1791380265.814 340372
1791380265.868 340372
1791380265.922 340372
1791380265.976 340372
1791380266.030 340372
1791380266.084 340372
1791380266.138 340372
1791380266.192 340372
1791380266.246 340372
1791380266.300 340372
1791380266.354 340372
1791380266.408 340372
1791380266.462 340372
1791380266.516 340372
1791380266.569 340372
1791380266.623 340372
1791380266.677 340372
1791380266.731 340372
1791380266.785 340372
1791380266.839 340372
1791380266.893 340372
1791380266.947 340372
1791380267.001 340372
1791380267.055 340372
1791380267.109 340372
1791380267.163 340372
1791380267.217 340372
1791380267.270 340372
1791380267.324 340372
1791380267.378 340372
1791380267.432 340372
1791380267.486 340372
1791380267.540 340372
1791380267.594 340372
1791380267.648 340372
1791380267.702 340372
1791380267.756 340372
1791380267.810 340372
1791380267.861 340372
1791380267.915 340372
1791380267.969 340372
1791380268.023 340372
1791380268.077 340372
1791380268.131 340372
1791380268.185 340372
1791380268.239 340372
1791380268.292 340372
1791380268.346 340372
1791380268.400 340372
1791380268.454 340372
1791380268.508 340372
1791380268.562 340372
1791380268.616 340372
1791380268.670 340372
1791380268.724 340372
1791380268.778 340372
1791380268.832 340372
1791380268.886 340372
1791380268.939 340372
1791380268.993 340372
1791380269.047 340372
1791380269.101 340372
1791380269.155 340372
1791380269.209 340372
1791380269.263 340372
1791380269.317 340372
1791380269.371 340372
1791380269.425 340372
1791380269.479 340372
1791380269.533 340372
1791380269.587 340372
1791380269.641 340372
1791380269.695 340372
1791380269.749 340372
1791380269.803 340372
1791380269.857 340372
1791380269.911 340372
1791380269.965 340372
1791380270.019 340372
1791380270.072 340372
1791380270.126 340372
1791380270.180 340372
1791380270.234 340372
1791380270.288 340372
1791380270.342 340372
1791380270.396 340372
1791380270.450 340372
1791380270.504 340372
1791380270.558 340372
1791380270.612 340372
1791380270.666 340372
1791380270.720 340372
1791380270.774 340372
1791380270.827 340372
1791380270.881 340372
1791380270.935 340372
1791380270.989 340372
1791380271.044 340372
1791380271.097 340372
1791380271.151 340372
1791380271.205 340372
1791380271.259 340372
1791380271.313 340372
1791380271.367 340372
1791380271.421 340372
1791380271.475 340372
1791380271.529 340372
1791380271.583 340372
1791380271.637 340372
1791380271.691 340372
1791380271.745 340372
1791380271.799 340372
1791380271.853 340372
1791380271.907 340372
1791380271.961 340372
1791380272.014 340372
1791380272.068 340372
1791380272.122 340372
1791380272.176 340372
1791380272.230 340372
1791380272.284 340372
1791380272.338 340372
1791380272.392 340372
1791380272.446 340372
1791380272.500 340372
1791380272.554 340372
1791380272.608 340372
1791380272.662 340372
1791380272.716 340372
1791380272.770 340372
1791380272.824 340372
1791380272.878 340372
1791380272.931 340372
1791380272.985 340372
1791380273.039 340372
1791380273.093 340372
1791380273.147 340372
1791380273.201 340372
1791380273.255 340372
1791380273.309 340372
1791380273.363 340372
1791380273.417 340372
1791380273.471 340372
1791380273.525 340372
1791380273.579 340372
1791380273.632 340372
1791380273.686 340372
1791380273.740 340372
1791380273.794 340372
1791380273.848 340372
1791380273.902 340372
1791380273.956 340372
1791380274.010 340372
1791380274.064 340372
1791380274.118 340372
1791380274.172 340372
1791380274.226 340372
1791380274.280 340372
1791380274.334 340372
1791380274.387 340372
1791380274.441 340372
1791380274.495 340372
1791380274.549 340372
1791380274.603 340372
1791380274.657 340372
1791380274.711 340372
1791380274.765 340372
1791380274.819 340372
1791380274.873 340372
1791380274.927 340372
1791380274.979 340372
1791380275.033 340372
1791380275.087 340372
1791380275.141 340372
1791380275.195 340372
1791380275.249 340372
1791380275.303 340372
1791380275.357 340372
1791380275.410 340372
1791380275.464 340372
1791380275.518 340372
1791380275.572 340372
1791380275.626 340372
1791380275.680 340372
1791380275.734 340372
1791380275.788 340372
1791380275.842 340372
1791380275.896 340372
1791380275.950 340372
1791380276.004 340372
1791380276.058 340372
1791380276.112 340372
1791380276.165 340372
1791380276.219 340372
1791380276.273 340372
1791380276.325 340372
1791380276.379 340372
1791380276.433 340372
1791380276.487 340372
1791380276.541 340372
1791380276.595 340372
1791380276.649 340372
1791380276.703 340372
1791380276.757 340372
1791380276.810 340372
1791380276.864 340372
1791380276.918 340372
1791380276.972 340372
1791380277.026 340372
1791380277.080 340372
1791380277.134 340372
1791380277.188 340372
1791380277.242 340372
1791380277.296 340372
1791380277.350 340372
1791380277.404 340372
1791380277.457 340372
1791380277.511 340372
1791380277.565 340372
1791380277.619 340372
1791380277.673 340372
1791380277.727 340372
1791380277.781 340372
1791380277.835 340372
1791380277.889 340372
1791380277.943 340372
1791380277.997 340372
1791380278.051 340372
1791380278.105 340372
1791380278.159 340372
1791380278.212 340372
1791380278.264 340372
1791380278.318 340372
1791380278.372 340372
1791380278.426 340372
1791380278.479 340372
1791380278.533 340372
1791380278.587 340372
1791380278.641 340372
1791380278.695 340372
1791380278.746 340372
1791380278.800 340372
1791380278.854 340372
1791380278.908 340372
1791380278.962 340372
1791380279.016 340372
1791380279.070 340372
1791380279.124 340372
1791380279.178 340372
1791380279.232 340372
1791380279.285 340372
1791380279.339 340372
1791380279.393 340372
1791380279.447 340372
1791380279.501 340372
1791380279.555 340372
1791380279.609 340372
1791380279.663 340372
1791380279.717 340372
1791380279.771 340372
1791380279.825 340372
1791380279.879 340372
1791380279.933 340372
1791380279.986 340372
1791380280.040 340372
1791380280.094 340372
1791380280.148 340372
1791380280.202 340372
1791380280.256 340372
1791380280.310 340372
1791380280.364 340372
1791380280.418 340372
1791380280.472 340372
1791380280.526 340372
1791380280.580 340372
1791380280.634 340372
1791380280.687 340372
1791380280.741 340372
1791380280.795 340372
1791380280.849 340372
1791380280.903 340372
1791380280.957 340372
1791380281.011 340372
1791380281.065 340372
1791380281.119 340372
1791380281.173 340372
1791380281.227 340372
1791380281.281 340372
1791380281.335 340372
1791380281.389 340372
1791380281.443 340372
1791380281.497 340372
1791380281.551 340372
1791380281.605 340372
1791380281.656 340372
1791380281.710 340372
1791380281.764 340372
1791380281.818 340372
1791380281.871 340372
1791380281.925 340372
1791380281.979 340372
1791380282.033 340372
1791380282.087 340372
1791380282.141 340372
1791380282.195 340372
1791380282.249 340372
1791380282.303 340372
1791380282.357 340372
1791380282.411 340372
1791380282.465 340372
1791380282.516 340372
1791380282.569 340372
1791380282.622 340372
1791380282.676 340372
1791380282.730 340372
1791380282.784 340372
1791380282.838 340372
1791380282.892 340372
1791380282.946 340372
1791380283.000 340372
1791380283.054 340372
1791380283.108 340372
1791380283.162 340372
1791380283.216 340372
1791380283.270 340372
1791380283.324 340372
1791380283.378 340372
1791380283.432 340372
1791380283.486 340372
1791380283.539 340372
1791380283.593 340372
1791380283.647 340372
1791380283.701 340372
1791380283.755 340372
1791380283.809 340372
1791380283.863 340372
1791380283.917 340372
1791380283.971 340372
1791380284.025 340372
1791380284.079 340372
1791380284.133 340372
1791380284.187 340372
1791380284.241 340372
1791380284.295 340372
1791380284.349 340372
1791380284.402 340372
1791380284.456 340372
1791380284.510 340372
1791380284.564 340372
1791380284.618 340372
1791380284.672 340372
1791380284.726 340372
1791380284.780 340372
1791380284.834 340372
1791380284.885 340372
1791380284.939 340372
1791380284.993 340372
1791380285.047 340372
1791380285.100 340372
1791380285.151 340372
1791380285.205 340372
1791380285.259 340372
1791380285.313 340372
1791380285.367 340372
1791380285.421 340372
1791380285.475 340372
1791380285.529 340372
1791380285.583 340372
1791380285.637 340372
1791380285.691 340372
1791380285.745 340372
1791380285.798 340372
1791380285.852 340372
1791380285.906 340372
1791380285.960 340372
1791380286.014 340372
1791380286.068 340372
1791380286.122 340372
1791380286.176 340372
1791380286.230 340372
1791380286.284 340372
1791380286.338 340372
1791380286.392 340372
1791380286.446 340372
1791380286.500 340372
1791380286.554 340372
1791380286.608 340372
1791380286.659 340372
1791380286.713 340372
1791380286.767 340372
1791380286.821 340372
1791380286.875 340372
1791380286.929 340372
1791380286.983 340372
1791380287.037 340372
1791380287.090 340372
1791380287.144 340372
1791380287.198 340372
1791380287.254 340372
1791380287.307 340372
1791380287.361 340372
1791380287.415 340372
1791380287.469 340372
1791380287.523 340372
1791380287.577 340372
1791380287.631 340372
1791380287.685 340372
1791380287.739 340372
1791380287.793 340372
1791380287.847 340372
1791380287.901 340372
1791380287.955 340372
1791380288.009 340372
1791380288.063 340372
1791380288.117 340372
1791380288.171 340372
1791380288.225 340372
1791380288.279 340372
1791380288.333 340372
1791380288.387 340372
1791380288.441 340372
1791380288.495 340372
1791380288.548 340372
1791380288.602 340372
1791380288.656 340372
1791380288.710 340372
1791380288.764 340372
1791380288.818 340372
1791380288.872 340372
1791380288.926 340372
1791380288.980 340372
1791380289.034 340372
1791380289.088 340372
1791380289.142 340372
1791380289.196 340372
1791380289.249 340372
1791380289.303 340372
1791380289.357 340372
1791380289.411 340372
1791380289.465 340372
1791380289.519 340372
1791380289.573 340372
1791380289.627 340372
1791380289.681 340372
1791380289.735 340372
1791380289.789 340372
1791380289.843 340372
1791380289.897 340372
1791380289.950 340372
1791380290.005 340372
1791380290.056 340372
1791380290.110 340372
1791380290.163 340372
1791380290.217 340372
1791380290.271 340372
1791380290.325 340372
1791380290.379 340372
1791380290.433 340372
1791380290.487 340372
1791380290.541 340372
1791380290.595 340372
1791380290.649 340372
1791380290.703 340372
1791380290.757 340372
1791380290.810 340372
1791380290.864 340372
1791380290.918 340372
1791380290.972 340372
1791380291.026 340372
1791380291.080 340372
1791380291.134 340372
1791380291.188 340372
1791380291.242 340372
1791380291.296 340372
1791380291.350 340372
1791380291.404 340372
1791380291.457 340372
1791380291.511 340372
1791380291.565 340372
1791380291.619 340372
1791380291.673 340372
1791380291.727 340372
1791380291.781 340372
1791380291.835 340372
1791380291.889 340372
1791380291.943 340372
1791380291.996 340372
1791380292.050 340372
1791380292.104 340372
1791380292.158 340372
1791380292.212 340372
1791380292.266 340372
1791380292.320 340372
1791380292.374 340372
1791380292.428 340372
1791380292.482 340372
1791380292.536 340372
1791380292.589 340372
1791380292.643 340372
1791380292.697 340372
1791380292.751 340372
1791380292.805 340372
1791380292.859 340372
1791380292.913 340372
1791380292.967 340372
1791380293.021 340372
1791380293.075 340372
1791380293.129 340372
1791380293.183 340372
1791380293.234 340372
1791380293.288 340372
1791380293.342 340372
1791380293.396 340372
1791380293.450 340372
1791380293.504 340372
1791380293.558 340372
1791380293.612 340372
1791380293.666 340372
1791380293.720 340372
1791380293.773 340372
1791380293.827 340372
1791380293.881 340372
1791380293.935 340372
1791380293.989 340372
1791380294.043 340372
1791380294.097 340372
1791380294.151 340372
1791380294.205 340372
1791380294.259 340372
1791380294.313 340372
1791380294.367 340372
1791380294.421 340372
1791380294.475 340372
1791380294.529 340372
1791380294.582 340372
1791380294.636 340372
1791380294.690 340372
1791380294.744 340372
1791380294.798 340372
1791380294.852 340372
1791380294.906 340372
1791380294.960 340372
1791380295.014 340372
1791380295.068 340372
1791380295.122 340372
1791380295.176 340372
1791380295.230 340372
1791380295.284 340372
1791380295.338 340372
1791380295.392 340372
1791380295.445 340372
1791380295.499 340372
1791380295.553 340372
1791380295.607 340372
1791380295.661 340372
1791380295.715 340372
1791380295.769 340372
1791380295.823 340372
1791380295.877 340372
1791380295.931 340372
1791380295.985 340372
1791380296.039 340372
1791380296.093 340372
1791380296.147 340372
1791380296.201 340372
1791380296.255 340372
1791380296.309 340372
1791380296.363 340372
1791380296.416 340372
1791380296.470 340372
1791380296.524 340372
1791380296.578 340372
1791380296.632 340372
1791380296.686 340372
1791380296.740 340372
1791380296.794 340372
1791380296.848 340372
1791380296.902 340372
1791380296.955 340372
1791380297.007 340372
1791380297.061 340372
1791380297.115 340372
1791380297.169 340372
1791380297.223 340372
1791380297.277 340372
1791380297.331 340372
1791380297.385 340372
1791380297.439 340372
1791380297.493 340372
1791380297.547 340372
1791380297.601 340372
1791380297.655 340372
1791380297.709 340372
1791380297.763 340372
1791380297.817 340372
1791380297.871 340372
1791380297.925 340372
1791380297.979 340372
1791380298.033 340372
1791380298.087 340372
1791380298.141 340372
1791380298.194 340372
1791380298.248 340372
1791380298.302 340372
1791380298.356 340372
1791380298.410 340372
1791380298.464 340372
1791380298.518 340372
1791380298.572 340372
1791380298.626 340372
1791380298.680 340372
1791380298.734 340372
1791380298.788 340372
1791380298.842 340372
1791380298.896 340372
1791380298.950 340372
1791380299.004 340372
1791380299.058 340372
1791380299.112 340372
1791380299.166 340372
1791380299.220 340372
1791380299.274 340372
1791380299.328 340372
1791380299.382 340372
1791380299.435 340372
1791380299.489 340372
1791380299.543 340372
1791380299.597 340372
1791380299.651 340372
1791380299.705 340372
1791380299.759 340372
1791380299.813 340372
1791380299.867 340372
1791380299.921 340372
1791380299.975 340372
1791380300.029 340372
1791380300.083 340372
1791380300.137 340372
1791380300.191 340372
1791380300.245 340372
1791380300.299 340372
1791380300.353 340372
1791380300.406 340372
1791380300.460 340372
1791380300.514 340372
1791380300.568 340372
1791380300.622 340372
1791380300.676 340372
1791380300.730 340372
1791380300.784 340372
1791380300.838 340372
1791380300.892 340372
1791380300.946 340372
1791380301.000 340372
1791380301.054 340372
1791380301.108 340372
1791380301.162 340372
1791380301.215 340372
1791380301.269 340372
1791380301.323 340372
1791380301.377 340372
1791380301.431 340372
1791380301.485 340372
1791380301.539 340372
1791380301.593 340372
1791380301.647 340372
1791380301.701 340372
1791380301.755 340372
1791380301.809 340372
1791380301.863 340372
1791380301.917 340372
1791380301.971 340372
1791380302.024 340372
1791380302.078 340372
1791380302.132 340372
1791380302.186 340372
1791380302.240 340372
1791380302.294 340372
1791380302.348 340372
1791380302.402 340372
1791380302.456 340372
1791380302.510 340372
1791380302.564 340372
1791380302.618 340372
1791380302.672 340372
1791380302.726 340372
1791380302.780 340372
1791380302.833 340372
1791380302.887 340372
1791380302.941 340372
1791380302.995 340372
1791380303.049 340372
1791380303.103 340372
1791380303.157 340372
1791380303.211 340372
1791380303.265 340372
1791380303.319 340372
1791380303.373 340372
1791380303.426 340372
1791380303.480 340372
1791380303.534 340372
1791380303.588 340372
1791380303.642 340372
1791380303.696 340372
1791380303.750 340372
1791380303.804 340372
1791380303.858 340372
1791380303.912 340372
1791380303.966 340372
1791380304.020 340372
1791380304.073 340372
1791380304.127 340372
1791380304.181 340372
1791380304.235 340372
1791380304.289 340372
1791380304.343 340372
1791380304.397 340372
1791380304.451 340372
1791380304.505 340372
1791380304.559 340372
1791380304.613 340372
1791380304.667 340372
1791380304.721 340372
1791380304.774 340372
1791380304.828 340372
1791380304.882 340372
1791380304.936 340372
1791380304.991 340372
1791380305.045 340372
1791380305.099 340372
1791380305.153 340372
1791380305.207 340372
1791380305.260 340372
1791380305.314 340372
1791380305.368 340372
1791380305.422 340372
1791380305.476 340372
1791380305.530 340372
1791380305.584 340372
1791380305.638 340372
1791380305.692 340372
1791380305.746 340372
1791380305.800 340372
1791380305.853 340372
1791380305.907 340372
1791380305.961 340372
1791380306.015 340372
1791380306.069 340372
1791380306.123 340372
1791380306.177 340372
1791380306.231 340372
1791380306.285 340372
1791380306.339 340372
1791380306.393 340372
1791380306.447 340372
1791380306.500 340372
1791380306.554 340372
1791380306.608 340372
1791380306.662 340372
1791380306.716 340372
1791380306.770 340372
1791380306.824 340372
1791380306.878 340372
1791380306.932 340372
1791380306.986 340372
1791380307.040 340372
1791380307.094 340372
1791380307.148 340372
1791380307.201 340372
1791380307.255 340372
1791380307.309 340372
1791380307.363 340372
1791380307.417 340372
1791380307.471 340372
1791380307.525 340372
1791380307.579 340372
1791380307.633 340372
1791380307.687 340372
1791380307.738 340372
1791380307.789 340372
1791380307.841 340372
1791380307.895 340372
1791380307.949 340372
1791380308.003 340372
1791380308.057 340372
1791380308.111 340372
1791380308.165 340372
1791380308.219 340372
1791380308.270 340372
1791380308.322 340372
1791380308.376 340372
1791380308.430 340372
1791380308.484 340372
1791380308.538 340372
1791380308.592 340372
1791380308.646 340372
1791380308.700 340372
1791380308.754 340372
1791380308.808 340372
1791380308.862 340372
1791380308.916 340372
1791380308.970 340372
1791380309.024 340372
1791380309.077 340372
1791380309.131 340372
1791380309.185 340372
1791380309.239 340372
1791380309.293 340372
1791380309.347 340372
1791380309.401 340372
1791380309.454 340372
1791380309.508 340372
1791380309.562 340372
1791380309.616 340372
1791380309.669 340372
1791380309.723 340372
1791380309.777 340372
1791380309.831 340372
1791380309.885 340372
1791380309.939 340372
1791380309.993 340372
1791380310.047 340372
1791380310.101 340372
1791380310.155 340372
1791380310.209 340372
1791380310.263 340372
1791380310.317 340372
1791380310.371 340372
1791380310.425 340372
1791380310.479 340372
1791380310.533 340372
1791380310.587 340372
1791380310.641 340372
1791380310.695 340372
1791380310.749 340372
1791380310.803 340372
1791380310.856 340372
1791380310.910 340372
1791380310.964 340372
1791380311.018 340372
1791380311.072 340372
1791380311.126 340372
1791380311.180 340372
1791380311.234 340372
1791380311.288 340372
1791380311.342 340372
1791380311.396 340372
1791380311.449 340372
1791380311.503 340372
1791380311.557 340372
1791380311.611 340372
1791380311.665 340372
1791380311.716 340372
1791380311.770 340372
1791380311.824 340372
1791380311.878 340372
1791380311.932 340372
1791380311.986 340372
1791380312.040 340372
1791380312.094 340372
1791380312.148 340372
1791380312.201 340372
1791380312.255 340372
1791380312.309 340372
1791380312.363 340372
1791380312.417 340372
1791380312.471 340372
1791380312.525 340372
1791380312.579 340372
1791380312.633 340372
1791380312.687 340372
1791380312.741 340372
1791380312.795 340372
1791380312.849 340372
1791380312.903 340372
1791380312.957 340372
1791380313.011 340372
1791380313.065 340372
1791380313.119 340372
1791380313.172 340372
1791380313.226 340372
1791380313.280 340372
1791380313.334 340372
1791380313.388 340372
1791380313.442 340372
1791380313.496 340372
1791380313.550 340372
1791380313.604 340372
1791380313.658 340372
1791380313.712 340372
1791380313.766 340372
1791380313.820 340372
1791380313.874 340372
1791380313.928 340372
1791380313.982 340372
1791380314.036 340372
1791380314.089 340372
1791380314.143 340372
1791380314.197 340372
1791380314.251 340372
1791380314.305 340372
1791380314.359 340372
1791380314.413 340372
1791380314.467 340372
1791380314.521 340372
1791380314.575 340372
1791380314.629 340372
1791380314.683 340372
1791380314.737 340372
1791380314.791 340372
1791380314.844 340372
1791380314.898 340372
1791380314.952 340372
1791380315.006 340372
1791380315.060 340372
1791380315.114 340372
1791380315.168 340372
1791380315.222 340372
1791380315.276 340372
1791380315.330 340372
1791380315.384 340372
1791380315.438 340372
1791380315.492 340372
1791380315.545 340372
1791380315.599 340372
1791380315.653 340372
1791380315.707 340372
1791380315.761 340372
1791380315.815 340372
1791380315.869 340372
1791380315.923 340372
1791380315.977 340372
1791380316.031 340372
1791380316.085 340372
1791380316.139 340372
1791380316.192 340372
1791380316.246 340372
1791380316.300 340372
1791380316.354 340372
1791380316.408 340372
1791380316.462 340372
1791380316.516 340372
1791380316.570 340372
1791380316.624 340372
1791380316.678 340372
1791380316.732 340372
1791380316.786 340372
1791380316.840 340372
1791380316.894 340372
1791380316.948 340372
1791380317.001 340372
1791380317.055 340372
1791380317.109 340372
1791380317.161 340372
1791380317.215 340372
1791380317.269 340372
1791380317.322 340372
1791380317.376 340372
1791380317.427 340372
1791380317.481 340372
1791380317.535 340372
1791380317.589 340372
1791380317.643 340372
1791380317.697 340372
1791380317.751 340372
1791380317.805 340372
1791380317.859 340372
1791380317.913 340372
1791380317.967 340372
1791380318.021 340372
1791380318.075 340372
1791380318.126 340372
1791380318.180 340372
1791380318.232 340372
1791380318.286 340372
1791380318.340 340372
1791380318.394 340372
1791380318.448 340372
1791380318.502 340372
1791380318.556 340372
1791380318.610 340372
1791380318.663 340372
1791380318.717 340372
1791380318.771 340372
1791380318.825 340372
1791380318.879 340372
1791380318.933 340372
1791380318.987 340372
1791380319.041 340372
1791380319.095 340372
1791380319.149 340372
1791380319.203 340372
1791380319.257 340372
1791380319.311 340372
1791380319.365 340372
1791380319.419 340372
1791380319.472 340372
1791380319.526 340372
1791380319.580 340372
1791380319.634 340372
1791380319.688 340372
1791380319.742 340372
1791380319.796 340372
1791380319.850 340372
1791380319.904 340372
1791380319.958 340372
1791380320.012 340372
1791380320.066 340372
1791380320.120 340372
1791380320.173 340372
1791380320.227 340372
1791380320.281 340372
1791380320.335 340372
1791380320.389 340372
1791380320.443 340372
1791380320.497 340372
1791380320.551 340372
1791380320.605 340372
1791380320.659 340372
1791380320.713 340372
1791380320.767 340372
1791380320.821 340372
1791380320.875 340372
1791380320.928 340372
1791380320.982 340372
1791380321.036 340372
1791380321.090 340372
1791380321.144 340372
1791380321.198 340372
1791380321.252 340372
1791380321.306 340372
1791380321.360 340372
1791380321.414 340372
1791380321.468 340372
1791380321.522 340372
1791380321.576 340372
1791380321.630 340372
1791380321.684 340372
1791380321.738 340372
1791380321.792 340372
1791380321.846 340372
1791380321.900 340372
1791380321.953 340372
1791380322.007 340372
1791380322.061 340372
1791380322.115 340372
1791380322.169 340372
1791380322.223 340372
1791380322.277 340372
1791380322.331 340372
1791380322.385 340372
1791380322.439 340372
1791380322.493 340372
1791380322.547 340372
1791380322.601 340372
1791380322.655 340372
1791380322.706 340372
1791380322.758 340372
1791380322.812 340372
1791380322.866 340372
1791380322.920 340372
1791380322.974 340372
1791380323.028 340372
1791380323.082 340372
1791380323.136 340372
1791380323.190 340372
1791380323.244 340372
1791380323.298 340372
1791380323.352 340372
1791380323.406 340372
1791380323.460 340372
1791380323.514 340372
1791380323.568 340372
1791380323.622 340372
1791380323.676 340372
1791380323.730 340372
1791380323.784 340372
1791380323.838 340372
1791380323.892 340372
1791380323.946 340372
1791380323.999 340372
1791380324.053 340372
1791380324.107 340372
1791380324.161 340372
1791380324.216 340372
1791380324.270 340372
1791380324.324 340372
1791380324.378 340372
1791380324.432 340372
1791380324.486 340372
1791380324.540 340372
1791380324.594 340372
1791380324.648 340372
1791380324.702 340372
1791380324.756 340372
1791380324.810 340372
1791380324.864 340372
1791380324.918 340372
1791380324.971 340372
1791380325.025 340372
1791380325.079 340372
1791380325.133 340372
1791380325.187 340372
1791380325.241 340372
1791380325.295 340372
1791380325.349 340372
1791380325.403 340372
1791380325.457 340372
1791380325.511 340372
1791380325.565 340372
1791380325.618 340372
1791380325.672 340372
1791380325.723 340372
1791380325.777 340372
1791380325.831 340372
1791380325.885 340372
1791380325.939 340372
1791380325.993 340372
1791380326.047 340372
1791380326.101 340372
1791380326.155 340372
1791380326.209 340372
1791380326.263 340372
1791380326.317 340372
1791380326.370 340372
1791380326.424 340372
1791380326.478 340372
1791380326.532 340372
1791380326.586 340372
1791380326.640 340372
1791380326.694 340372
1791380326.748 340372
1791380326.802 340372
1791380326.856 340372
1791380326.910 340372
1791380326.964 340372
1791380327.016 340372
1791380327.070 340372
1791380327.124 340372
1791380327.178 340372
1791380327.232 340372
1791380327.286 340372
1791380327.340 340372
1791380327.394 340372
1791380327.448 340372
1791380327.502 340372
1791380327.556 340372
1791380327.610 340372
1791380327.664 340372
1791380327.718 340372
1791380327.772 340372
1791380327.825 340372
1791380327.879 340372
1791380327.933 340372
1791380327.987 340372
1791380328.041 340372
1791380328.095 340372
1791380328.149 340372
1791380328.203 340372
1791380328.258 340372
1791380328.312 340372
1791380328.366 340372
1791380328.420 340372
1791380328.474 340372
1791380328.528 340372
1791380328.582 340372
1791380328.636 340372
1791380328.690 340372
1791380328.744 340372
1791380328.798 340372
1791380328.852 340372
1791380328.906 340372
1791380328.960 340372
1791380329.014 340372
1791380329.068 340372
1791380329.121 340372
1791380329.175 340372
1791380329.229 340372
1791380329.283 340372
1791380329.337 340372
1791380329.391 340372
1791380329.445 340372
1791380329.499 340372
1791380329.553 340372
1791380329.607 340372
1791380329.661 340372
1791380329.715 340372
1791380329.769 340372
1791380329.822 340372
1791380329.877 340372
1791380329.930 340372
1791380329.984 340372
1791380330.038 340372
1791380330.092 340372
1791380330.146 340372
1791380330.200 340372
1791380330.254 340372
1791380330.308 340372
1791380330.362 340372
1791380330.416 340372
1791380330.470 340372
1791380330.524 340372
1791380330.578 340372
1791380330.632 340372
1791380330.685 340372
1791380330.739 340372
1791380330.793 340372
1791380330.847 340372
1791380330.901 340372
1791380330.955 340372
1791380331.009 340372
1791380331.063 340372
1791380331.117 340372
1791380331.171 340372
1791380331.225 340372
1791380331.279 340372
1791380331.332 340372
1791380331.386 340372
1791380331.440 340372
1791380331.494 340372
1791380331.548 340372
1791380331.602 340372
1791380331.656 340372
1791380331.708 340372
1791380331.762 340372
1791380331.816 340372
1791380331.870 340372
1791380331.924 340372
1791380331.978 340372
1791380332.032 340372
1791380332.086 340372
1791380332.140 340372
1791380332.194 340372
1791380332.247 340372
1791380332.301 340372
1791380332.355 340372
1791380332.409 340372
1791380332.463 340372
1791380332.517 340372
1791380332.571 340372
1791380332.625 340372
1791380332.679 340372
1791380332.733 340372
1791380332.787 340372
1791380332.841 340372
1791380332.894 340372
1791380332.948 340372
1791380333.002 340372
1791380333.056 340372
1791380333.110 340372
1791380333.164 340372
1791380333.218 340372
1791380333.271 340372
1791380333.325 340372
1791380333.379 340372
1791380333.433 340372
1791380333.487 340372
1791380333.541 340372
1791380333.594 340372
1791380333.648 340372
1791380333.702 340372
1791380333.756 340372
1791380333.810 340372
1791380333.864 340372
1791380333.918 340372
1791380333.972 340372
1791380334.026 340372
1791380334.080 340372
1791380334.134 340372
1791380334.188 340372
1791380334.241 340372
1791380334.295 340372
1791380334.349 340372
1791380334.403 340372
1791380334.457 340372
1791380334.511 340372
1791380334.565 340372
1791380334.619 340372
1791380334.673 340372
1791380334.727 340372
1791380334.781 340372
1791380334.834 340372
1791380334.888 340372
1791380334.942 340372
1791380334.996 340372
1791380335.050 340372
1791380335.104 340372
1791380335.158 340372
1791380335.212 340372
1791380335.266 340372
1791380335.320 340372
1791380335.374 340372
1791380335.427 340372
1791380335.481 340372
1791380335.535 340372
1791380335.589 340372
1791380335.643 340372
1791380335.697 340372
1791380335.751 340372
1791380335.805 340372
1791380335.859 340372
1791380335.913 340372
1791380335.967 340372
1791380336.021 340372
1791380336.075 340372
1791380336.128 340372
1791380336.182 340372
1791380336.236 340372
1791380336.290 340372
1791380336.344 340372
1791380336.398 340372
1791380336.452 340372
1791380336.506 340372
1791380336.560 340372
1791380336.614 340372
1791380336.667 340372
1791380336.718 340372
1791380336.772 340372
1791380336.826 340372
1791380336.880 340372
1791380336.934 340372
1791380336.988 340372
1791380337.042 340372
1791380337.096 340372
1791380337.150 340372
1791380337.204 340372
1791380337.258 340372
1791380337.312 340372
1791380337.366 340372
1791380337.420 340372
1791380337.473 340372
1791380337.527 340372
1791380337.581 340372
1791380337.635 340372
1791380337.689 340372
1791380337.743 340372
1791380337.797 340372
1791380337.851 340372
1791380337.905 340372
1791380337.959 340372
1791380338.013 340372
1791380338.067 340372
1791380338.120 340372
1791380338.174 340372
1791380338.228 340372
1791380338.280 340372
1791380338.331 340372
1791380338.385 340372
1791380338.439 340372
1791380338.493 340372
1791380338.547 340372
1791380338.601 340372
1791380338.655 340372
1791380338.709 340372
1791380338.763 340372
1791380338.817 340372
1791380338.871 340372
1791380338.925 340372
1791380338.979 340372
1791380339.033 340372
1791380339.087 340372
1791380339.141 340372
1791380339.194 340372
1791380339.248 340372
1791380339.302 340372
1791380339.356 340372
1791380339.410 340372
1791380339.464 340372
1791380339.518 340372
1791380339.572 340372
1791380339.626 340372
1791380339.680 340372
1791380339.733 340372
1791380339.787 340372
1791380339.841 340372
1791380339.895 340372
1791380339.950 340372
1791380340.004 340372
1791380340.055 340372
1791380340.109 340372
1791380340.163 340372
1791380340.217 340372
1791380340.271 340372
1791380340.325 340372
1791380340.379 340372
1791380340.433 340372
1791380340.487 340372
1791380340.541 340372
1791380340.595 340372
1791380340.648 340372
1791380340.702 340372
1791380340.756 340372
1791380340.810 340372
1791380340.864 340372
1791380340.918 340372
1791380340.972 340372
1791380341.026 340372
1791380341.080 340372
1791380341.134 340372
1791380341.188 340372
1791380341.242 340372
1791380341.297 340372
1791380341.350 340372
1791380341.404 340372
1791380341.458 340372
1791380341.512 340372
1791380341.566 340372
1791380341.620 340372
1791380341.674 340372
1791380341.728 340372
1791380341.782 340372
1791380341.836 340372
1791380341.890 340372
1791380341.944 340372
1791380341.998 340372
1791380342.051 340372
1791380342.105 340372
1791380342.156 340372
1791380342.210 340372
1791380342.264 340372
1791380342.318 340372
1791380342.372 340372
1791380342.426 340372
1791380342.480 340372
1791380342.534 340372
1791380342.585 340372
1791380342.636 340372
1791380342.689 340372
1791380342.744 340372
1791380342.798 340372
1791380342.852 340372
1791380342.906 340372
1791380342.960 340372
1791380343.014 340372
1791380343.068 340372
1791380343.122 340372
1791380343.176 340372
1791380343.229 340372
1791380343.283 340372
1791380343.337 340372
1791380343.391 340372
1791380343.445 340372
1791380343.499 340372
1791380343.553 340372
1791380343.607 340372
1791380343.661 340372
1791380343.715 340372
1791380343.768 340372
1791380343.822 340372
1791380343.876 340372
1791380343.930 340372
1791380343.984 340372
1791380344.038 340372
1791380344.092 340372
1791380344.146 340372
1791380344.200 340372
1791380344.254 340372
1791380344.308 340372
1791380344.361 340372
1791380344.415 340372
1791380344.469 340372
1791380344.523 340372
1791380344.577 340372
1791380344.631 340372
1791380344.685 340372
1791380344.739 340372
1791380344.793 340372
1791380344.847 340372
1791380344.901 340372
1791380344.955 340372
1791380345.009 340372
1791380345.063 340372
1791380345.117 340372
1791380345.171 340372
1791380345.225 340372
1791380345.279 340372
1791380345.333 340372
1791380345.387 340372
1791380345.440 340372
1791380345.494 340372
1791380345.548 340372
1791380345.602 340372
1791380345.656 340372
1791380345.710 340372
1791380345.764 340372
1791380345.818 340372
1791380345.872 340372
1791380345.926 340372
1791380345.980 340372
1791380346.034 340372
1791380346.085 340372
1791380346.136 340372
1791380346.187 340372
1791380346.238 340372
1791380346.289 340372
1791380346.343 340372
1791380346.397 340372
1791380346.451 340372
1791380346.505 340372
1791380346.559 340372
1791380346.613 340372
1791380346.667 340372
1791380346.720 340372
1791380346.774 340372
1791380346.828 340372
1791380346.882 340372
1791380346.936 340372
1791380346.990 340372
1791380347.044 340372
1791380347.098 340372
1791380347.152 340372
1791380347.206 340372
1791380347.260 340372
1791380347.314 340372
1791380347.368 340372
1791380347.422 340372
1791380347.476 340372
1791380347.529 340372
1791380347.583 340372
1791380347.637 340372
1791380347.691 340372
1791380347.745 340372
1791380347.799 340372
1791380347.853 340372
1791380347.907 340372
1791380347.961 340372
1791380348.015 340372
1791380348.069 340372
1791380348.123 340372
1791380348.177 340372
1791380348.231 340372
1791380348.285 340372
1791380348.339 340372
1791380348.392 340372
1791380348.446 340372
1791380348.500 340372
1791380348.554 340372
1791380348.608 340372
1791380348.662 340372
1791380348.716 340372
1791380348.770 340372
1791380348.824 340372
1791380348.878 340372
1791380348.932 340372
1791380348.985 340372
1791380349.039 340372
1791380349.093 340372
1791380349.147 340372
1791380349.201 340372
1791380349.255 340372
1791380349.309 340372
1791380349.363 340372
1791380349.417 340372
1791380349.471 340372
1791380349.525 340372
1791380349.579 340372
1791380349.633 340372
1791380349.687 340372
1791380349.741 340372
1791380349.795 340372
1791380349.849 340372
1791380349.903 340372
1791380349.957 340372
1791380350.011 340372
1791380350.064 340372
1791380350.118 340372
1791380350.172 340372
1791380350.226 340372
1791380350.280 340372
1791380350.334 340372
1791380350.388 340372
1791380350.442 340372
1791380350.496 340372
1791380350.550 340372
1791380350.603 340372
1791380350.657 340372
1791380350.711 340372
1791380350.765 340372
1791380350.819 340372
1791380350.873 340372
1791380350.927 340372
1791380350.981 340372
1791380351.035 340372
1791380351.089 340372
1791380351.143 340372
1791380351.197 340372
1791380351.250 340372
1791380351.304 340372
1791380351.358 340372
1791380351.412 340372
1791380351.466 340372
1791380351.520 340372
1791380351.574 340372
1791380351.628 340372
1791380351.682 340372
1791380351.733 340372
1791380351.787 340372
1791380351.840 340372
1791380351.894 340372
1791380351.948 340372
1791380352.002 340372
1791380352.056 340372
1791380352.110 340372
1791380352.164 340372
1791380352.218 340372
1791380352.272 340372
1791380352.326 340372
1791380352.379 340372
1791380352.433 340372
1791380352.487 340372
1791380352.541 340372
1791380352.595 340372
1791380352.649 340372
1791380352.703 340372
1791380352.757 340372
1791380352.811 340372
1791380352.865 340372
1791380352.919 340372
1791380352.972 340372
1791380353.026 340372
1791380353.080 340372
1791380353.134 340372
1791380353.188 340372
1791380353.242 340372
1791380353.296 340372
1791380353.350 340372
1791380353.404 340372
1791380353.458 340372
1791380353.512 340372
1791380353.566 340372
1791380353.620 340372
1791380353.673 340372
1791380353.727 340372
1791380353.781 340372
1791380353.835 340372
1791380353.889 340372
1791380353.942 340372
1791380353.996 340372
1791380354.050 340372
1791380354.104 340372
1791380354.158 340372
1791380354.212 340372
1791380354.266 340372
1791380354.320 340372
1791380354.374 340372
1791380354.428 340372
1791380354.482 340372
1791380354.536 340372
1791380354.590 340372
1791380354.644 340372
1791380354.698 340372
1791380354.751 340372
1791380354.805 340372
1791380354.859 340372
1791380354.913 340372
1791380354.967 340372
1791380355.021 340372
1791380355.075 340372
1791380355.129 340372
1791380355.183 340372
1791380355.237 340372
1791380355.291 340372
1791380355.345 340372
1791380355.398 340372
1791380355.452 340372
1791380355.506 340372
1791380355.560 340372
1791380355.614 340372
1791380355.668 340372
1791380355.722 340372
1791380355.776 340372
1791380355.830 340372
1791380355.884 340372
1791380355.938 340372
1791380355.992 340372
1791380356.045 340372
1791380356.100 340372
1791380356.154 340372
1791380356.208 340372
1791380356.262 340372
1791380356.316 340372
1791380356.370 340372
1791380356.423 340372
1791380356.477 340372
1791380356.531 340372
1791380356.585 340372
1791380356.639 340372
1791380356.693 340372
1791380356.747 340372
1791380356.801 340372
1791380356.855 340372
1791380356.909 340372
1791380356.963 340372
1791380357.014 340372
1791380357.068 340372
1791380357.122 340372
1791380357.176 340372
1791380357.230 340372
1791380357.283 340372
1791380357.336 340372
1791380357.390 340372
1791380357.444 340372
1791380357.497 340372
1791380357.551 340372
1791380357.605 340372
1791380357.659 340372
1791380357.713 340372
1791380357.767 340372
1791380357.821 340372
1791380357.875 340372
1791380357.929 340372
1791380357.983 340372
1791380358.036 340372
1791380358.090 340372
1791380358.144 340372
1791380358.198 340372
1791380358.252 340372
1791380358.306 340372
1791380358.360 340372
1791380358.414 340372
1791380358.468 340372
1791380358.522 340372
1791380358.576 340372
1791380358.630 340372
1791380358.684 340372
1791380358.738 340372
1791380358.792 340372
1791380358.846 340372
1791380358.900 340372
1791380358.954 340372
1791380359.008 340372
1791380359.062 340372
1791380359.116 340372
1791380359.170 340372
1791380359.224 340372
1791380359.278 340372
1791380359.331 340372
1791380359.385 340372
1791380359.439 340372
1791380359.493 340372
1791380359.547 340372
1791380359.601 340372
1791380359.655 340372
1791380359.709 340372
1791380359.763 340372
1791380359.817 340372
1791380359.871 340372
1791380359.925 340372
1791380359.979 340372
1791380360.033 340372
1791380360.087 340372
1791380360.141 340372
1791380360.194 340372
1791380360.248 340372
1791380360.302 340372
1791380360.356 340372
1791380360.410 340372
1791380360.464 340372
1791380360.518 340372
1791380360.572 340372
1791380360.626 340372
1791380360.680 340372
1791380360.734 340372
1791380360.789 340372
1791380360.842 340372
1791380360.896 340372
1791380360.950 340372
1791380361.004 340372
1791380361.058 340372
1791380361.112 340372
1791380361.166 340372
1791380361.220 340372
1791380361.274 340372
1791380361.328 340372
1791380361.382 340372
1791380361.436 340372
1791380361.490 340372
1791380361.544 340372
1791380361.597 340372
1791380361.651 340372
1791380361.705 340372
1791380361.759 340372
1791380361.813 340372
1791380361.867 340372
1791380361.921 340372
1791380361.975 340372
1791380362.029 340372
1791380362.083 340372
1791380362.137 340372
1791380362.190 340372
1791380362.244 340372
1791380362.298 340372
1791380362.352 340372
1791380362.406 340372
1791380362.460 340372
1791380362.514 340372
1791380362.568 340372
1791380362.622 340372
1791380362.676 340372
1791380362.730 340372
1791380362.784 340372
1791380362.838 340372
1791380362.892 340372
1791380362.946 340372
1791380362.999 340372
1791380363.053 340372
1791380363.107 340372
1791380363.161 340372
1791380363.215 340372
1791380363.269 340372
1791380363.323 340372
1791380363.377 340372
1791380363.431 340372
1791380363.485 340372
1791380363.539 340372
1791380363.593 340372
1791380363.647 340372
1791380363.701 340372
1791380363.755 340372
1791380363.809 340372
1791380363.863 340372
1791380363.917 340372
1791380363.971 340372
1791380364.025 340372
1791380364.078 340372
1791380364.132 340372
1791380364.186 340372
1791380364.240 340372
1791380364.294 340372
1791380364.348 340372
1791380364.402 340372
1791380364.456 340372
1791380364.510 340372
1791380364.564 340372
1791380364.618 340372
1791380364.672 340372
1791380364.726 340372
1791380364.779 340372
1791380364.833 340372
1791380364.887 340372
1791380364.941 340372
1791380364.995 340372
1791380365.049 340372
1791380365.103 340372
1791380365.157 340372
1791380365.211 340372
1791380365.265 340372
1791380365.319 340372
1791380365.373 340372
1791380365.427 340372
1791380365.481 340372
1791380365.534 340372
1791380365.588 340372
1791380365.642 340372
1791380365.696 340372
1791380365.750 340372
1791380365.804 340372
1791380365.858 340372
1791380365.912 340372
1791380365.966 340372
1791380366.020 340372
1791380366.074 340372
1791380366.127 340372
1791380366.181 340372
1791380366.235 340372
1791380366.290 340372
1791380366.344 340372
1791380366.397 340372
1791380366.451 340372
1791380366.505 340372
1791380366.559 340372
1791380366.613 340372
1791380366.667 340372
1791380366.721 340372
1791380366.775 340372
1791380366.829 340372
1791380366.883 340372
1791380366.936 340372
1791380366.990 340372
1791380367.044 340372
1791380367.098 340372
1791380367.152 340372
1791380367.203 340372
1791380367.257 340372
1791380367.311 340372
1791380367.362 340372
1791380367.416 340372
1791380367.470 340372
1791380367.524 340372
1791380367.578 340372
1791380367.632 340372
1791380367.685 340372
1791380367.739 340372
1791380367.793 340372
1791380367.847 340372
1791380367.901 340372
1791380367.955 340372
1791380368.009 340372
1791380368.063 340372
1791380368.117 340372
1791380368.171 340372
1791380368.225 340372
1791380368.277 340372
1791380368.328 340372
1791380368.383 340372
1791380368.436 340372
1791380368.490 340372
1791380368.544 340372
1791380368.598 340372
1791380368.653 340372
1791380368.707 340372
1791380368.761 340372
1791380368.815 340372
1791380368.869 340372
1791380368.923 340372
1791380368.976 340372
1791380369.030 340372
1791380369.084 340372
1791380369.138 340372
1791380369.192 340372
1791380369.246 340372
1791380369.300 340372
1791380369.354 340372
1791380369.408 340372
1791380369.462 340372
1791380369.516 340372
1791380369.570 340372
1791380369.624 340372
1791380369.678 340372
1791380369.732 340372
1791380369.786 340372
1791380369.840 340372
1791380369.894 340372
1791380369.947 340372
1791380370.001 340372
1791380370.055 340372
1791380370.109 340372
1791380370.163 340372
1791380370.217 340372
1791380370.271 340372
1791380370.325 340372
1791380370.379 340372
1791380370.433 340372
1791380370.487 340372
1791380370.541 340372
1791380370.594 340372
1791380370.648 340372
1791380370.702 340372
1791380370.756 340372
1791380370.810 340372
1791380370.864 340372
1791380370.918 340372
1791380370.972 340372
1791380371.025 340372
1791380371.079 340372
1791380371.133 340372
1791380371.187 340372
1791380371.241 340372
1791380371.295 340372
1791380371.349 340372
1791380371.403 340372
1791380371.457 340372
1791380371.510 340372
1791380371.564 340372
1791380371.618 340372
1791380371.672 340372
1791380371.726 340372
1791380371.780 340372
1791380371.834 340372
1791380371.888 340372
1791380371.942 340372
1791380371.995 340372
1791380372.049 340372
1791380372.103 340372
1791380372.157 340372
1791380372.211 340372
1791380372.265 340372
1791380372.319 340372
1791380372.373 340372
1791380372.427 340372
1791380372.481 340372
1791380372.535 340372
1791380372.589 340372
1791380372.642 340372
1791380372.696 340372
1791380372.750 340372
1791380372.804 340372
1791380372.858 340372
1791380372.912 340372
1791380372.966 340372
1791380373.020 340372
1791380373.074 340372
1791380373.128 340372
1791380373.182 340372
1791380373.236 340372
1791380373.290 340372
1791380373.343 340372
1791380373.397 340372
1791380373.451 340372
1791380373.505 340372
1791380373.559 340372
1791380373.615 340372
1791380373.669 340372
1791380373.723 340372
1791380373.777 340372
1791380373.831 340372
1791380373.885 340372
1791380373.939 340372
1791380373.993 340372
1791380374.046 340372
1791380374.100 340372
1791380374.154 340372
1791380374.208 340372
1791380374.262 340372
1791380374.316 340372
1791380374.370 340372
1791380374.424 340372
1791380374.478 340372
1791380374.532 340372
1791380374.586 340372
1791380374.640 340372
1791380374.694 340372
1791380374.747 340372
1791380374.801 340372
1791380374.855 340372
1791380374.909 340372
1791380374.963 340372
1791380375.017 340372
1791380375.071 340372
1791380375.125 340372
1791380375.179 340372
1791380375.233 340372
1791380375.287 340372
1791380375.340 340372
1791380375.394 340372
1791380375.448 340372
1791380375.502 340372
1791380375.556 340372
1791380375.610 340372
1791380375.664 340372
1791380375.718 340372
1791380375.772 340372
1791380375.826 340372
1791380375.880 340372
1791380375.934 340372
1791380375.987 340372
1791380376.040 340372
1791380376.094 340372
1791380376.148 340372
1791380376.202 340372
1791380376.256 340372
1791380376.310 340372
1791380376.364 340372
1791380376.418 340372
1791380376.472 340372
1791380376.526 340372
1791380376.580 340372
1791380376.633 340372
1791380376.687 340372
1791380376.741 340372
1791380376.795 340372
1791380376.849 340372
1791380376.903 340372
1791380376.957 340372
1791380377.011 340372
1791380377.065 340372
1791380377.121 340372
1791380377.173 340372
1791380377.227 340372
1791380377.281 340372
1791380377.335 340372
1791380377.389 340372
1791380377.441 340372
1791380377.495 340372
1791380377.549 340372
1791380377.603 340372
1791380377.657 340372
1791380377.711 340372
1791380377.765 340372
1791380377.819 340372
1791380377.872 340372
1791380377.926 340372
1791380377.980 340372
1791380378.034 340372
1791380378.088 340372
1791380378.142 340372
1791380378.197 340372
1791380378.250 340372
1791380378.304 340372
1791380378.358 340372
1791380378.412 340372
1791380378.466 340372
1791380378.520 340372
1791380378.574 340372
1791380378.628 340372
1791380378.682 340372
1791380378.736 340372
1791380378.790 340372
1791380378.842 340372
1791380378.896 340372
1791380378.950 340372
1791380379.004 340372
1791380379.058 340372
1791380379.112 340372
1791380379.166 340372
1791380379.220 340372
1791380379.274 340372
1791380379.328 340372
1791380379.382 340372
1791380379.436 340372
1791380379.490 340372
1791380379.544 340372
1791380379.598 340372
1791380379.652 340372
1791380379.706 340372
1791380379.759 340372
1791380379.813 340372
1791380379.867 340372
1791380379.921 340372
1791380379.975 340372
1791380380.029 340372
1791380380.083 340372
1791380380.137 340372
1791380380.191 340372
1791380380.245 340372
1791380380.299 340372
1791380380.353 340372
1791380380.406 340372
1791380380.460 340372
1791380380.514 340372
1791380380.568 340372
1791380380.622 340372
1791380380.676 340372
1791380380.730 340372
1791380380.784 340372
1791380380.838 340372
1791380380.892 340372
1791380380.946 340372
1791380381.000 340372
1791380381.053 340372
1791380381.108 340372
1791380381.161 340372
1791380381.215 340372
1791380381.269 340372
1791380381.323 340372
1791380381.377 340372
1791380381.431 340372
1791380381.485 340372
1791380381.539 340372
1791380381.593 340372
1791380381.647 340372
1791380381.701 340372
1791380381.754 340372
1791380381.808 340372
1791380381.862 340372
1791380381.916 340372
1791380381.970 340372
1791380382.024 340372
1791380382.078 340372
1791380382.132 340372
1791380382.186 340372
1791380382.240 340372
1791380382.294 340372
1791380382.348 340372
1791380382.402 340372
1791380382.455 340372
1791380382.509 340372
1791380382.563 340372
1791380382.617 340372
1791380382.671 340372
1791380382.725 340372
1791380382.779 340372
1791380382.833 340372
1791380382.887 340372
1791380382.941 340372
1791380382.995 340372
1791380383.048 340372
1791380383.102 340372
1791380383.156 340372
1791380383.210 340372
1791380383.264 340372
1791380383.318 340372
1791380383.372 340372
1791380383.426 340372
1791380383.480 340372
1791380383.534 340372
1791380383.588 340372
1791380383.642 340372
1791380383.696 340372
1791380383.749 340372
1791380383.803 340372
1791380383.857 340372
1791380383.911 340372
1791380383.965 340372
1791380384.019 340372
1791380384.073 340372
1791380384.127 340372
1791380384.181 340372
1791380384.235 340372
1791380384.289 340372
1791380384.342 340372
1791380384.396 340372
1791380384.450 340372
1791380384.505 340372
1791380384.558 340372
1791380384.612 340372
1791380384.664 340372
1791380384.715 340372
1791380384.769 340372
1791380384.823 340372
1791380384.877 340372
1791380384.931 340372
1791380384.985 340372
1791380385.039 340372
1791380385.093 340372
1791380385.147 340372
1791380385.201 340372
1791380385.255 340372
1791380385.309 340372
1791380385.363 340372
1791380385.417 340372
1791380385.470 340372
1791380385.524 340372
1791380385.578 340372
1791380385.632 340372
1791380385.686 340372
1791380385.740 340372
1791380385.794 340372
1791380385.848 340372
1791380385.902 340372
1791380385.956 340372
1791380386.010 340372
1791380386.063 340372
1791380386.117 340372
1791380386.171 340372
1791380386.225 340372
1791380386.279 340372
1791380386.333 340372
1791380386.387 340372
1791380386.441 340372
1791380386.495 340372
1791380386.549 340372
1791380386.603 340372
1791380386.657 340372
1791380386.711 340372
1791380386.765 340372
1791380386.819 340372
1791380386.873 340372
1791380386.927 340372
1791380386.980 340372
1791380387.034 340372
1791380387.088 340372
1791380387.142 340372
1791380387.196 340372
1791380387.250 340372
1791380387.304 340372
1791380387.358 340372
1791380387.412 340372
1791380387.466 340372
1791380387.520 340372
1791380387.574 340372
1791380387.628 340372
1791380387.682 340372
1791380387.736 340372
1791380387.789 340372
1791380387.843 340372
1791380387.897 340372
1791380387.951 340372
1791380388.005 340372
1791380388.059 340372
1791380388.113 340372
1791380388.167 340372
1791380388.221 340372
1791380388.275 340372
1791380388.328 340372
1791380388.382 340372
1791380388.436 340372
1791380388.490 340372
1791380388.544 340372
1791380388.598 340372
1791380388.651 340372
1791380388.705 340372
1791380388.759 340372
1791380388.813 340372
1791380388.867 340372
1791380388.921 340372
1791380388.975 340372
1791380389.029 340372
1791380389.083 340372
1791380389.137 340372
1791380389.191 340372
1791380389.245 340372
1791380389.299 340372
1791380389.352 340372
1791380389.406 340372
1791380389.460 340372
1791380389.514 340372
1791380389.568 340372
1791380389.622 340372
1791380389.676 340372
1791380389.730 340372
1791380389.784 340372
1791380389.838 340372
1791380389.891 340372
1791380389.944 340372
1791380389.998 340372
1791380390.053 340372
1791380390.107 340372
1791380390.161 340372
1791380390.215 340372
1791380390.269 340372
1791380390.323 340372
1791380390.377 340372
1791380390.430 340372
1791380390.484 340372
1791380390.538 340372
1791380390.592 340372
1791380390.646 340372
1791380390.700 340372
1791380390.754 340372
1791380390.808 340372
1791380390.862 340372
1791380390.916 340372
1791380390.970 340372
1791380391.024 340372
1791380391.078 340372
1791380391.131 340372
1791380391.185 340372
1791380391.239 340372
1791380391.293 340372
1791380391.347 340372
1791380391.401 340372
1791380391.455 340372
1791380391.509 340372
1791380391.563 340372
1791380391.617 340372
1791380391.669 340372
1791380391.723 340372
1791380391.774 340372
1791380391.828 340372
1791380391.882 340372
1791380391.936 340372
1791380391.990 340372
1791380392.044 340372
1791380392.098 340372
1791380392.152 340372
1791380392.206 340372
1791380392.259 340372
1791380392.313 340372
1791380392.367 340372
1791380392.421 340372
1791380392.475 340372
1791380392.529 340372
1791380392.583 340372
1791380392.637 340372
1791380392.691 340372
1791380392.745 340372
1791380392.799 340372
1791380392.852 340372
1791380392.906 340372
1791380392.960 340372
1791380393.014 340372
1791380393.068 340372
1791380393.122 340372
1791380393.176 340372
1791380393.230 340372
1791380393.284 340372
1791380393.338 340372
1791380393.392 340372
1791380393.446 340372
1791380393.499 340372
1791380393.553 340372
1791380393.607 340372
1791380393.661 340372
1791380393.715 340372
1791380393.769 340372
1791380393.823 340372
1791380393.877 340372
1791380393.931 340372
1791380393.985 340372
1791380394.039 340372
1791380394.092 340372
1791380394.146 340372
1791380394.200 340372
1791380394.254 340372
1791380394.308 340372
1791380394.362 340372
1791380394.416 340372
1791380394.470 340372
1791380394.524 340372
1791380394.578 340372
1791380394.631 340372
1791380394.685 340372
1791380394.739 340372
1791380394.793 340372
1791380394.847 340372
1791380394.901 340372
1791380394.955 340372
1791380395.009 340372
1791380395.063 340372
1791380395.117 340372
1791380395.171 340372
1791380395.224 340372
1791380395.278 340372
1791380395.332 340372
1791380395.386 340372
1791380395.440 340372
1791380395.494 340372
1791380395.548 340372
1791380395.602 340372
1791380395.656 340372
1791380395.710 340372
1791380395.764 340372
1791380395.818 340372
1791380395.871 340372
1791380395.925 340372
1791380395.979 340372
1791380396.033 340372
1791380396.087 340372
1791380396.141 340372
1791380396.195 340372
1791380396.249 340372
1791380396.303 340372
1791380396.357 340372
1791380396.410 340372
1791380396.464 340372
1791380396.518 340372
1791380396.572 340372
1791380396.626 340372
1791380396.680 340372
1791380396.734 340372
1791380396.788 340372
1791380396.842 340372
1791380396.896 340372
1791380396.950 340372
1791380397.003 340372
1791380397.057 340372
1791380397.111 340372
1791380397.165 340372
1791380397.219 340372
1791380397.273 340372
1791380397.327 340372
1791380397.381 340372
1791380397.435 340372
1791380397.489 340372
1791380397.543 340372
1791380397.596 340372
1791380397.650 340372
1791380397.704 340372
1791380397.758 340372
1791380397.812 340372
1791380397.866 340372
1791380397.920 340372
1791380397.974 340372
1791380398.028 340372
1791380398.082 340372
1791380398.136 340372
1791380398.190 340372
1791380398.244 340372
1791380398.296 340372
1791380398.347 340372
1791380398.401 340372
1791380398.455 340372
1791380398.509 340372
1791380398.563 340372
1791380398.616 340372
1791380398.670 340372
1791380398.724 340372
1791380398.778 340372
1791380398.832 340372
1791380398.886 340372
1791380398.940 340372
1791380398.994 340372
1791380399.048 340372
1791380399.101 340372
1791380399.155 340372
1791380399.209 340372
1791380399.263 340372
1791380399.317 340372
1791380399.371 340372
1791380399.425 340372
1791380399.479 340372
1791380399.533 340372
1791380399.586 340372
1791380399.639 340372
1791380399.693 340372
1791380399.747 340372
1791380399.801 340372
1791380399.855 340372
1791380399.909 340372
1791380399.963 340372
1791380400.017 340372
1791380400.071 340372
1791380400.125 340372
1791380400.179 340372
1791380400.233 340372
1791380400.287 340372
1791380400.341 340372
1791380400.395 340372
1791380400.449 340372
1791380400.503 340372
1791380400.557 340372
1791380400.611 340372
1791380400.665 340372
1791380400.719 340372
1791380400.772 340372
1791380400.826 340372
1791380400.880 340372
1791380400.934 340372
1791380400.988 340372
1791380401.042 340372
1791380401.096 340372
1791380401.150 340372
1791380401.204 340372
1791380401.258 340372
1791380401.312 340372
1791380401.365 340372
1791380401.419 340372
1791380401.473 340372
1791380401.527 340372
1791380401.581 340372
1791380401.635 340372
1791380401.689 340372
1791380401.743 340372
1791380401.797 340372
1791380401.851 340372
1791380401.905 340372
1791380401.958 340372
1791380402.009 340372
1791380402.063 340372
1791380402.117 340372
1791380402.171 340372
1791380402.225 340372
1791380402.279 340372
1791380402.333 340372
1791380402.387 340372
1791380402.441 340372
1791380402.495 340372
1791380402.548 340372
1791380402.602 340372
1791380402.656 340372
1791380402.710 340372
1791380402.762 340372
1791380402.813 340372
1791380402.867 340372
1791380402.921 340372
1791380402.976 340372
1791380403.029 340372
1791380403.083 340372
1791380403.137 340372
1791380403.191 340372
1791380403.245 340372
1791380403.299 340372
1791380403.353 340372
1791380403.407 340372
1791380403.461 340372
1791380403.515 340372
1791380403.569 340372
1791380403.623 340372
1791380403.677 340372
1791380403.731 340372
1791380403.784 340372
1791380403.838 340372
1791380403.892 340372
1791380403.946 340372
1791380404.000 340372
1791380404.054 340372
1791380404.108 340372
1791380404.162 340372
1791380404.216 340372
1791380404.270 340372
1791380404.324 340372
1791380404.378 340372
1791380404.432 340372
1791380404.485 340372
1791380404.539 340372
1791380404.593 340372
1791380404.647 340372
1791380404.701 340372
1791380404.755 340372
1791380404.809 340372
1791380404.863 340372
1791380404.917 340372
1791380404.971 340372
1791380405.025 340372
1791380405.078 340372
1791380405.132 340372
1791380405.186 340372
1791380405.240 340372
1791380405.294 340372
1791380405.348 340372
1791380405.402 340372
1791380405.456 340372
1791380405.510 340372
1791380405.564 340372
1791380405.618 340372
1791380405.672 340372
1791380405.725 340372
1791380405.779 340372
1791380405.833 340372
1791380405.887 340372
1791380405.941 340372
1791380405.995 340372
1791380406.049 340372
1791380406.100 340372
1791380406.154 340372
1791380406.208 340372
1791380406.262 340372
1791380406.316 340372
1791380406.370 340372
1791380406.424 340372
1791380406.478 340372
1791380406.532 340372
1791380406.586 340372
1791380406.640 340372
1791380406.694 340372
1791380406.747 340372
1791380406.801 340372
1791380406.855 340372
1791380406.909 340372
1791380406.963 340372
1791380407.017 340372
1791380407.071 340372
1791380407.125 340372
1791380407.179 340372
1791380407.233 340372
1791380407.287 340372
1791380407.341 340372
1791380407.395 340372
1791380407.449 340372
1791380407.503 340372
1791380407.557 340372
1791380407.611 340372
1791380407.664 340372
1791380407.718 340372
1791380407.772 340372
1791380407.826 340372
1791380407.880 340372
1791380407.934 340372
1791380407.988 340372
1791380408.042 340372
1791380408.096 340372
1791380408.150 340372
1791380408.204 340372
1791380408.258 340372
1791380408.312 340372
1791380408.366 340372
1791380408.420 340372
1791380408.474 340372
1791380408.528 340372
1791380408.582 340372
1791380408.635 340372
1791380408.689 340372
1791380408.743 340372
1791380408.797 340372
1791380408.851 340372
1791380408.905 340372
1791380408.959 340372
1791380409.013 340372
1791380409.067 340372
1791380409.121 340372
1791380409.175 340372
1791380409.229 340372
1791380409.283 340372
1791380409.337 340372
1791380409.391 340372
1791380409.445 340372
1791380409.499 340372
1791380409.553 340372
1791380409.607 340372
1791380409.661 340372
1791380409.715 340372
1791380409.769 340372
1791380409.823 340372
1791380409.877 340372
1791380409.930 340372
1791380409.984 340372
1791380410.038 340372
1791380410.092 340372
1791380410.146 340372
1791380410.200 340372
1791380410.254 340372
1791380410.308 340372
1791380410.362 340372
1791380410.416 340372
1791380410.470 340372
1791380410.524 340372
1791380410.578 340372
1791380410.632 340372
1791380410.686 340372
1791380410.740 340372
1791380410.794 340372
1791380410.848 340372
1791380410.902 340372
1791380410.956 340372
1791380411.009 340372
1791380411.063 340372
1791380411.117 340372
1791380411.171 340372
1791380411.225 340372
1791380411.279 340372
1791380411.333 340372
1791380411.387 340372
1791380411.441 340372
1791380411.495 340372
1791380411.549 340372
1791380411.603 340372
1791380411.657 340372
1791380411.711 340372
1791380411.765 340372
1791380411.819 340372
1791380411.873 340372
1791380411.927 340372
1791380411.981 340372
1791380412.034 340372
1791380412.088 340372
1791380412.142 340372
1791380412.196 340372
1791380412.250 340372
1791380412.304 340372
1791380412.358 340372
1791380412.412 340372
1791380412.466 340372
1791380412.520 340372
1791380412.574 340372
1791380412.628 340372
1791380412.682 340372
1791380412.736 340372
1791380412.790 340372
1791380412.844 340372
1791380412.898 340372
1791380412.952 340372
1791380413.005 340372
1791380413.059 340372
1791380413.113 340372
1791380413.167 340372
1791380413.221 340372
1791380413.275 340372
1791380413.329 340372
1791380413.383 340372
1791380413.437 340372
1791380413.491 340372
1791380413.545 340372
1791380413.599 340372
1791380413.653 340372
1791380413.707 340372
1791380413.761 340372
1791380413.815 340372
1791380413.869 340372
1791380413.923 340372
1791380413.977 340372
1791380414.030 340372
1791380414.085 340372
1791380414.138 340372
1791380414.192 340372
1791380414.246 340372
1791380414.300 340372
1791380414.354 340372
1791380414.408 340372
1791380414.462 340372
1791380414.516 340372
1791380414.570 340372
1791380414.624 340372
1791380414.678 340372
1791380414.732 340372
1791380414.786 340372
1791380414.839 340372
1791380414.893 340372
1791380414.947 340372
1791380415.000 340372
1791380415.054 340372
1791380415.108 340372
1791380415.162 340372
1791380415.216 340372
1791380415.270 340372
1791380415.324 340372
1791380415.378 340372
1791380415.432 340372
1791380415.486 340372
1791380415.540 340372
1791380415.593 340372
1791380415.647 340372
1791380415.701 340372
1791380415.755 340372
1791380415.809 340372
1791380415.863 340372
1791380415.917 340372
1791380415.971 340372
1791380416.025 340372
1791380416.079 340372
1791380416.133 340372
1791380416.187 340372
1791380416.240 340372
1791380416.294 340372
1791380416.348 340372
1791380416.402 340372
1791380416.456 340372
1791380416.510 340372
1791380416.564 340372
1791380416.618 340372
1791380416.672 340372
1791380416.726 340372
1791380416.780 340372
1791380416.833 340372
1791380416.887 340372
1791380416.941 340372
1791380416.995 340372
1791380417.046 340372
1791380417.100 340372
1791380417.154 340372
1791380417.208 340372
1791380417.262 340372
1791380417.316 340372
1791380417.370 340372
1791380417.424 340372
1791380417.478 340372
1791380417.532 340372
1791380417.585 340372
1791380417.639 340372
1791380417.693 340372
1791380417.747 340372
1791380417.801 340372
1791380417.855 340372
1791380417.909 340372
1791380417.963 340372
1791380418.017 340372
1791380418.071 340372
1791380418.125 340372
1791380418.178 340372
1791380418.232 340372
1791380418.286 340372
1791380418.340 340372
1791380418.394 340372
1791380418.448 340372
1791380418.502 340372
1791380418.556 340372
1791380418.610 340372
1791380418.664 340372
1791380418.718 340372
1791380418.772 340372
1791380418.825 340372
1791380418.879 340372
1791380418.933 340372
1791380418.987 340372
1791380419.041 340372
1791380419.095 340372
1791380419.149 340372
1791380419.203 340372
1791380419.257 340372
1791380419.311 340372
1791380419.364 340372
1791380419.418 340372
1791380419.472 340372
1791380419.526 340372
1791380419.580 340372
1791380419.634 340372
1791380419.688 340372
1791380419.742 340372
1791380419.796 340372
1791380419.850 340372
1791380419.904 340372
1791380419.958 340372
1791380420.012 340372
1791380420.065 340372
1791380420.119 340372
1791380420.173 340372
1791380420.227 340372
1791380420.281 340372
1791380420.335 340372
1791380420.389 340372
1791380420.443 340372
1791380420.497 340372
1791380420.551 340372
1791380420.605 340372
1791380420.659 340372
1791380420.712 340372
1791380420.766 340372
1791380420.820 340372
1791380420.874 340372
1791380420.928 340372
1791380420.982 340372
1791380421.036 340372
1791380421.090 340372
1791380421.144 340372
1791380421.198 340372
1791380421.252 340372
1791380421.306 340372
1791380421.360 340372
1791380421.414 340372
1791380421.468 340372
1791380421.522 340372
1791380421.576 340372
1791380421.629 340372
1791380421.683 340372
1791380421.737 340372
1791380421.791 340372
1791380421.845 340372
1791380421.899 340372
1791380421.953 340372
1791380422.007 340372
1791380422.061 340372
1791380422.115 340372
1791380422.169 340372
1791380422.223 340372
1791380422.277 340372
1791380422.331 340372
1791380422.385 340372
1791380422.439 340372
1791380422.493 340372
1791380422.547 340372
1791380422.601 340372
1791380422.655 340372
1791380422.709 340372
1791380422.763 340372
1791380422.817 340372
1791380422.871 340372
1791380422.925 340372
1791380422.979 340372
1791380423.033 340372
1791380423.087 340372
1791380423.139 340372
1791380423.193 340372
1791380423.247 340372
1791380423.301 340372
1791380423.352 340372
1791380423.407 340372
1791380423.461 340372
1791380423.515 340372
1791380423.569 340372
1791380423.622 340372
1791380423.676 340372
1791380423.730 340372
1791380423.784 340372
1791380423.838 340372
1791380423.892 340372
1791380423.946 340372
1791380424.001 340372
1791380424.055 340372
1791380424.109 340372
1791380424.163 340372
1791380424.217 340372
1791380424.271 340372
1791380424.325 340372
1791380424.379 340372
1791380424.432 340372
1791380424.487 340372
1791380424.540 340372
1791380424.592 340372
1791380424.644 340372
1791380424.695 340372
1791380424.746 340372
1791380424.800 340372
1791380424.854 340372
1791380424.908 340372
1791380424.962 340372
1791380425.016 340372
1791380425.070 340372
1791380425.124 340372
1791380425.177 340372
1791380425.230 340372
1791380425.284 340372
1791380425.338 340372
1791380425.392 340372
1791380425.446 340372
1791380425.500 340372
1791380425.554 340372
1791380425.608 340372
1791380425.662 340372
1791380425.716 340372
1791380425.770 340372
1791380425.824 340372
1791380425.878 340372
1791380425.932 340372
1791380425.986 340372
1791380426.040 340372
1791380426.094 340372
1791380426.145 340372
1791380426.198 340372
1791380426.249 340372
1791380426.300 340372
1791380426.352 340372
1791380426.405 340372
1791380426.459 340372
1791380426.513 340372
1791380426.567 340372
1791380426.621 340372
1791380426.675 340372
1791380426.729 340372
1791380426.783 340372
1791380426.837 340372
1791380426.891 340372
1791380426.945 340372
1791380426.999 340372
1791380427.053 340372
1791380427.107 340372
1791380427.160 340372
1791380427.217 340372
1791380427.271 340372
1791380427.325 340372
1791380427.379 340372
1791380427.433 340372
1791380427.487 340372
1791380427.541 340372
1791380427.595 340372
1791380427.647 340372
1791380427.698 340372
1791380427.749 340372
1791380427.801 340372
1791380427.853 340372
1791380427.906 340372
1791380427.957 340372
1791380428.009 340372
1791380428.060 340372
1791380428.112 340372
1791380428.165 340372
1791380428.218 340372
1791380428.270 340372
1791380428.323 340372
1791380428.374 340372
1791380428.425 340372
1791380428.476 340372
1791380428.527 340372
1791380428.578 340372
1791380428.629 340372
1791380428.680 340372
1791380428.733 340372
1791380428.785 340372
1791380428.838 340372
1791380428.890 340372
1791380428.942 340372
1791380428.993 340372
1791380429.045 340372
1791380429.096 340372
1791380429.148 340372
1791380429.201 340372
1791380429.256 340372
1791380429.307 340372
1791380429.358 340372
1791380429.409 340372
1791380429.460 340372
1791380429.514 340372
1791380429.568 340372
1791380429.623 340372
1791380429.677 340372
1791380429.730 340372
1791380429.784 340372
1791380429.838 340372
1791380429.892 340372
1791380429.946 340372
1791380430.000 340372
1791380430.054 340372
1791380430.108 340372
1791380430.162 340372
1791380430.216 340372
1791380430.270 340372
1791380430.324 340372
1791380430.378 340372
1791380430.432 340372
1791380430.486 340372
1791380430.540 340372
1791380430.594 340372
1791380430.647 340372
1791380430.701 340372
1791380430.755 340372
1791380430.809 340372
1791380430.863 340372
1791380430.917 340372
1791380430.972 340372
1791380431.026 340372
1791380431.080 340372
1791380431.134 340372
1791380431.188 340372
1791380431.242 340372
1791380431.296 340372
1791380431.350 340372
1791380431.404 340372
1791380431.458 340372
1791380431.512 340372
1791380431.566 340372
1791380431.620 340372
1791380431.674 340372
1791380431.728 340372
1791380431.782 340372
1791380431.833 340372
1791380431.887 340372
1791380431.941 340372
1791380431.995 340372
1791380432.049 340372
1791380432.103 340372
1791380432.157 340372
1791380432.211 340372
1791380432.265 340372
1791380432.319 340372
1791380432.373 340372
1791380432.426 340372
1791380432.481 340372
1791380432.535 340372
1791380432.589 340372
1791380432.643 340372
1791380432.697 340372
1791380432.751 340372
1791380432.805 340372
1791380432.858 340372
1791380432.912 340372
1791380432.966 340372
1791380433.021 340372
1791380433.075 340372
1791380433.129 340372
1791380433.183 340372
1791380433.237 340372
1791380433.291 340372
1791380433.345 340372
1791380433.398 340372
1791380433.452 340372
1791380433.506 340372
1791380433.560 340372
1791380433.614 340372
1791380433.668 340372
1791380433.722 340372
1791380433.776 340372
1791380433.830 340372
1791380433.884 340372
1791380433.938 340372
1791380433.993 340372
1791380434.047 340372
1791380434.101 340372
1791380434.155 340372
1791380434.208 340372
1791380434.262 340372
1791380434.316 340372
1791380434.370 340372
1791380434.424 340372
1791380434.478 340372
1791380434.532 340372
1791380434.586 340372
1791380434.640 340372
1791380434.694 340372
1791380434.748 340372
1791380434.802 340372
1791380434.856 340372
1791380434.909 340372
1791380434.963 340372
1791380435.017 340372
1791380435.071 340372
1791380435.125 340372
1791380435.179 340372
1791380435.233 340372
1791380435.287 340372
1791380435.341 340372
1791380435.395 340372
1791380435.449 340372
1791380435.503 340372
1791380435.557 340372
1791380435.611 340372
1791380435.665 340372
1791380435.719 340372
1791380435.773 340372
1791380435.826 340372
1791380435.880 340372
1791380435.934 340372
1791380435.988 340372
1791380436.042 340372
1791380436.096 340372
1791380436.150 340372
1791380436.204 340372
1791380436.255 340372
1791380436.309 340372
1791380436.363 340372
1791380436.417 340372
1791380436.471 340372
1791380436.525 340372
1791380436.579 340372
1791380436.632 340372
1791380436.686 340372
1791380436.740 340372
1791380436.794 340372
1791380436.848 340372
1791380436.902 340372
1791380436.956 340372
1791380437.011 340372
1791380437.065 340372
1791380437.119 340372
1791380437.170 340372
1791380437.224 340372
1791380437.278 340372
1791380437.332 340372
1791380437.386 340372
1791380437.440 340372
1791380437.494 340372
1791380437.548 340372
1791380437.602 340372
1791380437.656 340372
1791380437.710 340372
1791380437.764 340372
1791380437.818 340372
1791380437.872 340372
1791380437.926 340372
1791380437.979 340372
1791380438.033 340372
1791380438.087 340372
1791380438.141 340372
1791380438.195 340372
1791380438.249 340372
1791380438.303 340372
1791380438.357 340372
1791380438.411 340372
1791380438.465 340372
1791380438.519 340372
1791380438.573 340372
1791380438.627 340372
1791380438.681 340372
1791380438.735 340372
1791380438.788 340372
1791380438.842 340372
1791380438.896 340372
1791380438.950 340372
1791380439.004 340372
1791380439.058 340372
1791380439.112 340372
1791380439.166 340372
1791380439.221 340372
1791380439.274 340372
1791380439.328 340372
1791380439.382 340372
1791380439.436 340372
1791380439.490 340372
1791380439.544 340372
1791380439.598 340372
1791380439.652 340372
1791380439.706 340372
1791380439.760 340372
1791380439.814 340372
1791380439.868 340372
1791380439.922 340372
1791380439.976 340372
1791380440.030 340372
1791380440.085 340372
1791380440.139 340372
1791380440.193 340372
1791380440.247 340372
1791380440.301 340372
1791380440.355 340372
1791380440.409 340372
1791380440.463 340372
1791380440.517 340372
1791380440.571 340372
1791380440.625 340372
1791380440.679 340372
1791380440.733 340372
1791380440.787 340372
1791380440.841 340372
1791380440.895 340372
1791380440.949 340372
1791380441.003 340372
1791380441.057 340372
1791380441.111 340372
1791380441.165 340372
1791380441.219 340372
1791380441.273 340372
1791380441.327 340372
1791380441.381 340372
1791380441.435 340372
1791380441.489 340372
1791380441.543 340372
1791380441.597 340372
1791380441.652 340372
1791380441.706 340372
1791380441.760 340372
1791380441.814 340372
1791380441.868 340372
1791380441.922 340372
1791380441.976 340372
1791380442.030 340372
1791380442.084 340372
1791380442.139 340372
1791380442.193 340372
1791380442.247 340372
1791380442.301 340372
1791380442.355 340372
1791380442.409 340372
1791380442.463 340372
1791380442.517 340372
1791380442.571 340372
1791380442.625 340372
1791380442.679 340372
1791380442.733 340372
1791380442.787 340372
1791380442.841 340372
1791380442.895 340372
1791380442.949 340372
1791380443.003 340372
1791380443.057 340372
1791380443.111 340372
1791380443.165 340372
1791380443.219 340372
1791380443.273 340372
1791380443.327 340372
1791380443.381 340372
1791380443.434 340372
1791380443.488 340372
1791380443.542 340372
1791380443.596 340372
1791380443.650 340372
1791380443.704 340372
1791380443.758 340372
1791380443.812 340372
1791380443.866 340372
1791380443.920 340372
1791380443.974 340372
1791380444.028 340372
1791380444.082 340372
1791380444.136 340372
1791380444.190 340372
1791380444.244 340372
1791380444.298 340372
1791380444.352 340372
1791380444.406 340372
1791380444.460 340372
1791380444.514 340372
1791380444.568 340372
1791380444.621 340372
1791380444.675 340372
1791380444.729 340372
1791380444.783 340372
1791380444.837 340372
1791380444.891 340372
1791380444.945 340372
1791380444.999 340372
1791380445.053 340372
1791380445.107 340372
1791380445.161 340372
1791380445.215 340372
1791380445.269 340372
1791380445.323 340372
1791380445.377 340372
1791380445.431 340372
1791380445.485 340372
1791380445.539 340372
1791380445.593 340372
1791380445.647 340372
1791380445.701 340372
1791380445.755 340372
1791380445.809 340372
1791380445.863 340372
1791380445.916 340372
1791380445.970 340372
1791380446.024 340372
1791380446.078 340372
1791380446.133 340372
1791380446.187 340372
1791380446.241 340372
1791380446.294 340372
1791380446.345 340372
1791380446.399 340372
1791380446.453 340372
1791380446.507 340372
1791380446.561 340372
1791380446.615 340372
1791380446.669 340372
1791380446.723 340372
1791380446.777 340372
1791380446.833 340372
1791380446.887 340372
1791380446.941 340372
1791380446.995 340372
1791380447.049 340372
1791380447.103 340372
1791380447.157 340372
1791380447.211 340372
1791380447.265 340372
1791380447.319 340372
1791380447.373 340372
1791380447.427 340372
1791380447.481 340372
1791380447.535 340372
1791380447.589 340372
1791380447.643 340372
1791380447.697 340372
1791380447.751 340372
1791380447.805 340372
1791380447.861 340372
1791380447.915 340372
1791380447.969 340372
1791380448.023 340372
1791380448.077 340372
1791380448.131 340372
1791380448.185 340372
1791380448.239 340372
1791380448.293 340372
1791380448.346 340372
1791380448.400 340372
1791380448.454 340372
1791380448.508 340372
1791380448.562 340372
1791380448.616 340372
1791380448.670 340372
1791380448.724 340372
1791380448.778 340372
1791380448.832 340372
1791380448.886 340372
1791380448.940 340372
1791380448.994 340372
1791380449.047 340372
1791380449.099 340372
1791380449.153 340372
1791380449.207 340372
1791380449.261 340372
1791380449.315 340372
1791380449.369 340372
1791380449.423 340372
1791380449.477 340372
1791380449.531 340372
1791380449.585 340372
1791380449.639 340372
1791380449.693 340372
1791380449.747 340372
1791380449.801 340372
1791380449.855 340372
1791380449.908 340372
1791380449.962 340372
1791380450.016 340372
1791380450.070 340372
1791380450.124 340372
1791380450.178 340372
1791380450.232 340372
1791380450.286 340372
1791380450.340 340372
1791380450.394 340372
1791380450.448 340372
1791380450.502 340372
1791380450.556 340372
1791380450.610 340372
1791380450.664 340372
1791380450.718 340372
1791380450.772 340372
1791380450.826 340372
1791380450.880 340372
1791380450.934 340372
1791380450.988 340372
1791380451.042 340372
1791380451.096 340372
1791380451.150 340372
1791380451.204 340372
1791380451.258 340372
1791380451.312 340372
1791380451.366 340372
1791380451.420 340372
1791380451.473 340372
1791380451.527 340372
1791380451.581 340372
1791380451.635 340372
1791380451.689 340372
1791380451.743 340372
1791380451.797 340372
1791380451.850 340372
1791380451.903 340372
1791380451.957 340372
1791380452.011 340372
1791380452.065 340372
1791380452.119 340372
1791380452.173 340372
1791380452.227 340372
1791380452.281 340372
1791380452.335 340372
1791380452.389 340372
1791380452.443 340372
1791380452.496 340372
1791380452.550 340372
1791380452.604 340372
1791380452.658 340372
1791380452.712 340372
1791380452.766 340372
1791380452.820 340372
1791380452.874 340372
1791380452.928 340372
1791380452.982 340372
1791380453.036 340372
1791380453.090 340372
1791380453.143 340372
1791380453.197 340372
1791380453.251 340372
1791380453.305 340372
1791380453.359 340372
1791380453.413 340372
1791380453.467 340372
1791380453.521 340372
1791380453.575 340372
1791380453.629 340372
1791380453.683 340372
1791380453.737 340372
1791380453.790 340372
1791380453.844 340372
1791380453.898 340372
1791380453.952 340372
1791380454.006 340372
1791380454.057 340372
1791380454.111 340372
1791380454.165 340372
1791380454.219 340372
1791380454.273 340372
1791380454.327 340372
1791380454.381 340372
1791380454.434 340372
1791380454.488 340372
1791380454.542 340372
1791380454.596 340372
1791380454.650 340372
1791380454.704 340372
1791380454.758 340372
1791380454.812 340372
1791380454.866 340372
1791380454.920 340372
1791380454.973 340372
1791380455.027 340372
1791380455.081 340372
1791380455.135 340372
1791380455.189 340372
1791380455.243 340372
1791380455.297 340372
1791380455.351 340372
1791380455.405 340372
1791380455.459 340372
1791380455.513 340372
1791380455.567 340372
1791380455.621 340372
1791380455.675 340372
1791380455.728 340372
1791380455.782 340372
1791380455.836 340372
1791380455.890 340372
1791380455.944 340372
1791380455.998 340372
1791380456.052 340372
1791380456.106 340372
1791380456.160 340372
1791380456.214 340372
1791380456.268 340372
1791380456.322 340372
1791380456.375 340372
1791380456.429 340372
1791380456.483 340372
1791380456.537 340372
1791380456.591 340372
1791380456.645 340372
1791380456.699 340372
1791380456.753 340372
1791380456.807 340372
1791380456.861 340372
1791380456.915 340372
1791380456.969 340372
1791380457.023 340372
1791380457.077 340372
1791380457.130 340372
1791380457.184 340372
1791380457.238 340372
1791380457.292 340372
1791380457.346 340372
1791380457.400 340372
1791380457.454 340372
1791380457.508 340372
1791380457.562 340372
1791380457.616 340372
1791380457.670 340372
1791380457.724 340372
1791380457.778 340372
1791380457.829 340372
1791380457.883 340372
1791380457.937 340372
1791380457.991 340372
1791380458.045 340372
1791380458.099 340372
1791380458.153 340372
1791380458.206 340372
1791380458.260 340372
1791380458.314 340372
1791380458.365 340372
1791380458.419 340372
1791380458.473 340372
1791380458.527 340372
1791380458.581 340372
1791380458.635 340372
1791380458.689 340372
1791380458.743 340372
1791380458.797 340372
1791380458.851 340372
1791380458.905 340372
1791380458.959 340372
1791380459.013 340372
1791380459.067 340372
1791380459.121 340372
1791380459.175 340372
1791380459.228 340372
1791380459.282 340372
1791380459.336 340372
1791380459.390 340372
1791380459.444 340372
1791380459.498 340372
1791380459.552 340372
1791380459.606 340372
1791380459.660 340372
1791380459.714 340372
1791380459.768 340372
1791380459.821 340372
1791380459.875 340372
1791380459.929 340372
1791380459.983 340372
1791380460.037 340372
1791380460.091 340372
1791380460.145 340372
1791380460.199 340372
1791380460.253 340372
1791380460.307 340372
1791380460.361 340372
1791380460.415 340372
1791380460.469 340372
1791380460.523 340372
1791380460.577 340372
1791380460.631 340372
1791380460.684 340372
1791380460.738 340372
1791380460.792 340372
1791380460.846 340372
1791380460.900 340372
1791380460.954 340372
1791380461.008 340372
1791380461.062 340372
1791380461.116 340372
1791380461.170 340372
1791380461.223 340372
1791380461.277 340372
1791380461.331 340372
1791380461.385 340372
1791380461.439 340372
1791380461.493 340372
1791380461.547 340372
1791380461.601 340372
1791380461.655 340372
1791380461.709 340372
1791380461.763 340372
1791380461.816 340372
1791380461.868 340372
1791380461.920 340372
1791380461.974 340372
1791380462.028 340372
1791380462.082 340372
1791380462.136 340372
1791380462.190 340372
1791380462.244 340372
1791380462.298 340372
1791380462.352 340372
1791380462.406 340372
1791380462.460 340372
1791380462.514 340372
1791380462.567 340372
1791380462.621 340372
1791380462.675 340372
1791380462.729 340372
1791380462.783 340372
1791380462.836 340372
1791380462.887 340372
1791380462.939 340372
1791380462.993 340372
1791380463.047 340372
1791380463.101 340372
1791380463.155 340372
1791380463.209 340372
1791380463.263 340372
1791380463.316 340372
1791380463.370 340372
1791380463.424 340372
1791380463.478 340372
1791380463.532 340372
1791380463.586 340372
1791380463.640 340372
1791380463.694 340372
1791380463.748 340372
1791380463.802 340372
1791380463.856 340372
1791380463.910 340372
1791380463.963 340372
1791380464.017 340372
1791380464.071 340372
1791380464.125 340372
1791380464.179 340372
1791380464.233 340372
1791380464.287 340372
1791380464.341 340372
1791380464.395 340372
1791380464.449 340372
1791380464.503 340372
1791380464.556 340372
1791380464.610 340372
1791380464.664 340372
1791380464.718 340372
1791380464.772 340372
1791380464.826 340372
1791380464.880 340372
1791380464.934 340372
1791380464.988 340372
1791380465.042 340372
1791380465.096 340372
1791380465.150 340372
1791380465.204 340372
1791380465.257 340372
1791380465.311 340372
1791380465.365 340372
1791380465.419 340372
1791380465.473 340372
1791380465.527 340372
1791380465.581 340372
1791380465.635 340372
1791380465.689 340372
1791380465.743 340372
1791380465.797 340372
1791380465.850 340372
1791380465.904 340372
1791380465.958 340372
1791380466.012 340372
1791380466.067 340372
1791380466.121 340372
1791380466.175 340372
1791380466.229 340372
1791380466.283 340372
1791380466.337 340372
1791380466.390 340372
1791380466.444 340372
1791380466.498 340372
1791380466.550 340372
1791380466.604 340372
1791380466.658 340372
1791380466.712 340372
1791380466.766 340372
1791380466.820 340372
1791380466.874 340372
1791380466.928 340372
1791380466.982 340372
1791380467.036 340372
1791380467.090 340372
1791380467.144 340372
1791380467.197 340372
1791380467.251 340372
1791380467.305 340372
1791380467.360 340372
1791380467.414 340372
1791380467.468 340372
1791380467.522 340372
1791380467.576 340372
1791380467.629 340372
1791380467.683 340372
1791380467.737 340372
1791380467.791 340372
1791380467.845 340372
1791380467.899 340372
1791380467.953 340372
1791380468.007 340372
1791380468.061 340372
1791380468.115 340372
1791380468.169 340372
1791380468.223 340372
1791380468.276 340372
1791380468.330 340372
1791380468.384 340372
1791380468.438 340372
1791380468.492 340372
1791380468.546 340372
1791380468.600 340372
1791380468.654 340372
1791380468.708 340372
1791380468.762 340372
1791380468.815 340372
1791380468.869 340372
1791380468.923 340372
1791380468.977 340372
1791380469.031 340372
1791380469.085 340372
1791380469.139 340372
1791380469.193 340372
1791380469.247 340372
1791380469.301 340372
1791380469.355 340372
1791380469.409 340372
1791380469.463 340372
1791380469.516 340372
1791380469.570 340372
1791380469.624 340372
1791380469.678 340372
1791380469.732 340372
1791380469.786 340372
1791380469.840 340372
1791380469.894 340372
1791380469.948 340372
1791380470.002 340372
1791380470.055 340372
1791380470.109 340372
1791380470.163 340372
1791380470.217 340372
1791380470.271 340372
1791380470.325 340372
1791380470.379 340372
1791380470.433 340372
1791380470.487 340372
1791380470.541 340372
1791380470.594 340372
1791380470.648 340372
1791380470.702 340372
1791380470.756 340372
1791380470.810 340372
1791380470.864 340372
1791380470.918 340372
1791380470.972 340372
1791380471.026 340372
1791380471.080 340372
1791380471.134 340372
1791380471.188 340372
1791380471.241 340372
1791380471.295 340372
1791380471.349 340372
1791380471.403 340372
1791380471.457 340372
1791380471.511 340372
1791380471.565 340372
1791380471.619 340372
1791380471.673 340372
1791380471.727 340372
1791380471.781 340372
1791380471.834 340372
1791380471.888 340372
1791380471.942 340372
1791380471.996 340372
1791380472.050 340372
1791380472.104 340372
1791380472.158 340372
1791380472.212 340372
1791380472.266 340372
1791380472.320 340372
1791380472.374 340372
1791380472.428 340372
1791380472.481 340372
1791380472.535 340372
1791380472.589 340372
1791380472.643 340372
1791380472.697 340372
1791380472.748 340372
1791380472.802 340372
1791380472.856 340372
1791380472.910 340372
1791380472.964 340372
1791380473.018 340372
1791380473.072 340372
1791380473.126 340372
1791380473.180 340372
1791380473.234 340372
1791380473.287 340372
1791380473.341 340372
1791380473.395 340372
1791380473.449 340372
1791380473.503 340372
1791380473.557 340372
1791380473.611 340372
1791380473.665 340372
1791380473.719 340372
1791380473.773 340372
1791380473.827 340372
1791380473.881 340372
1791380473.935 340372
1791380473.988 340372
1791380474.042 340372
1791380474.096 340372
1791380474.150 340372
1791380474.204 340372
1791380474.258 340372
1791380474.312 340372
1791380474.366 340372
1791380474.420 340372
1791380474.474 340372
1791380474.528 340372
1791380474.582 340372
1791380474.636 340372
1791380474.690 340372
1791380474.744 340372
1791380474.797 340372
1791380474.851 340372
1791380474.905 340372
1791380474.959 340372
1791380475.013 340372
1791380475.067 340372
1791380475.121 340372
1791380475.175 340372
1791380475.229 340372
1791380475.283 340372
1791380475.337 340372
1791380475.391 340372
1791380475.445 340372
1791380475.499 340372
1791380475.553 340372
1791380475.606 340372
1791380475.660 340372
1791380475.714 340372
1791380475.768 340372
1791380475.821 340372
1791380475.875 340372
1791380475.929 340372
1791380475.983 340372
1791380476.037 340372
1791380476.091 340372
1791380476.145 340372
1791380476.199 340372
1791380476.253 340372
1791380476.307 340372
1791380476.361 340372
1791380476.415 340372
1791380476.469 340372
1791380476.522 340372
1791380476.576 340372
1791380476.630 340372
1791380476.684 340372
1791380476.738 340372
1791380476.792 340372
1791380476.846 340372
1791380476.900 340372
1791380476.954 340372
1791380477.008 340372
1791380477.062 340372
1791380477.116 340372
1791380477.170 340372
1791380477.224 340372
1791380477.278 340372
1791380477.332 340372
1791380477.386 340372
1791380477.440 340372
1791380477.494 340372
1791380477.547 340372
1791380477.601 340372
1791380477.655 340372
1791380477.709 340372
1791380477.763 340372
1791380477.817 340372
1791380477.871 340372
1791380477.925 340372
1791380477.979 340372
1791380478.033 340372
1791380478.087 340372
1791380478.140 340372
1791380478.194 340372
1791380478.248 340372
1791380478.302 340372
1791380478.356 340372
1791380478.410 340372
1791380478.464 340372
1791380478.518 340372
1791380478.572 340372
1791380478.626 340372
1791380478.680 340372
1791380478.734 340372
1791380478.787 340372
1791380478.841 340372
1791380478.895 340372
1791380478.949 340372
1791380479.003 340372
1791380479.057 340372
1791380479.112 340372
1791380479.163 340372
1791380479.214 340372
1791380479.268 340372
1791380479.322 340372
1791380479.376 340372
1791380479.430 340372
1791380479.484 340372
1791380479.537 340372
1791380479.591 340372
1791380479.645 340372
1791380479.699 340372
1791380479.753 340372
1791380479.807 340372
1791380479.861 340372
1791380479.915 340372
1791380479.969 340372
1791380480.023 340372
1791380480.077 340372
1791380480.131 340372
1791380480.185 340372
1791380480.239 340372
1791380480.292 340372
1791380480.346 340372
1791380480.400 340372
1791380480.454 340372
1791380480.508 340372
1791380480.562 340372
1791380480.616 340372
1791380480.670 340372
1791380480.724 340372
1791380480.778 340372
1791380480.832 340372
1791380480.885 340372
1791380480.939 340372
1791380480.993 340372
1791380481.047 340372
1791380481.098 340372
1791380481.152 340372
1791380481.206 340372
1791380481.260 340372
1791380481.314 340372
1791380481.368 340372
1791380481.422 340372
1791380481.475 340372
1791380481.529 340372
1791380481.583 340372
1791380481.637 340372
1791380481.691 340372
1791380481.745 340372
1791380481.799 340372
1791380481.853 340372
1791380481.907 340372
1791380481.961 340372
1791380482.015 340372
1791380482.069 340372
1791380482.123 340372
1791380482.176 340372
1791380482.230 340372
1791380482.284 340372
1791380482.338 340372
1791380482.392 340372
1791380482.446 340372
1791380482.500 340372
1791380482.554 340372
1791380482.608 340372
1791380482.662 340372
1791380482.715 340372
1791380482.769 340372
1791380482.823 340372
1791380482.877 340372
1791380482.931 340372
1791380482.985 340372
1791380483.039 340372
1791380483.093 340372
1791380483.147 340372
1791380483.201 340372
1791380483.254 340372
1791380483.308 340372
1791380483.362 340372
1791380483.416 340372
1791380483.470 340372
1791380483.524 340372
1791380483.578 340372
1791380483.632 340372
1791380483.686 340372
1791380483.740 340372
1791380483.794 340372
1791380483.848 340372
1791380483.901 340372
1791380483.955 340372
1791380484.009 340372
1791380484.063 340372
1791380484.117 340372
1791380484.171 340372
1791380484.225 340372
1791380484.279 340372
1791380484.333 340372
1791380484.387 340372
1791380484.441 340372
1791380484.495 340372
1791380484.548 340372
1791380484.602 340372
1791380484.656 340372
1791380484.710 340372
1791380484.764 340372
1791380484.818 340372
1791380484.872 340372
1791380484.926 340372
1791380484.980 340372
1791380485.034 340372
1791380485.088 340372
1791380485.142 340372
1791380485.196 340372
1791380485.249 340372
1791380485.303 340372
1791380485.357 340372
1791380485.411 340372
1791380485.465 340372
1791380485.519 340372
1791380485.573 340372
1791380485.627 340372
1791380485.681 340372
1791380485.735 340372
1791380485.788 340372
1791380485.842 340372
1791380485.896 340372
1791380485.950 340372
1791380486.004 340372
1791380486.058 340372
1791380486.112 340372
1791380486.166 340372
1791380486.220 340372
1791380486.274 340372
1791380486.328 340372
1791380486.382 340372
1791380486.436 340372
1791380486.489 340372
1791380486.543 340372
1791380486.597 340372
1791380486.651 340372
1791380486.705 340372
1791380486.759 340372
1791380486.813 340372
1791380486.867 340372
1791380486.921 340372
1791380486.975 340372
1791380487.029 340372
1791380487.083 340372
1791380487.137 340372
1791380487.191 340372
1791380487.244 340372
1791380487.298 340372
1791380487.352 340372
1791380487.406 340372
1791380487.460 340372
1791380487.514 340372
1791380487.568 340372
1791380487.622 340372
1791380487.676 340372
1791380487.730 340372
1791380487.784 340372
1791380487.837 340372
1791380487.891 340372
1791380487.945 340372
1791380487.999 340372
1791380488.053 340372
1791380488.106 340372
1791380488.160 340372
1791380488.214 340372
1791380488.268 340372
1791380488.321 340372
1791380488.373 340372
1791380488.427 340372
1791380488.481 340372
1791380488.535 340372
1791380488.589 340372
1791380488.643 340372
1791380488.697 340372
1791380488.751 340372
1791380488.805 340372
1791380488.859 340372
1791380488.913 340372
1791380488.967 340372
1791380489.020 340372
1791380489.074 340372
1791380489.128 340372
1791380489.179 340372
1791380489.233 340372
1791380489.287 340372
1791380489.341 340372
1791380489.395 340372
1791380489.449 340372
1791380489.503 340372
1791380489.557 340372
1791380489.610 340372
1791380489.662 340372
1791380489.713 340372
1791380489.767 340372
1791380489.821 340372
1791380489.872 340372
1791380489.926 340372
1791380489.980 340372
1791380490.034 340372
1791380490.088 340372
1791380490.142 340372
1791380490.196 340372
1791380490.250 340372
1791380490.304 340372
1791380490.358 340372
1791380490.410 340372
1791380490.461 340372
1791380490.512 340372
1791380490.563 340372
1791380490.614 340372
1791380490.665 340372
1791380490.716 340372
1791380490.767 340372
1791380490.818 340372
1791380490.869 340372
1791380490.920 340372
1791380490.971 340372
1791380491.023 340372
1791380491.074 340372
1791380491.125 340372
1791380491.176 340372
1791380491.228 340372
1791380491.282 340372
1791380491.334 340372
1791380491.387 340372
1791380491.440 340372
1791380491.492 340372
1791380491.544 340372
1791380491.595 340372
1791380491.646 340372
1791380491.697 340372
1791380491.751 340372
1791380491.805 340372
1791380491.859 340372
1791380491.913 340372
1791380491.967 340372
1791380492.021 340372
1791380492.075 340372
1791380492.129 340372
1791380492.183 340372
1791380492.237 340372
1791380492.291 340372
1791380492.345 340372
1791380492.399 340372
1791380492.452 340372
1791380492.508 340372
1791380492.559 340372
1791380492.610 340372
1791380492.661 340372
1791380492.712 340372
1791380492.763 340372
1791380492.814 340372
1791380492.865 340372
1791380492.916 340372
1791380492.967 340372
1791380493.019 340372
1791380493.070 340372
1791380493.121 340372
1791380493.172 340372
1791380493.223 340372
1791380493.274 340372
1791380493.325 340372
1791380493.376 340372
1791380493.427 340372
1791380493.479 340372
1791380493.530 340372
1791380493.581 340372
1791380493.632 340372
1791380493.683 340372
1791380493.734 340372
1791380493.785 340372
1791380493.836 340372
1791380493.887 340372
1791380493.938 340372
1791380493.989 340372
1791380494.041 340372
1791380494.092 340372
1791380494.143 340372
1791380494.194 340372
1791380494.245 340372
1791380494.296 340372
1791380494.347 340372
1791380494.398 340372
1791380494.449 340372
1791380494.500 340372
1791380494.551 340372
1791380494.602 340372
1791380494.653 340372
1791380494.705 340372
1791380494.757 340372
1791380494.811 340372
1791380494.865 340372
1791380494.919 340372
1791380494.973 340372
1791380495.027 340372
1791380495.081 340372
1791380495.135 340372
1791380495.188 340372
1791380495.242 340372
1791380495.296 340372
1791380495.350 340372
1791380495.404 340372
1791380495.458 340372
1791380495.512 340372
1791380495.566 340372
1791380495.620 340372
1791380495.674 340372
1791380495.728 340372
1791380495.782 340372
1791380495.835 340372
1791380495.889 340372
1791380495.943 340372
1791380495.997 340372
1791380496.051 340372
1791380496.105 340372
1791380496.159 340372
1791380496.213 340372
1791380496.267 340372
1791380496.321 340372
1791380496.375 340372
1791380496.429 340372
1791380496.483 340372
1791380496.536 340372
1791380496.590 340372
1791380496.644 340372
1791380496.698 340372
1791380496.752 340372
1791380496.806 340372
1791380496.860 340372
1791380496.914 340372
1791380496.968 340372
1791380497.022 340372
1791380497.076 340372
1791380497.127 340372
1791380497.178 340372
1791380497.229 340372
1791380497.283 340372
1791380497.337 340372
1791380497.389 340372
1791380497.441 340372
1791380497.495 340372
1791380497.549 340372
1791380497.603 340372
1791380497.657 340372
1791380497.711 340372
1791380497.765 340372
1791380497.819 340372
1791380497.872 340372
1791380497.926 340372
1791380497.980 340372
1791380498.034 340372
1791380498.088 340372
1791380498.142 340372
1791380498.196 340372
1791380498.250 340372
1791380498.304 340372
1791380498.358 340372
1791380498.412 340372
1791380498.466 340372
1791380498.520 340372
1791380498.574 340372
1791380498.628 340372
1791380498.682 340372
1791380498.736 340372
1791380498.789 340372
1791380498.843 340372
1791380498.897 340372
1791380498.951 340372
1791380499.005 340372
1791380499.059 340372
1791380499.112 340372
1791380499.166 340372
1791380499.220 340372
1791380499.274 340372
1791380499.328 340372
1791380499.382 340372
1791380499.436 340372
1791380499.490 340372
1791380499.543 340372
1791380499.597 340372
1791380499.651 340372
1791380499.705 340372
1791380499.759 340372
1791380499.813 340372
1791380499.867 340372
1791380499.921 340372
1791380499.975 340372
1791380500.029 340372
1791380500.083 340372
1791380500.137 340372
1791380500.191 340372
1791380500.245 340372
1791380500.299 340372
1791380500.353 340372
1791380500.407 340372
1791380500.460 340372
1791380500.515 340372
1791380500.569 340372
1791380500.622 340372
1791380500.677 340372
1791380500.731 340372
1791380500.785 340372
1791380500.839 340372
1791380500.893 340372
1791380500.946 340372
1791380501.000 340372
1791380501.054 340372
1791380501.108 340372
1791380501.162 340372
1791380501.216 340372
1791380501.270 340372
1791380501.324 340372
1791380501.378 340372
1791380501.432 340372
1791380501.486 340372
1791380501.540 340372
1791380501.594 340372
1791380501.648 340372
1791380501.702 340372
1791380501.756 340372
1791380501.810 340372
1791380501.864 340372
1791380501.918 340372
1791380501.972 340372
1791380502.026 340372
1791380502.079 340372
1791380502.133 340372
1791380502.187 340372
1791380502.241 340372
1791380502.295 340372
1791380502.349 340372
1791380502.403 340372
1791380502.457 340372
1791380502.511 340372
1791380502.565 340372
1791380502.619 340372
1791380502.673 340372
1791380502.726 340372
1791380502.780 340372
1791380502.834 340372
1791380502.888 340372
1791380502.942 340372
1791380502.996 340372
1791380503.050 340372
1791380503.104 340372
1791380503.158 340372
1791380503.212 340372
1791380503.266 340372
1791380503.320 340372
1791380503.374 340372
1791380503.428 340372
1791380503.482 340372
1791380503.535 340372
1791380503.589 340372
1791380503.643 340372
1791380503.697 340372
1791380503.751 340372
1791380503.805 340372
1791380503.859 340372
1791380503.913 340372
1791380503.967 340372
1791380504.021 340372
1791380504.075 340372
1791380504.129 340372
1791380504.183 340372
1791380504.237 340372
1791380504.291 340372
1791380504.345 340372
1791380504.399 340372
1791380504.453 340372
1791380504.507 340372
1791380504.561 340372
1791380504.614 340372
1791380504.668 340372
1791380504.722 340372
1791380504.776 340372
1791380504.830 340372
1791380504.884 340372
1791380504.938 340372
1791380504.992 340372
1791380505.046 340372
1791380505.100 340372
1791380505.154 340372
1791380505.208 340372
1791380505.262 340372
1791380505.316 340372
1791380505.370 340372
1791380505.423 340372
1791380505.477 340372
1791380505.531 340372
1791380505.582 340372
1791380505.636 340372
1791380505.690 340372
1791380505.744 340372
1791380505.798 340372
1791380505.852 340372
1791380505.906 340372
1791380505.960 340372
1791380506.013 340372
1791380506.067 340372
1791380506.121 340372
1791380506.175 340372
1791380506.229 340372
1791380506.283 340372
1791380506.337 340372
1791380506.391 340372
1791380506.445 340372
1791380506.499 340372
1791380506.553 340372
1791380506.607 340372
1791380506.661 340372
1791380506.714 340372
1791380506.768 340372
1791380506.822 340372
1791380506.876 340372
1791380506.930 340372
1791380506.984 340372
1791380507.038 340372
1791380507.092 340372
1791380507.146 340372
1791380507.200 340372
1791380507.254 340372
1791380507.308 340372
1791380507.362 340372
1791380507.416 340372
1791380507.470 340372
1791380507.524 340372
1791380507.578 340372
1791380507.633 340372
1791380507.687 340372
1791380507.740 340372
1791380507.794 340372
1791380507.848 340372
1791380507.902 340372
1791380507.956 340372
1791380508.010 340372
1791380508.064 340372
1791380508.118 340372
1791380508.172 340372
1791380508.226 340372
1791380508.280 340372
1791380508.334 340372
1791380508.388 340372
1791380508.442 340372
1791380508.496 340372
1791380508.550 340372
1791380508.604 340372
1791380508.658 340372
1791380508.712 340372
1791380508.766 340372
1791380508.819 340372
1791380508.873 340372
1791380508.927 340372
1791380508.981 340372
1791380509.035 340372
1791380509.089 340372
1791380509.143 340372
1791380509.197 340372
1791380509.251 340372
1791380509.303 340372
1791380509.357 340372
1791380509.411 340372
1791380509.465 340372
1791380509.518 340372
1791380509.572 340372
1791380509.623 340372
1791380509.677 340372
1791380509.731 340372
1791380509.785 340372
1791380509.839 340372
1791380509.893 340372
1791380509.947 340372
1791380510.001 340372
1791380510.055 340372
1791380510.109 340372
1791380510.163 340372
1791380510.217 340372
1791380510.271 340372
1791380510.325 340372
1791380510.379 340372
1791380510.433 340372
1791380510.487 340372
1791380510.540 340372
1791380510.594 340372
1791380510.648 340372
1791380510.702 340372
1791380510.756 340372
1791380510.810 340372
1791380510.864 340372
1791380510.918 340372
1791380510.972 340372
1791380511.026 340372
1791380511.080 340372
1791380511.134 340372
1791380511.188 340372
1791380511.242 340372
1791380511.296 340372
1791380511.350 340372
1791380511.404 340372
1791380511.458 340372
1791380511.512 340372
1791380511.566 340372
1791380511.620 340372
1791380511.674 340372
1791380511.727 340372
1791380511.781 340372
1791380511.835 340372
1791380511.889 340372
1791380511.943 340372
1791380511.997 340372
1791380512.051 340372
1791380512.105 340372
1791380512.159 340372
1791380512.213 340372
1791380512.267 340372
1791380512.321 340372
1791380512.375 340372
1791380512.429 340372
1791380512.483 340372
1791380512.537 340372
1791380512.591 340372
1791380512.645 340372
1791380512.699 340372
1791380512.753 340372
1791380512.806 340372
1791380512.860 340372
1791380512.914 340372
1791380512.968 340372
1791380513.022 340372
1791380513.076 340372
1791380513.130 340372
1791380513.184 340372
1791380513.238 340372
1791380513.292 340372
1791380513.346 340372
1791380513.400 340372
1791380513.453 340372
1791380513.505 340372
1791380513.559 340372
1791380513.613 340372
1791380513.667 340372
1791380513.721 340372
1791380513.775 340372
1791380513.829 340372
1791380513.883 340372
1791380513.937 340372
1791380513.991 340372
1791380514.045 340372
1791380514.099 340372
1791380514.153 340372
1791380514.207 340372
1791380514.260 340372
1791380514.314 340372
1791380514.368 340372
1791380514.422 340372
1791380514.476 340372
1791380514.530 340372
1791380514.584 340372
1791380514.638 340372
1791380514.692 340372
1791380514.746 340372
1791380514.800 340372
1791380514.854 340372
1791380514.908 340372
1791380514.962 340372
1791380515.016 340372
1791380515.070 340372
1791380515.124 340372
1791380515.178 340372
1791380515.232 340372
1791380515.286 340372
1791380515.340 340372
1791380515.393 340372
1791380515.447 340372
1791380515.501 340372
1791380515.555 340372
1791380515.609 340372
1791380515.663 340372
1791380515.717 340372
1791380515.771 340372
1791380515.825 340372
1791380515.879 340372
1791380515.933 340372
1791380515.987 340372
1791380516.041 340372
1791380516.095 340372
1791380516.148 340372
1791380516.203 340372
1791380516.257 340372
1791380516.310 340372
1791380516.364 340372
1791380516.418 340372
1791380516.472 340372
1791380516.526 340372
1791380516.580 340372
1791380516.634 340372
1791380516.688 340372
1791380516.742 340372
1791380516.796 340372
1791380516.850 340372
1791380516.903 340372
1791380516.955 340372
1791380517.009 340372
1791380517.064 340372
1791380517.118 340372
1791380517.172 340372
1791380517.225 340372
1791380517.279 340372
1791380517.333 340372
1791380517.387 340372
1791380517.441 340372
1791380517.495 340372
1791380517.549 340372
1791380517.603 340372
1791380517.657 340372
1791380517.711 340372
1791380517.765 340372
1791380517.819 340372
1791380517.873 340372
1791380517.926 340372
1791380517.980 340372
1791380518.034 340372
1791380518.088 340372
1791380518.142 340372
1791380518.196 340372
1791380518.250 340372
1791380518.304 340372
1791380518.358 340372
1791380518.409 340372
1791380518.463 340372
1791380518.517 340372
1791380518.571 340372
1791380518.625 340372
1791380518.679 340372
1791380518.733 340372
1791380518.787 340372
1791380518.841 340372
1791380518.895 340372
1791380518.949 340372
1791380519.003 340372
1791380519.057 340372
1791380519.111 340372
1791380519.165 340372
1791380519.219 340372
1791380519.273 340372
1791380519.327 340372
1791380519.381 340372
1791380519.435 340372
1791380519.488 340372
1791380519.542 340372
1791380519.596 340372
1791380519.650 340372
1791380519.704 340372
1791380519.758 340372
1791380519.812 340372
1791380519.866 340372
1791380519.920 340372
1791380519.974 340372
1791380520.028 340372
1791380520.082 340372
1791380520.136 340372
1791380520.190 340372
1791380520.243 340372
1791380520.297 340372
1791380520.351 340372
1791380520.405 340372
1791380520.459 340372
1791380520.513 340372
1791380520.565 340372
1791380520.619 340372
1791380520.673 340372
1791380520.727 340372
1791380520.781 340372
1791380520.835 340372
1791380520.889 340372
1791380520.943 340372
1791380520.997 340372
1791380521.051 340372
1791380521.105 340372
1791380521.159 340372
1791380521.210 340372
1791380521.264 340372
1791380521.318 340372
1791380521.372 340372
1791380521.426 340372
1791380521.480 340372
1791380521.534 340372
1791380521.588 340372
1791380521.642 340372
1791380521.696 340372
1791380521.750 340372
1791380521.803 340372
1791380521.857 340372
1791380521.908 340372
1791380521.960 340372
1791380522.014 340372
1791380522.068 340372
1791380522.122 340372
1791380522.176 340372
1791380522.230 340372
1791380522.284 340372
1791380522.338 340372
1791380522.392 340372
1791380522.446 340372
1791380522.500 340372
1791380522.554 340372
1791380522.607 340372
1791380522.661 340372
1791380522.715 340372
1791380522.769 340372
1791380522.823 340372
1791380522.877 340372
1791380522.931 340372
1791380522.982 340372
1791380523.036 340372
1791380523.090 340372
1791380523.144 340372
1791380523.198 340372
1791380523.251 340372
1791380523.305 340372
1791380523.359 340372
1791380523.413 340372
1791380523.467 340372
1791380523.521 340372
1791380523.575 340372
1791380523.629 340372
1791380523.683 340372
1791380523.737 340372
1791380523.791 340372
1791380523.844 340372
1791380523.898 340372
1791380523.952 340372
1791380524.006 340372
1791380524.060 340372
1791380524.114 340372
1791380524.168 340372
1791380524.222 340372
1791380524.276 340372
1791380524.330 340372
1791380524.384 340372
1791380524.437 340372
1791380524.491 340372
1791380524.545 340372
1791380524.599 340372
1791380524.653 340372
1791380524.707 340372
1791380524.761 340372
1791380524.815 340372
1791380524.869 340372
1791380524.923 340372
1791380524.977 340372
1791380525.031 340372
1791380525.084 340372
1791380525.138 340372
1791380525.192 340372
1791380525.246 340372
1791380525.300 340372
1791380525.354 340372
1791380525.408 340372
1791380525.462 340372
1791380525.516 340372
1791380525.570 340372
1791380525.624 340372
1791380525.677 340372
1791380525.731 340372
1791380525.785 340372
1791380525.839 340372
1791380525.893 340372
1791380525.947 340372
1791380526.001 340372
1791380526.055 340372
1791380526.107 340372
1791380526.158 340372
1791380526.209 340372
1791380526.260 340372
1791380526.313 340372
1791380526.367 340372
1791380526.421 340372
1791380526.475 340372
1791380526.529 340372
1791380526.583 340372
1791380526.637 340372
1791380526.691 340372
1791380526.744 340372
1791380526.798 340372
1791380526.852 340372
1791380526.906 340372
1791380526.960 340372
1791380527.014 340372
1791380527.068 340372
1791380527.122 340372
1791380527.176 340372
1791380527.230 340372
1791380527.284 340372
1791380527.338 340372
1791380527.392 340372
1791380527.446 340372
1791380527.500 340372
1791380527.554 340372
1791380527.608 340372
1791380527.661 340372
1791380527.716 340372
1791380527.770 340372
1791380527.824 340372
1791380527.878 340372
1791380527.932 340372
1791380527.986 340372
1791380528.039 340372
1791380528.093 340372
1791380528.147 340372
1791380528.201 340372
1791380528.255 340372
1791380528.309 340372
1791380528.363 340372
1791380528.417 340372
1791380528.471 340372
1791380528.525 340372
1791380528.579 340372
1791380528.633 340372
1791380528.687 340372
1791380528.741 340372
1791380528.795 340372
1791380528.849 340372
1791380528.902 340372
1791380528.956 340372
1791380529.010 340372
1791380529.064 340372
1791380529.118 340372
1791380529.172 340372
1791380529.226 340372
1791380529.280 340372
1791380529.334 340372
1791380529.388 340372
1791380529.442 340372
1791380529.496 340372
1791380529.550 340372
1791380529.603 340372
1791380529.657 340372
1791380529.711 340372
1791380529.766 340372
1791380529.820 340372
1791380529.873 340372
1791380529.927 340372
1791380529.981 340372
1791380530.035 340372
1791380530.089 340372
1791380530.143 340372
1791380530.197 340372
1791380530.251 340372
1791380530.307 340372
1791380530.361 340372
1791380530.415 340372
1791380530.469 340372
1791380530.523 340372
1791380530.576 340372
1791380530.630 340372
1791380530.684 340372
1791380530.738 340372
1791380530.792 340372
1791380530.846 340372
1791380530.900 340372
1791380530.954 340372
1791380531.008 340372
1791380531.062 340372
1791380531.116 340372
1791380531.170 340372
1791380531.224 340372
1791380531.278 340372
1791380531.332 340372
1791380531.386 340372
1791380531.440 340372
1791380531.494 340372
1791380531.548 340372
1791380531.602 340372
1791380531.656 340372
1791380531.710 340372
1791380531.764 340372
1791380531.818 340372
1791380531.871 340372
1791380531.925 340372
1791380531.979 340372
1791380532.033 340372
1791380532.087 340372
1791380532.141 340372
1791380532.195 340372
1791380532.249 340372
1791380532.303 340372
1791380532.357 340372
1791380532.411 340372
1791380532.465 340372
1791380532.519 340372
1791380532.573 340372
1791380532.627 340372
1791380532.681 340372
1791380532.734 340372
1791380532.788 340372
1791380532.842 340372
1791380532.896 340372
1791380532.950 340372
1791380533.004 340372
1791380533.058 340372
1791380533.112 340372
1791380533.166 340372
1791380533.220 340372
1791380533.274 340372
1791380533.328 340372
1791380533.382 340372
1791380533.436 340372
1791380533.490 340372
1791380533.544 340372
1791380533.598 340372
1791380533.651 340372
1791380533.705 340372
1791380533.759 340372
1791380533.813 340372
1791380533.867 340372
1791380533.921 340372
1791380533.975 340372
1791380534.029 340372
1791380534.083 340372
1791380534.136 340372
1791380534.190 340372
1791380534.244 340372
1791380534.298 340372
1791380534.352 340372
1791380534.406 340372
1791380534.460 340372
1791380534.514 340372
1791380534.568 340372
1791380534.622 340372
1791380534.676 340372
1791380534.730 340372
1791380534.783 340372
1791380534.837 340372
1791380534.891 340372
1791380534.945 340372
1791380534.999 340372
1791380535.053 340372
1791380535.107 340372
1791380535.161 340372
1791380535.215 340372
1791380535.269 340372
1791380535.323 340372
1791380535.377 340372
1791380535.431 340372
1791380535.485 340372
1791380535.539 340372
1791380535.593 340372
1791380535.646 340372
1791380535.700 340372
1791380535.754 340372
1791380535.808 340372
1791380535.862 340372
1791380535.916 340372
1791380535.970 340372
1791380536.024 340372
1791380536.078 340372
1791380536.132 340372
1791380536.186 340372
1791380536.240 340372
1791380536.294 340372
1791380536.348 340372
1791380536.401 340372
1791380536.455 340372
1791380536.509 340372
1791380536.563 340372
1791380536.617 340372
1791380536.671 340372
1791380536.725 340372
1791380536.779 340372
1791380536.833 340372
1791380536.887 340372
1791380536.941 340372
1791380536.995 340372
1791380537.047 340372
1791380537.100 340372
1791380537.154 340372
1791380537.208 340372
1791380537.262 340372
1791380537.316 340372
1791380537.370 340372
1791380537.424 340372
1791380537.478 340372
1791380537.532 340372
1791380537.586 340372
1791380537.640 340372
1791380537.693 340372
1791380537.747 340372
1791380537.801 340372
1791380537.855 340372
1791380537.909 340372
1791380537.963 340372
1791380538.017 340372
1791380538.071 340372
1791380538.125 340372
1791380538.179 340372
1791380538.233 340372
1791380538.287 340372
1791380538.341 340372
1791380538.395 340372
1791380538.449 340372
1791380538.503 340372
1791380538.557 340372
1791380538.611 340372
1791380538.665 340372
1791380538.719 340372
1791380538.773 340372
1791380538.824 340372
1791380538.878 340372
1791380538.932 340372
1791380538.986 340372
1791380539.040 340372
1791380539.091 340372
1791380539.142 340372
1791380539.196 340372
1791380539.247 340372
1791380539.298 340372
1791380539.349 340372
1791380539.403 340372
1791380539.457 340372
1791380539.511 340372
1791380539.565 340372
1791380539.619 340372
1791380539.673 340372
1791380539.727 340372
1791380539.781 340372
1791380539.835 340372
1791380539.887 340372
1791380539.938 340372
1791380539.989 340372
1791380540.043 340372
1791380540.097 340372
1791380540.152 340372
1791380540.206 340372
1791380540.260 340372
1791380540.314 340372
1791380540.368 340372
1791380540.422 340372
1791380540.475 340372
1791380540.529 340372
1791380540.583 340372
1791380540.637 340372
1791380540.691 340372
1791380540.745 340372
1791380540.799 340372
1791380540.853 340372
1791380540.907 340372
1791380540.961 340372
1791380541.015 340372
1791380541.069 340372
1791380541.123 340372
1791380541.177 340372
1791380541.231 340372
1791380541.285 340372
1791380541.339 340372
1791380541.393 340372
1791380541.447 340372
1791380541.500 340372
1791380541.554 340372
1791380541.608 340372
1791380541.662 340372
1791380541.716 340372
1791380541.770 340372
1791380541.824 340372
1791380541.878 340372
1791380541.932 340372
1791380541.986 340372
1791380542.040 340372
1791380542.094 340372
1791380542.148 340372
1791380542.201 340372
1791380542.255 340372
1791380542.309 340372
1791380542.363 340372
1791380542.417 340372
1791380542.471 340372
1791380542.525 340372
1791380542.579 340372
1791380542.633 340372
1791380542.687 340372
1791380542.741 340372
1791380542.795 340372
1791380542.849 340372
1791380542.903 340372
1791380542.957 340372
1791380543.011 340372
1791380543.065 340372
1791380543.119 340372
1791380543.172 340372
1791380543.226 340372
1791380543.280 340372
1791380543.334 340372
1791380543.388 340372
1791380543.442 340372
1791380543.496 340372
1791380543.550 340372
1791380543.604 340372
1791380543.658 340372
1791380543.712 340372
1791380543.766 340372
1791380543.819 340372
1791380543.873 340372
1791380543.927 340372
1791380543.981 340372
1791380544.035 340372
1791380544.089 340372
1791380544.143 340372
1791380544.197 340372
1791380544.251 340372
1791380544.305 340372
1791380544.359 340372
1791380544.413 340372
1791380544.467 340372
1791380544.521 340372
1791380544.575 340372
1791380544.629 340372
1791380544.683 340372
1791380544.736 340372
1791380544.790 340372
1791380544.844 340372
1791380544.898 340372
1791380544.952 340372
1791380545.006 340372
1791380545.060 340372
1791380545.114 340372
1791380545.168 340372
1791380545.222 340372
1791380545.276 340372
1791380545.330 340372
1791380545.384 340372
1791380545.438 340372
1791380545.492 340372
1791380545.546 340372
1791380545.600 340372
1791380545.654 340372
1791380545.708 340372
1791380545.762 340372
1791380545.816 340372
1791380545.870 340372
1791380545.924 340372
1791380545.978 340372
1791380546.032 340372
1791380546.086 340372
1791380546.140 340372
1791380546.194 340372
1791380546.247 340372
1791380546.301 340372
1791380546.355 340372
1791380546.409 340372
1791380546.463 340372
1791380546.517 340372
1791380546.571 340372
1791380546.625 340372
1791380546.679 340372
1791380546.733 340372
1791380546.787 340372
1791380546.841 340372
1791380546.895 340372
1791380546.947 340372
1791380547.001 340372
1791380547.055 340372
1791380547.109 340372
1791380547.163 340372
1791380547.217 340372
1791380547.271 340372
1791380547.324 340372
1791380547.378 340372
1791380547.432 340372
1791380547.486 340372
1791380547.540 340372
1791380547.594 340372
1791380547.649 340372
1791380547.703 340372
1791380547.757 340372
1791380547.811 340372
1791380547.865 340372
1791380547.919 340372
1791380547.973 340372
1791380548.027 340372
1791380548.081 340372
1791380548.135 340372
1791380548.189 340372
1791380548.243 340372
1791380548.297 340372
1791380548.350 340372
1791380548.401 340372
1791380548.456 340372
1791380548.510 340372
1791380548.564 340372
1791380548.617 340372
1791380548.671 340372
1791380548.725 340372
1791380548.779 340372
1791380548.833 340372
1791380548.887 340372
1791380548.941 340372
1791380548.995 340372
1791380549.049 340372
1791380549.103 340372
1791380549.157 340372
1791380549.211 340372
1791380549.265 340372
1791380549.319 340372
1791380549.373 340372
1791380549.427 340372
1791380549.481 340372
1791380549.535 340372
1791380549.589 340372
1791380549.642 340372
1791380549.696 340372
1791380549.750 340372
1791380549.804 340372
1791380549.858 340372
1791380549.912 340372
1791380549.966 340372
1791380550.020 340372
1791380550.074 340372
1791380550.128 340372
1791380550.182 340372
1791380550.236 340372
1791380550.290 340372
1791380550.344 340372
1791380550.398 340372
1791380550.451 340372
1791380550.505 340372
1791380550.559 340372
1791380550.613 340372
1791380550.667 340372
1791380550.721 340372
1791380550.775 340372
1791380550.829 340372
1791380550.883 340372
1791380550.937 340372
1791380550.991 340372
1791380551.045 340372
1791380551.099 340372
1791380551.152 340372
1791380551.206 340372
1791380551.260 340372
1791380551.314 340372
1791380551.368 340372
1791380551.422 340372
1791380551.476 340372
1791380551.530 340372
1791380551.584 340372
1791380551.638 340372
1791380551.692 340372
1791380551.746 340372
1791380551.799 340372
1791380551.853 340372
1791380551.907 340372
1791380551.961 340372
1791380552.015 340372
1791380552.069 340372
1791380552.123 340372
1791380552.177 340372
1791380552.231 340372
1791380552.285 340372
1791380552.339 340372
1791380552.392 340372
1791380552.446 340372
1791380552.500 340372
1791380552.554 340372
1791380552.608 340372
1791380552.662 340372
1791380552.716 340372
1791380552.770 340372
1791380552.824 340372
1791380552.877 340372
1791380552.931 340372
1791380552.985 340372
1791380553.039 340372
1791380553.093 340372
1791380553.147 340372
1791380553.201 340372
1791380553.255 340372
1791380553.308 340372
1791380553.362 340372
1791380553.416 340372
1791380553.470 340372
1791380553.524 340372
1791380553.578 340372
1791380553.632 340372
1791380553.686 340372
1791380553.740 340372
1791380553.794 340372
1791380553.848 340372
1791380553.901 340372
1791380553.955 340372
1791380554.009 340372
1791380554.063 340372
1791380554.117 340372
1791380554.171 340372
1791380554.225 340372
1791380554.279 340372
1791380554.333 340372
1791380554.387 340372
1791380554.441 340372
1791380554.495 340372
1791380554.548 340372
1791380554.602 340372
1791380554.656 340372
1791380554.710 340372
1791380554.764 340372
1791380554.818 340372
1791380554.872 340372
1791380554.926 340372
1791380554.980 340372
1791380555.034 340372
1791380555.088 340372
1791380555.142 340372
1791380555.196 340372
1791380555.250 340372
1791380555.303 340372
1791380555.357 340372
1791380555.411 340372
1791380555.465 340372
1791380555.519 340372
1791380555.573 340372
1791380555.627 340372
1791380555.679 340372
1791380555.733 340372
1791380555.787 340372
1791380555.841 340372
1791380555.895 340372
1791380555.949 340372
1791380556.003 340372
1791380556.057 340372
1791380556.110 340372
1791380556.164 340372
1791380556.218 340372
1791380556.272 340372
1791380556.326 340372
1791380556.380 340372
1791380556.434 340372
1791380556.488 340372
1791380556.542 340372
1791380556.596 340372
1791380556.650 340372
1791380556.704 340372
1791380556.758 340372
1791380556.812 340372
1791380556.866 340372
1791380556.919 340372
1791380556.973 340372
1791380557.027 340372
1791380557.081 340372
1791380557.132 340372
1791380557.186 340372
1791380557.240 340372
1791380557.294 340372
1791380557.348 340372
1791380557.402 340372
1791380557.456 340372
1791380557.510 340372
1791380557.564 340372
1791380557.618 340372
1791380557.672 340372
1791380557.726 340372
1791380557.780 340372
1791380557.834 340372
1791380557.888 340372
1791380557.941 340372
1791380557.995 340372
1791380558.049 340372
1791380558.103 340372
1791380558.157 340372
1791380558.211 340372
1791380558.265 340372
1791380558.319 340372
1791380558.373 340372
1791380558.427 340372
1791380558.481 340372
1791380558.535 340372
1791380558.589 340372
1791380558.643 340372
1791380558.697 340372
1791380558.751 340372
1791380558.804 340372
1791380558.858 340372
1791380558.912 340372
1791380558.966 340372
1791380559.020 340372
1791380559.074 340372
1791380559.126 340372
1791380559.180 340372
1791380559.233 340372
1791380559.287 340372
1791380559.341 340372
1791380559.395 340372
1791380559.449 340372
1791380559.503 340372
1791380559.557 340372
1791380559.611 340372
1791380559.665 340372
1791380559.719 340372
1791380559.773 340372
1791380559.826 340372
1791380559.880 340372
1791380559.934 340372
1791380559.988 340372
1791380560.042 340372
1791380560.096 340372
1791380560.150 340372
1791380560.204 340372
1791380560.258 340372
1791380560.312 340372
1791380560.366 340372
1791380560.420 340372
1791380560.474 340372
1791380560.528 340372
1791380560.582 340372
1791380560.636 340372
1791380560.689 340372
1791380560.743 340372
1791380560.797 340372
1791380560.851 340372
1791380560.905 340372
1791380560.959 340372
1791380561.013 340372
1791380561.067 340372
1791380561.121 340372
1791380561.175 340372
1791380561.229 340372
1791380561.283 340372
1791380561.337 340372
1791380561.391 340372
1791380561.445 340372
1791380561.499 340372
1791380561.553 340372
1791380561.607 340372
1791380561.661 340372
1791380561.715 340372
1791380561.769 340372
1791380561.822 340372
1791380561.876 340372
1791380561.930 340372
1791380561.984 340372
1791380562.038 340372
1791380562.092 340372
1791380562.146 340372
1791380562.200 340372
1791380562.254 340372
1791380562.308 340372
1791380562.362 340372
1791380562.416 340372
1791380562.470 340372
1791380562.524 340372
1791380562.578 340372
1791380562.632 340372
1791380562.686 340372
1791380562.740 340372
1791380562.794 340372
1791380562.848 340372
1791380562.902 340372
1791380562.956 340372
1791380563.010 340372
1791380563.064 340372
1791380563.117 340372
1791380563.171 340372
1791380563.225 340372
1791380563.279 340372
1791380563.333 340372
1791380563.387 340372
1791380563.441 340372
1791380563.495 340372
1791380563.549 340372
1791380563.603 340372
1791380563.657 340372
1791380563.711 340372
1791380563.765 340372
1791380563.819 340372
1791380563.873 340372
1791380563.927 340372
1791380563.981 340372
1791380564.034 340372
1791380564.086 340372
1791380564.140 340372
1791380564.194 340372
1791380564.248 340372
1791380564.302 340372
1791380564.356 340372
1791380564.410 340372
1791380564.464 340372
1791380564.517 340372
1791380564.571 340372
1791380564.625 340372
1791380564.679 340372
1791380564.733 340372
1791380564.787 340372
1791380564.841 340372
1791380564.895 340372
1791380564.949 340372
1791380565.003 340372
1791380565.058 340372
1791380565.112 340372
1791380565.166 340372
1791380565.220 340372
1791380565.274 340372
1791380565.328 340372
1791380565.382 340372
1791380565.436 340372
1791380565.490 340372
1791380565.543 340372
1791380565.597 340372
1791380565.652 340372
1791380565.706 340372
1791380565.760 340372
1791380565.814 340372
1791380565.868 340372
1791380565.922 340372
1791380565.976 340372
1791380566.030 340372
1791380566.084 340372
1791380566.138 340372
1791380566.192 340372
1791380566.245 340372
1791380566.299 340372
1791380566.353 340372
1791380566.407 340372
1791380566.461 340372
1791380566.515 340372
1791380566.569 340372
1791380566.623 340372
1791380566.677 340372
1791380566.731 340372
1791380566.784 340372
1791380566.838 340372
1791380566.892 340372
1791380566.946 340372
1791380566.997 340372
1791380567.048 340372
1791380567.102 340372
1791380567.156 340372
1791380567.210 340372
1791380567.264 340372
1791380567.318 340372
1791380567.372 340372
1791380567.426 340372
1791380567.480 340372
1791380567.534 340372
1791380567.588 340372
1791380567.642 340372
1791380567.696 340372
1791380567.750 340372
1791380567.804 340372
1791380567.858 340372
1791380567.912 340372
1791380567.965 340372
1791380568.019 340372
1791380568.073 340372
1791380568.127 340372
1791380568.182 340372
1791380568.235 340372
1791380568.289 340372
1791380568.343 340372
1791380568.397 340372
1791380568.451 340372
1791380568.505 340372
1791380568.559 340372
1791380568.613 340372
1791380568.667 340372
1791380568.721 340372
1791380568.775 340372
1791380568.829 340372
1791380568.883 340372
1791380568.937 340372
1791380568.991 340372
1791380569.045 340372
1791380569.099 340372
1791380569.152 340372
1791380569.206 340372
1791380569.258 340372
1791380569.312 340372
1791380569.365 340372
1791380569.419 340372
1791380569.473 340372
1791380569.527 340372
1791380569.581 340372
1791380569.635 340372
1791380569.689 340372
1791380569.743 340372
1791380569.797 340372
1791380569.851 340372
1791380569.905 340372
1791380569.959 340372
1791380570.013 340372
1791380570.067 340372
1791380570.121 340372
1791380570.175 340372
1791380570.229 340372
1791380570.283 340372
1791380570.337 340372
1791380570.391 340372
1791380570.444 340372
1791380570.498 340372
1791380570.552 340372
1791380570.606 340372
1791380570.660 340372
1791380570.714 340372
1791380570.768 340372
1791380570.822 340372
1791380570.876 340372
1791380570.930 340372
1791380570.984 340372
1791380571.038 340372
1791380571.091 340372
1791380571.145 340372
1791380571.199 340372
1791380571.253 340372
1791380571.307 340372
1791380571.361 340372
1791380571.415 340372
1791380571.469 340372
1791380571.523 340372
1791380571.577 340372
1791380571.631 340372
1791380571.684 340372
1791380571.738 340372
1791380571.792 340372
1791380571.846 340372
1791380571.900 340372
1791380571.952 340372
1791380572.006 340372
1791380572.060 340372
1791380572.114 340372
1791380572.167 340372
1791380572.221 340372
1791380572.275 340372
1791380572.329 340372
1791380572.383 340372
1791380572.437 340372
1791380572.491 340372
1791380572.545 340372
1791380572.599 340372
1791380572.653 340372
1791380572.707 340372
1791380572.761 340372
1791380572.815 340372
1791380572.869 340372
1791380572.923 340372
1791380572.977 340372
1791380573.031 340372
1791380573.085 340372
1791380573.139 340372
1791380573.193 340372
1791380573.246 340372
1791380573.300 340372
1791380573.354 340372
1791380573.408 340372
1791380573.462 340372
1791380573.516 340372
1791380573.570 340372
1791380573.624 340372
1791380573.678 340372
1791380573.732 340372
1791380573.786 340372
1791380573.840 340372
1791380573.894 340372
1791380573.948 340372
1791380574.001 340372
1791380574.055 340372
1791380574.110 340372
1791380574.164 340372
1791380574.218 340372
1791380574.271 340372
1791380574.325 340372
1791380574.379 340372
1791380574.433 340372
1791380574.487 340372
1791380574.541 340372
1791380574.595 340372
1791380574.649 340372
1791380574.703 340372
1791380574.757 340372
1791380574.811 340372
1791380574.865 340372
1791380574.919 340372
1791380574.973 340372
1791380575.027 340372
1791380575.080 340372
1791380575.133 340372
1791380575.187 340372
1791380575.241 340372
1791380575.295 340372
1791380575.349 340372
1791380575.403 340372
1791380575.457 340372
1791380575.511 340372
1791380575.565 340372
1791380575.619 340372
1791380575.673 340372
1791380575.727 340372
1791380575.781 340372
1791380575.834 340372
1791380575.888 340372
1791380575.942 340372
1791380575.996 340372
1791380576.050 340372
1791380576.104 340372
1791380576.158 340372
1791380576.212 340372
1791380576.266 340372
1791380576.320 340372
1791380576.374 340372
1791380576.428 340372
1791380576.482 340372
1791380576.536 340372
1791380576.590 340372
1791380576.644 340372
1791380576.697 340372
1791380576.751 340372
1791380576.805 340372
1791380576.859 340372
1791380576.913 340372
1791380576.967 340372
1791380577.021 340372
1791380577.075 340372
1791380577.129 340372
1791380577.183 340372
1791380577.237 340372
1791380577.291 340372
1791380577.345 340372
1791380577.399 340372
1791380577.453 340372
1791380577.506 340372
1791380577.560 340372
1791380577.614 340372
1791380577.668 340372
1791380577.722 340372
1791380577.776 340372
1791380577.830 340372
1791380577.884 340372
1791380577.938 340372
1791380577.992 340372
1791380578.046 340372
1791380578.100 340372
1791380578.154 340372
1791380578.208 340372
1791380578.262 340372
1791380578.315 340372
1791380578.369 340372
1791380578.421 340372
1791380578.474 340372
1791380578.528 340372
1791380578.582 340372
1791380578.636 340372
1791380578.690 340372
1791380578.744 340372
1791380578.798 340372
1791380578.852 340372
1791380578.906 340372
1791380578.960 340372
1791380579.014 340372
1791380579.068 340372
1791380579.122 340372
1791380579.176 340372
1791380579.230 340372
1791380579.284 340372
1791380579.338 340372
1791380579.392 340372
1791380579.446 340372
1791380579.499 340372
1791380579.553 340372
1791380579.604 340372
1791380579.659 340372
1791380579.713 340372
1791380579.767 340372
1791380579.820 340372
1791380579.874 340372
1791380579.928 340372
1791380579.982 340372
1791380580.036 340372
1791380580.090 340372
1791380580.144 340372
1791380580.198 340372
1791380580.252 340372
1791380580.306 340372
1791380580.359 340372
1791380580.413 340372
1791380580.467 340372
1791380580.521 340372
1791380580.575 340372
1791380580.629 340372
1791380580.683 340372
1791380580.737 340372
1791380580.791 340372
1791380580.845 340372
1791380580.899 340372
1791380580.953 340372
1791380581.007 340372
1791380581.061 340372
1791380581.114 340372
1791380581.168 340372
1791380581.222 340372
1791380581.276 340372
1791380581.330 340372
1791380581.384 340372
1791380581.438 340372
1791380581.492 340372
1791380581.546 340372
1791380581.600 340372
1791380581.654 340372
1791380581.708 340372
1791380581.762 340372
1791380581.816 340372
1791380581.869 340372
1791380581.923 340372
1791380581.976 340372
1791380582.030 340372
1791380582.085 340372
1791380582.139 340372
1791380582.190 340372
1791380582.244 340372
1791380582.297 340372
1791380582.351 340372
1791380582.405 340372
1791380582.459 340372
1791380582.513 340372
1791380582.567 340372
1791380582.621 340372
1791380582.675 340372
1791380582.729 340372
1791380582.783 340372
1791380582.837 340372
1791380582.891 340372
1791380582.945 340372
1791380582.999 340372
1791380583.053 340372
1791380583.105 340372
1791380583.157 340372
1791380583.209 340372
1791380583.263 340372
1791380583.317 340372
1791380583.371 340372
1791380583.425 340372
1791380583.479 340372
1791380583.533 340372
1791380583.587 340372
1791380583.641 340372
1791380583.695 340372
1791380583.749 340372
1791380583.803 340372
1791380583.857 340372
1791380583.910 340372
1791380583.964 340372
1791380584.018 340372
1791380584.072 340372
1791380584.126 340372
1791380584.180 340372
1791380584.234 340372
1791380584.285 340372
1791380584.339 340372
1791380584.393 340372
1791380584.447 340372
1791380584.501 340372
1791380584.555 340372
1791380584.609 340372
1791380584.663 340372
1791380584.717 340372
1791380584.771 340372
1791380584.824 340372
1791380584.878 340372
1791380584.932 340372
1791380584.986 340372
1791380585.040 340372
1791380585.094 340372
1791380585.148 340372
1791380585.202 340372
1791380585.256 340372
1791380585.309 340372
1791380585.363 340372
1791380585.417 340372
1791380585.471 340372
1791380585.525 340372
1791380585.579 340372
1791380585.633 340372
1791380585.687 340372
1791380585.741 340372
1791380585.795 340372
1791380585.849 340372
1791380585.902 340372
1791380585.956 340372
1791380586.010 340372
1791380586.065 340372
1791380586.119 340372
1791380586.173 340372
1791380586.227 340372
1791380586.281 340372
1791380586.335 340372
1791380586.389 340372
1791380586.443 340372
1791380586.497 340372
1791380586.551 340372
1791380586.605 340372
1791380586.659 340372
1791380586.714 340372
1791380586.768 340372
1791380586.822 340372
1791380586.876 340372
1791380586.929 340372
1791380586.983 340372
1791380587.037 340372
1791380587.091 340372
1791380587.145 340372
1791380587.199 340372
1791380587.253 340372
1791380587.307 340372
1791380587.361 340372
1791380587.415 340372
1791380587.469 340372
1791380587.523 340372
1791380587.577 340372
1791380587.631 340372
1791380587.685 340372
1791380587.739 340372
1791380587.793 340372
1791380587.847 340372
1791380587.901 340372
1791380587.955 340372
1791380588.008 340372
1791380588.062 340372
1791380588.116 340372
1791380588.170 340372
1791380588.224 340372
1791380588.278 340372
1791380588.332 340372
1791380588.386 340372
1791380588.440 340372
1791380588.494 340372
1791380588.548 340372
1791380588.602 340372
1791380588.656 340372
1791380588.710 340372
1791380588.764 340372
1791380588.818 340372
1791380588.872 340372
1791380588.926 340372
1791380588.980 340372
1791380589.033 340372
1791380589.087 340372
1791380589.141 340372
1791380589.195 340372
1791380589.249 340372
1791380589.303 340372
1791380589.357 340372
1791380589.411 340372
1791380589.465 340372
1791380589.519 340372
1791380589.573 340372
1791380589.627 340372
1791380589.681 340372
1791380589.734 340372
1791380589.788 340372
1791380589.842 340372
1791380589.896 340372
1791380589.950 340372
1791380590.004 340372
1791380590.056 340372
1791380590.110 340372
1791380590.161 340372
1791380590.215 340372
1791380590.269 340372
1791380590.323 340372
1791380590.377 340372
1791380590.431 340372
1791380590.485 340372
1791380590.539 340372
1791380590.593 340372
1791380590.647 340372
1791380590.701 340372
1791380590.755 340372
1791380590.809 340372
1791380590.862 340372
1791380590.916 340372
1791380590.970 340372
1791380591.024 340372
1791380591.078 340372
1791380591.132 340372
1791380591.186 340372
1791380591.240 340372
1791380591.294 340372
1791380591.348 340372
1791380591.402 340372
1791380591.456 340372
1791380591.509 340372
1791380591.563 340372
1791380591.617 340372
1791380591.671 340372
1791380591.725 340372
1791380591.779 340372
1791380591.833 340372
1791380591.887 340372
1791380591.941 340372
1791380591.995 340372
1791380592.049 340372
1791380592.103 340372
1791380592.157 340372
1791380592.211 340372
1791380592.264 340372
1791380592.318 340372
1791380592.372 340372
1791380592.426 340372
1791380592.480 340372
1791380592.534 340372
1791380592.588 340372
1791380592.642 340372
1791380592.696 340372
1791380592.750 340372
1791380592.804 340372
1791380592.858 340372
1791380592.911 340372
1791380592.965 340372
1791380593.019 340372
1791380593.073 340372
1791380593.127 340372
1791380593.181 340372
1791380593.235 340372
1791380593.289 340372
1791380593.343 340372
1791380593.397 340372
1791380593.451 340372
1791380593.505 340372
1791380593.558 340372
1791380593.612 340372
1791380593.666 340372
1791380593.720 340372
1791380593.774 340372
1791380593.828 340372
1791380593.882 340372
1791380593.936 340372
1791380593.990 340372
1791380594.044 340372
1791380594.098 340372
1791380594.152 340372
1791380594.206 340372
1791380594.260 340372
1791380594.314 340372
1791380594.368 340372
1791380594.422 340372
1791380594.476 340372
1791380594.530 340372
1791380594.584 340372
1791380594.637 340372
1791380594.691 340372
1791380594.745 340372
1791380594.799 340372
1791380594.853 340372
1791380594.907 340372
1791380594.961 340372
1791380595.015 340372
1791380595.069 340372
1791380595.123 340372
1791380595.177 340372
1791380595.230 340372
1791380595.284 340372
1791380595.338 340372
1791380595.392 340372
1791380595.446 340372
1791380595.500 340372
1791380595.554 340372
1791380595.608 340372
1791380595.662 340372
1791380595.716 340372
1791380595.769 340372
1791380595.823 340372
1791380595.877 340372
1791380595.931 340372
1791380595.985 340372
1791380596.039 340372
1791380596.093 340372
1791380596.147 340372
1791380596.201 340372
1791380596.255 340372
1791380596.309 340372
1791380596.363 340372
1791380596.417 340372
1791380596.470 340372
1791380596.524 340372
1791380596.578 340372
1791380596.632 340372
1791380596.686 340372
1791380596.740 340372
1791380596.794 340372
1791380596.848 340372
1791380596.902 340372
1791380596.956 340372
1791380597.010 340372
1791380597.061 340372
1791380597.115 340372
1791380597.169 340372
1791380597.223 340372
1791380597.277 340372
1791380597.331 340372
1791380597.385 340372
1791380597.439 340372
1791380597.493 340372
1791380597.547 340372
1791380597.601 340372
1791380597.655 340372
1791380597.709 340372
1791380597.763 340372
1791380597.817 340372
1791380597.871 340372
1791380597.924 340372
1791380597.979 340372
1791380598.033 340372
1791380598.087 340372
1791380598.141 340372
1791380598.195 340372
1791380598.248 340372
1791380598.302 340372
1791380598.356 340372
1791380598.410 340372
1791380598.464 340372
1791380598.518 340372
1791380598.572 340372
1791380598.626 340372
1791380598.680 340372
1791380598.734 340372
1791380598.788 340372
1791380598.841 340372
1791380598.895 340372
1791380598.949 340372
1791380599.003 340372
1791380599.057 340372
1791380599.111 340372
1791380599.165 340372
1791380599.219 340372
1791380599.273 340372
1791380599.326 340372
1791380599.380 340372
1791380599.434 340372
1791380599.488 340372
1791380599.542 340372
1791380599.596 340372
1791380599.650 340372
1791380599.704 340372
1791380599.758 340372
1791380599.812 340372
1791380599.866 340372
1791380599.920 340372
1791380599.973 340372
1791380600.027 340372
1791380600.081 340372
1791380600.135 340372
1791380600.189 340372
1791380600.243 340372
1791380600.297 340372
1791380600.351 340372
1791380600.405 340372
1791380600.459 340372
1791380600.513 340372
1791380600.567 340372
1791380600.621 340372
1791380600.675 340372
1791380600.729 340372
1791380600.783 340372
1791380600.837 340372
1791380600.891 340372
1791380600.945 340372
1791380600.998 340372
1791380601.052 340372
1791380601.106 340372
1791380601.160 340372
1791380601.214 340372
1791380601.268 340372
1791380601.322 340372
1791380601.376 340372
1791380601.430 340372
1791380601.484 340372
1791380601.538 340372
1791380601.592 340372
1791380601.646 340372
1791380601.700 340372
1791380601.754 340372
1791380601.808 340372
1791380601.862 340372
1791380601.915 340372
1791380601.969 340372
1791380602.023 340372
1791380602.077 340372
1791380602.131 340372
1791380602.185 340372
1791380602.239 340372
1791380602.293 340372
1791380602.347 340372
1791380602.401 340372
1791380602.455 340372
1791380602.509 340372
1791380602.563 340372
1791380602.617 340372
1791380602.670 340372
1791380602.724 340372
1791380602.778 340372
1791380602.832 340372
1791380602.886 340372
1791380602.940 340372
1791380602.994 340372
1791380603.048 340372
1791380603.102 340372
1791380603.156 340372
1791380603.210 340372
1791380603.264 340372
1791380603.318 340372
1791380603.371 340372
1791380603.425 340372
1791380603.479 340372
1791380603.533 340372
1791380603.587 340372
1791380603.641 340372
1791380603.695 340372
1791380603.749 340372
1791380603.803 340372
1791380603.857 340372
1791380603.910 340372
1791380603.964 340372
1791380604.018 340372
1791380604.072 340372
1791380604.126 340372
1791380604.180 340372
1791380604.234 340372
1791380604.288 340372
1791380604.342 340372
1791380604.396 340372
1791380604.450 340372
1791380604.504 340372
1791380604.558 340372
1791380604.611 340372
1791380604.665 340372
1791380604.719 340372
1791380604.773 340372
1791380604.827 340372
1791380604.881 340372
1791380604.935 340372
1791380604.989 340372
1791380605.043 340372
1791380605.097 340372
1791380605.151 340372
1791380605.205 340372
1791380605.259 340372
1791380605.313 340372
1791380605.367 340372
1791380605.420 340372
1791380605.474 340372
1791380605.528 340372
1791380605.582 340372
1791380605.636 340372
1791380605.690 340372
1791380605.744 340372
1791380605.798 340372
1791380605.852 340372
1791380605.906 340372
1791380605.960 340372
1791380606.014 340372
1791380606.068 340372
1791380606.121 340372
1791380606.175 340372
1791380606.229 340372
1791380606.283 340372
1791380606.337 340372
1791380606.391 340372
1791380606.445 340372
1791380606.499 340372
1791380606.553 340372
1791380606.607 340372
1791380606.661 340372
1791380606.714 340372
1791380606.768 340372
1791380606.822 340372
1791380606.876 340372
1791380606.930 340372
1791380606.984 340372
1791380607.038 340372
1791380607.092 340372
1791380607.146 340372
1791380607.200 340372
1791380607.254 340372
1791380607.308 340372
1791380607.362 340372
1791380607.416 340372
1791380607.469 340372
1791380607.523 340372
1791380607.577 340372
1791380607.631 340372
1791380607.685 340372
1791380607.739 340372
1791380607.793 340372
1791380607.847 340372
1791380607.901 340372
1791380607.955 340372
1791380608.006 340372
1791380608.060 340372
1791380608.114 340372
1791380608.168 340372
1791380608.222 340372
1791380608.276 340372
1791380608.330 340372
1791380608.384 340372
1791380608.436 340372
1791380608.489 340372
1791380608.543 340372
1791380608.597 340372
1791380608.651 340372
1791380608.705 340372
1791380608.759 340372
1791380608.813 340372
1791380608.867 340372
1791380608.921 340372
1791380608.975 340372
1791380609.029 340372
1791380609.083 340372
1791380609.137 340372
1791380609.191 340372
1791380609.245 340372
1791380609.299 340372
1791380609.351 340372
1791380609.405 340372
1791380609.459 340372
1791380609.513 340372
1791380609.567 340372
1791380609.621 340372
1791380609.675 340372
1791380609.729 340372
1791380609.783 340372
1791380609.837 340372
1791380609.891 340372
1791380609.945 340372
1791380609.999 340372
1791380610.053 340372
1791380610.107 340372
1791380610.161 340372
1791380610.215 340372
1791380610.269 340372
1791380610.323 340372
1791380610.377 340372
1791380610.431 340372
1791380610.485 340372
1791380610.539 340372
1791380610.593 340372
1791380610.647 340372
1791380610.701 340372
1791380610.755 340372
1791380610.809 340372
1791380610.863 340372
1791380610.917 340372
1791380610.971 340372
1791380611.025 340372
1791380611.079 340372
1791380611.132 340372
1791380611.186 340372
1791380611.240 340372
1791380611.294 340372
1791380611.348 340372
1791380611.402 340372
1791380611.456 340372
1791380611.510 340372
1791380611.564 340372
1791380611.618 340372
1791380611.672 340372
1791380611.726 340372
1791380611.780 340372
1791380611.834 340372
1791380611.888 340372
1791380611.941 340372
1791380611.995 340372
1791380612.049 340372
1791380612.103 340372
1791380612.157 340372
1791380612.211 340372
1791380612.265 340372
1791380612.319 340372
1791380612.373 340372
1791380612.427 340372
1791380612.481 340372
1791380612.535 340372
1791380612.589 340372
1791380612.643 340372
1791380612.697 340372
1791380612.750 340372
1791380612.804 340372
1791380612.858 340372
1791380612.912 340372
1791380612.966 340372
1791380613.020 340372
1791380613.074 340372
1791380613.128 340372
1791380613.182 340372
1791380613.236 340372
1791380613.290 340372
1791380613.343 340372
1791380613.397 340372
1791380613.451 340372
1791380613.505 340372
1791380613.559 340372
1791380613.613 340372
1791380613.667 340372
1791380613.721 340372
1791380613.775 340372
1791380613.829 340372
1791380613.883 340372
1791380613.937 340372
1791380613.991 340372
1791380614.045 340372
1791380614.099 340372
1791380614.153 340372
1791380614.207 340372
1791380614.261 340372
1791380614.314 340372
1791380614.368 340372
1791380614.422 340372
1791380614.476 340372
1791380614.530 340372
1791380614.584 340372
1791380614.635 340372
1791380614.689 340372
1791380614.743 340372
1791380614.797 340372
1791380614.851 340372
1791380614.905 340372
1791380614.959 340372
1791380615.013 340372
1791380615.067 340372
1791380615.121 340372
1791380615.175 340372
1791380615.229 340372
1791380615.283 340372
1791380615.337 340372
1791380615.391 340372
1791380615.445 340372
1791380615.499 340372
1791380615.553 340372
1791380615.607 340372
1791380615.661 340372
1791380615.715 340372
1791380615.769 340372
1791380615.823 340372
1791380615.877 340372
1791380615.930 340372
1791380615.984 340372
1791380616.038 340372
1791380616.092 340372
1791380616.146 340372
1791380616.200 340372
1791380616.254 340372
1791380616.308 340372
1791380616.362 340372
1791380616.416 340372
1791380616.469 340372
1791380616.523 340372
1791380616.577 340372
1791380616.631 340372
1791380616.685 340372
1791380616.739 340372
1791380616.793 340372
1791380616.847 340372
1791380616.901 340372
1791380616.955 340372
1791380617.009 340372
1791380617.063 340372
1791380617.114 340372
1791380617.165 340372
1791380617.219 340372
1791380617.273 340372
1791380617.327 340372
1791380617.380 340372
1791380617.433 340372
1791380617.487 340372
1791380617.541 340372
1791380617.595 340372
1791380617.649 340372
1791380617.703 340372
1791380617.757 340372
1791380617.810 340372
1791380617.864 340372
1791380617.918 340372
1791380617.972 340372
1791380618.026 340372
1791380618.080 340372
1791380618.134 340372
1791380618.188 340372
1791380618.242 340372
1791380618.296 340372
1791380618.350 340372
1791380618.404 340372
1791380618.458 340372
1791380618.512 340372
1791380618.566 340372
1791380618.620 340372
1791380618.674 340372
1791380618.727 340372
1791380618.781 340372
1791380618.835 340372
1791380618.889 340372
1791380618.943 340372
1791380618.997 340372
1791380619.051 340372
1791380619.105 340372
1791380619.159 340372
1791380619.213 340372
1791380619.267 340372
1791380619.321 340372
1791380619.375 340372
1791380619.429 340372
1791380619.482 340372
1791380619.536 340372
1791380619.590 340372
1791380619.644 340372
1791380619.698 340372
1791380619.752 340372
1791380619.806 340372
1791380619.860 340756
1791380619.912 340756
1791380619.965 340756
1791380620.019 340756
1791380620.073 340756
1791380620.127 340756
1791380620.181 340756
1791380620.235 340948
1791380620.289 342100
1791380620.341 342100
1791380620.395 342292
1791380620.449 342676
1791380620.500 342676
1791380620.554 343060
1791380620.609 343060
1791380620.663 343060
1791380620.717 343060
1791380620.771 343060
1791380620.824 343060
1791380620.878 343060
1791380620.932 343060
1791380620.986 343060
1791380621.040 343060
1791380621.094 343060
1791380621.148 343060
1791380621.202 343060
1791380621.256 343060
1791380621.310 343060
1791380621.364 343060
1791380621.418 345940
1791380621.472 345940
1791380621.526 345940
1791380621.580 345940
1791380621.634 345940
1791380621.688 345940
1791380621.742 345940
1791380621.796 345940
1791380621.850 345940
1791380621.904 345940
1791380621.958 345940
1791380622.012 345940
1791380622.066 345940
1791380622.120 345940
1791380622.174 345940
1791380622.228 345940
1791380622.282 345940
1791380622.336 345940
1791380622.390 345940
1791380622.444 345940
1791380622.498 345940
1791380622.552 345940
1791380622.606 345940
1791380622.660 345940
1791380622.714 345940
1791380622.768 345940
1791380622.822 345940
1791380622.875 345940
1791380622.929 345940
1791380622.984 345940
1791380623.038 345940
1791380623.092 345940
1791380623.146 345940
1791380623.200 345940
1791380623.254 345940
1791380623.307 345940
1791380623.361 345940
1791380623.415 345940
1791380623.469 345940
1791380623.523 345940
1791380623.577 345940
1791380623.631 345940
1791380623.685 345940
1791380623.739 345940
1791380623.793 345940
1791380623.847 345940
1791380623.901 345940
1791380623.955 345940
1791380624.009 345940
1791380624.063 345940
1791380624.117 345940
1791380624.171 345940
1791380624.225 345940
1791380624.279 345940
1791380624.333 345940
1791380624.387 345940
1791380624.441 345940
1791380624.495 345940
1791380624.549 345940
1791380624.603 345940
1791380624.657 345940
1791380624.711 345940
1791380624.765 345940
1791380624.819 346132
1791380624.872 346324
1791380624.925 346324
1791380624.979 346324
1791380625.033 346324
1791380625.087 346324
1791380625.141 346324
1791380625.192 346324
1791380625.246 346324
1791380625.300 346324
1791380625.354 346324
1791380625.408 346900
1791380625.459 347092
1791380625.513 347092
1791380625.567 347092
1791380625.621 347092
1791380625.675 347092
1791380625.729 347092
1791380625.783 347284
1791380625.837 347284
1791380625.891 347284
1791380625.945 347284
1791380625.999 347284
1791380626.053 347284
1791380626.107 347476
1791380626.161 347668
1791380626.215 347860
1791380626.269 347860
1791380626.323 347860
1791380626.377 348244
1791380626.431 348436
1791380626.485 348820
1791380626.539 348820
1791380626.593 349012
1791380626.647 349012
1791380626.702 349588
1791380626.756 349588
1791380626.810 349780
1791380626.864 350164
1791380626.918 350164
1791380626.972 350164
1791380627.027 350164
1791380627.081 350164
1791380627.135 350164
1791380627.189 350164
1791380627.243 350164
1791380627.297 350164
1791380627.351 350164
1791380627.405 350164
1791380627.459 350164
1791380627.513 350164
1791380627.567 350164
1791380627.621 350164
1791380627.675 350164
1791380627.729 350164
1791380627.783 350548
1791380627.837 350548
1791380627.891 350548
1791380627.945 350548
1791380627.999 360148
1791380628.051 360724
1791380628.102 360724
1791380628.156 360724
1791380628.210 360724
1791380628.264 360724
1791380628.318 360724
1791380628.372 360724
1791380628.426 360724
1791380628.481 360724
1791380628.535 360724
1791380628.589 360916
1791380628.643 360916
1791380628.697 360916
1791380628.752 360916
1791380628.806 360916
1791380628.860 360916
1791380628.914 360916
1791380628.968 360916
1791380629.022 360916
1791380629.077 360916
1791380629.131 360916
1791380629.185 360916
1791380629.239 360916
1791380629.293 360916
1791380629.347 360916
1791380629.402 360916
1791380629.456 360916
1791380629.510 360916
1791380629.564 360916
1791380629.618 360916
1791380629.672 360916
1791380629.726 360916
1791380629.780 360916
1791380629.835 360916
1791380629.889 360916
1791380629.943 360916
1791380629.997 360916
1791380630.051 360916
1791380630.105 360916
1791380630.159 360916
1791380630.213 360916
1791380630.267 360916
1791380630.322 360916
1791380630.376 360916
1791380630.430 360916
1791380630.484 360916
1791380630.538 360916
1791380630.592 360916
1791380630.646 360916
1791380630.700 360916
1791380630.754 360916
1791380630.809 360916
1791380630.863 360916
1791380630.917 360916
1791380630.971 361108
1791380631.025 361108
1791380631.079 361108
1791380631.134 361108
1791380631.188 361108
1791380631.242 367828
1791380631.293 393172
1791380631.346 483220
1791380631.399 555220
1791380631.453 598948
1791380631.506 632356
1791380631.559 661972
1791380631.612 704404
1791380631.664 747796
1791380631.717 759980
1791380631.771 770800
1791380631.824 773488
1791380631.875 457096
1791380631.927 478984
1791380631.979 490880
1791380632.030 517708
1791380632.082 513964
1791380632.133 509100
1791380632.187 509100
1791380632.242 509100
1791380632.297 509100
1791380632.351 509100
1791380632.406 509100
1791380632.461 509100
1791380632.516 509100
1791380632.571 509100
1791380632.625 509100
1791380632.680 509100
1791380632.735 509100
1791380632.790 509100
1791380632.845 509100
1791380632.899 509100
1791380632.954 509100
1791380633.009 509100
1791380633.064 509100
1791380633.118 509100
1791380633.173 509100
1791380633.228 509100
1791380633.282 509100
1791380633.336 509100
1791380633.391 509100
1791380633.446 509100
1791380633.501 509100
1791380633.556 509100
1791380633.611 509100
1791380633.666 509100
1791380633.720 509100
1791380633.775 509100
1791380633.830 509100
1791380633.885 509100
1791380633.937 509100
1791380633.988 509100
1791380634.041 509100
1791380634.096 509292
1791380634.150 509292
1791380634.205 509292
1791380634.259 509292
1791380634.312 509292
1791380634.367 509292
1791380634.421 509292
1791380634.476 509292
1791380634.530 509292
1791380634.585 509292
1791380634.639 509292
1791380634.693 509292
1791380634.748 509292
1791380634.802 509292
1791380634.857 509292
1791380634.911 509292
1791380634.966 509484
1791380635.020 509484
1791380635.074 509484
1791380635.129 509484
1791380635.183 509484
1791380635.238 509484
1791380635.292 509676
1791380635.346 509676
1791380635.401 509676
1791380635.455 509676
1791380635.506 509676
1791380635.561 509676
1791380635.615 509676
1791380635.670 509676
1791380635.724 509676
1791380635.778 509676
1791380635.833 442416
1791380635.887 442416
1791380635.942 442416
1791380635.996 442416
1791380636.051 442416
1791380636.105 442416
1791380636.159 442416
1791380636.214 442416
1791380636.268 442416
1791380636.322 442416
1791380636.377 442416
1791380636.431 442416
1791380636.485 442416
1791380636.540 442416
1791380636.594 442416
1791380636.648 442416
1791380636.703 442416
1791380636.757 442416
1791380636.811 442416
1791380636.865 442416
1791380636.920 442416
1791380636.974 442416
1791380637.028 442416
1791380637.082 442416
1791380637.137 442608
1791380637.191 442800
1791380637.245 442992
1791380637.300 442992
1791380637.354 442992
1791380637.409 442992
1791380637.463 442992
1791380637.517 443184
1791380637.572 443184
1791380637.626 443184
1791380637.681 443184
1791380637.735 443184
1791380637.789 443568
1791380637.841 443568
1791380637.895 443568
1791380637.949 443568
1791380638.003 443760
1791380638.055 443760
1791380638.109 443760
1791380638.163 443760
1791380638.218 443760
1791380638.272 443760
1791380638.326 443760
1791380638.380 443760
1791380638.433 443760
1791380638.484 443760
1791380638.539 443760
1791380638.593 443760
1791380638.647 443760
1791380638.701 452784
1791380638.752 470256
1791380638.804 487152
1791380638.855 503856
1791380638.906 520752
1791380638.957 538224
1791380639.010 597936
1791380639.064 627120
1791380639.117 658608
1791380639.171 716208
1791380639.224 756216
1791380639.278 810744
1791380639.331 929016
1791380639.386 1043000
1791380639.439 1151288
1791380639.493 1316408
1791380639.546 1464056
1791380639.600 1629368
1791380639.654 1629560
1791380639.707 1697144
1791380639.760 1801976
1791380639.812 1929656
1791380639.865 1970552
1791380639.917 2178872
1791380639.969 2305592
1791380640.020 2430584
1791380640.071 2564600
1791380640.123 2649848
1791380640.174 2731448
1791380640.225 2741816
1791380640.277 2787512
1791380640.328 2837432
1791380640.379 2882552
1791380640.430 2950712
1791380640.482 3042104
1791380640.533 3176120
1791380640.584 3324728
1791380640.637 3632120
1791380640.690 3633656
1791380640.742 3633656
1791380640.795 3771896
1791380640.847 3795268
1791380640.899 3805252
1791380640.950 3819076
1791380641.003 4156420
1791380641.056 4166212
1791380641.107 4176580
1791380641.160 4432900
1791380641.213 4682500
1791380641.264 4788292
1791380641.316 4806916
1791380641.367 4848196
1791380641.421 4860484
1791380641.474 4868164
1791380641.527 4873156
1791380641.580 4871744
1791380641.631 4879424
1791380641.683 4883648
1791380641.734 4888256
1791380641.785 4892672
1791380641.837 4896704
1791380641.888 4901120
1791380641.939 4904960
1791380641.991 4908992
1791380642.042 4936640
1791380642.094 4971200
1791380642.147 4993664
1791380642.199 5014016
1791380642.250 5041472
1791380642.304 5070272
1791380642.358 5098112
1791380642.410 5128256
1791380642.463 5157056
1791380642.514 5195456
1791380642.565 5236352
1791380642.617 5279936
1791380642.668 5306624
1791380642.720 5324096
1791380642.771 5324096
1791380642.824 5324096
1791380642.880 5324096
1791380642.935 5324096
1791380642.990 5324096
1791380643.045 5324096
1791380643.100 5324096
1791380643.156 5324096
1791380643.211 5324096
1791380643.264 5324096
1791380643.318 5324096
1791380643.373 5324096
1791380643.428 5324096
1791380643.484 5324096
1791380643.539 5324096
1791380643.594 5324096
1791380643.649 5324096
1791380643.704 5324288
1791380643.757 5324480
1791380643.812 5324480
1791380643.867 5324480
1791380643.922 5324480
1791380643.977 5324480
1791380644.032 5324480
1791380644.087 5324480
1791380644.142 5324480
1791380644.197 5324480
1791380644.252 5324480
1791380644.307 5324480
1791380644.362 5324480
1791380644.417 5324480
1791380644.472 5324480
1791380644.527 5324480
1791380644.582 5324480
1791380644.637 5324480
1791380644.692 5324480
1791380644.747 5324480
1791380644.802 5324480
1791380644.857 5324480
1791380644.912 5324480
1791380644.967 5324480
1791380645.022 5324480
1791380645.077 5324480
1791380645.132 5324480
1791380645.187 5324480
1791380645.242 5324480
1791380645.297 5324480
1791380645.352 5324480
1791380645.407 5324480
1791380645.462 5324480
1791380645.517 5324480
1791380645.572 5324480
1791380645.627 5324480
1791380645.682 5324480
1791380645.737 5324480
1791380645.792 5324480
1791380645.847 5324480
1791380645.902 5296088
1791380645.957 5296088
1791380646.012 5296088
1791380646.067 5296088
1791380646.119 5296088
1791380646.170 5296088
1791380646.222 5296088
1791380646.273 5296088
1791380646.325 5296088
1791380646.380 5296088
1791380646.434 5296088
1791380646.489 5296088
1791380646.545 5296088
1791380646.599 5296088
1791380646.654 5296088
1791380646.709 5296088
1791380646.764 5296088
1791380646.819 5296088
1791380646.875 5296088
1791380646.930 5296088
1791380646.985 5296088
1791380647.040 5296088
1791380647.095 5296088
1791380647.150 5296088
1791380647.205 5296088
1791380647.260 5296088
1791380647.315 5296088
1791380647.370 5296088
1791380647.425 5296088
1791380647.480 5296088
1791380647.535 5296088
1791380647.590 5296088
1791380647.645 5296088
1791380647.704 5296088
1791380647.765 5296088
1791380647.820 5296088
1791380647.875 5296088
1791380647.931 5296088
1791380647.986 5296088
1791380648.041 5296088
1791380648.096 5296088
1791380648.151 5296088
1791380648.206 5296088
1791380648.258 5296088
1791380648.313 5296088
1791380648.368 5296088
1791380648.424 5296088
1791380648.480 5296088
1791380648.535 5296280
1791380648.589 5296280
1791380648.644 5296280
1791380648.699 5296280
1791380648.754 5296472
1791380648.809 5296472
1791380648.864 5296472
1791380648.917 5296472
1791380648.972 5296472
1791380649.027 5296856
1791380649.081 5296856
1791380649.136 5296856
1791380649.191 5297240
1791380649.246 5297240
1791380649.302 5297624
1791380649.357 5297816
1791380649.412 5297816
1791380649.467 5298008
1791380649.522 5298008
1791380649.577 5298200
1791380649.629 5298200
1791380649.684 5298392
1791380649.739 5298584
1791380649.793 5298584
1791380649.848 5298584
1791380649.903 5298584
1791380649.958 5298776
1791380650.013 5298776
1791380650.066 5298776
1791380650.121 5298776
1791380650.176 5298776
1791380650.231 5298776
1791380650.286 5298776
1791380650.341 5298776
1791380650.395 5298776
1791380650.450 5298776
1791380650.505 5298776
1791380650.560 5298776
1791380650.615 5298776
1791380650.670 5298776
1791380650.725 5298776
1791380650.779 5298968
1791380650.834 5298968
1791380650.889 5298968
1791380650.944 5298968
1791380650.999 5299352
1791380651.054 5299352
1791380651.109 5299352
1791380651.163 5299352
1791380651.218 5299352
1791380651.273 5299352
1791380651.328 5299352
1791380651.383 5299352
1791380651.438 5299352
1791380651.492 5299352
1791380651.547 5299352
1791380651.602 5299352
1791380651.657 5299352
1791380651.712 5299352
1791380651.766 5299352
1791380651.821 5299352
1791380651.876 5299352
1791380651.931 5299352
1791380651.986 5299352
1791380652.041 5299352
1791380652.096 5299352
1791380652.150 5299352
1791380652.205 5299352
1791380652.260 5299352
1791380652.314 5299352
1791380652.369 5299352
1791380652.423 5299352
1791380652.478 5299352
1791380652.533 5299352
1791380652.588 5299352
1791380652.643 5299352
1791380652.698 5299352
1791380652.752 5299352
1791380652.807 5299352
1791380652.862 5299352
1791380652.917 5299352
1791380652.972 5299352
1791380653.027 5299352
1791380653.082 5299352
1791380653.136 5299352
1791380653.191 5299352
1791380653.246 5299352
1791380653.301 5299352
1791380653.356 5299352
1791380653.411 5299352
1791380653.466 5299352
1791380653.521 5299352
1791380653.575 5299352
1791380653.630 5299352
1791380653.685 5299352
1791380653.740 5299352
1791380653.795 5299352
1791380653.850 5299352
1791380653.904 5299352
1791380653.959 5299352
1791380654.014 5299352
1791380654.069 5299352
1791380654.124 5299352
1791380654.179 5299352
1791380654.234 5299544
1791380654.288 5299544
1791380654.343 5299544
1791380654.398 5299544
1791380654.453 5299544
1791380654.508 5299544
1791380654.559 5299544
1791380654.611 5299544
1791380654.665 5299544
1791380654.720 5299544
1791380654.775 5299544
1791380654.830 5299544
1791380654.885 5299544
1791380654.940 5299544
1791380654.995 5299544
1791380655.050 5299544
1791380655.106 5299544
1791380655.161 5299736
1791380655.215 5299736
1791380655.270 5299736
1791380655.325 5299736
1791380655.380 5299736
1791380655.435 5299736
1791380655.490 5299736
1791380655.544 5299736
1791380655.599 5299736
1791380655.654 5299928
1791380655.709 5299928
1791380655.764 5299928
1791380655.819 5299928
1791380655.874 5299928
1791380655.928 5299928
1791380655.983 5299928
1791380656.038 5299928
1791380656.093 5299928
1791380656.148 5299928
1791380656.203 5299928
1791380656.258 5299928
1791380656.312 5299928
1791380656.367 5299928
1791380656.422 5300120
1791380656.477 5300120
1791380656.532 5300120
1791380656.587 5300120
1791380656.642 5300120
1791380656.697 5300120
1791380656.751 5300504
1791380656.806 5300504
1791380656.861 5300504
1791380656.916 5300696
1791380656.971 5300888
1791380657.026 5300888
1791380657.081 5300888
1791380657.136 5300888
1791380657.191 5300888
1791380657.245 5305304
1791380657.300 4679596
1791380657.353 1808076
1791380657.404 749512
