1791379335.888 28556
1791379335.939 47564
1791379335.990 59852
1791379336.041 74872
1791379336.092 90044
1791379336.144 127148
1791379336.196 141512
1791379336.247 146504
1791379336.298 158664
1791379336.350 159260
1791379336.401 159260
1791379336.452 160412
1791379336.503 191324
1791379336.555 219000
1791379336.606 224376
1791379336.658 240828
1791379336.709 254652
1791379336.762 254908
1791379336.814 256564
1791379336.865 268276
1791379336.916 273268
1791379336.967 277876
1791379337.019 297652
1791379337.071 300532
1791379337.122 309172
1791379337.173 316468
1791379337.225 320116
1791379337.277 323188
1791379337.328 327220
1791379337.380 328948
1791379337.431 329420
1791379337.482 341804
1791379337.534 342764
1791379337.589 342764
1791379337.640 342764
1791379337.695 342764
1791379337.750 342764
1791379337.806 342764
1791379337.861 342764
1791379337.916 342764
1791379337.971 342764
1791379338.026 342764
1791379338.081 342764
1791379338.136 342764
1791379338.191 342764
1791379338.246 342764
1791379338.301 342764
1791379338.357 342764
1791379338.412 342764
1791379338.467 342764
1791379338.522 342764
1791379338.577 342764
1791379338.632 342764
1791379338.687 342764
1791379338.742 342764
1791379338.797 342764
1791379338.852 342764
1791379338.907 342764
1791379338.962 342764
1791379339.018 342764
1791379339.071 342764
1791379339.123 342764
1791379339.178 342764
1791379339.230 342764
1791379339.281 342764
1791379339.333 342764
1791379339.384 342764
1791379339.438 342764
1791379339.494 342764
1791379339.549 342764
1791379339.604 342764
1791379339.658 342764
1791379339.712 342764
1791379339.767 342764
1791379339.820 342764
1791379339.875 342764
1791379339.930 342764
1791379339.986 342764
1791379340.041 342764
1791379340.096 342764
1791379340.151 342764
1791379340.206 342764
1791379340.261 342764
1791379340.316 342764
1791379340.371 342764
1791379340.426 342764
1791379340.481 342764
1791379340.536 342764
1791379340.591 342764
1791379340.646 342764
1791379340.701 342764
1791379340.756 342764
1791379340.811 342764
1791379340.866 342764
1791379340.921 342764
1791379340.977 336092
1791379341.032 336092
1791379341.087 336092
1791379341.142 336092
1791379341.197 336092
1791379341.252 336092
1791379341.307 336092
1791379341.362 336092
1791379341.417 336092
1791379341.472 336092
1791379341.527 336092
1791379341.583 336092
1791379341.638 336092
1791379341.692 336092
1791379341.747 336092
1791379341.802 336092
1791379341.858 336092
1791379341.913 336092
1791379341.968 336092
1791379342.023 336092
1791379342.078 336092
1791379342.133 336092
1791379342.188 336092
1791379342.243 336092
1791379342.298 336092
1791379342.353 336092
1791379342.408 336092
1791379342.463 336092
1791379342.518 336092
1791379342.573 336092
1791379342.628 336092
1791379342.683 336092
1791379342.738 336092
1791379342.793 336092
1791379342.848 336092
1791379342.903 336092
1791379342.958 336092
1791379343.012 336092
1791379343.067 336092
1791379343.122 336092
1791379343.177 336092
1791379343.232 336092
1791379343.287 336092
1791379343.342 336092
1791379343.397 336092
1791379343.452 336092
1791379343.507 336092
1791379343.562 336092
1791379343.616 336092
1791379343.671 336092
1791379343.726 336092
1791379343.781 336092
1791379343.836 336092
1791379343.890 336092
1791379343.945 336092
1791379344.000 336092
1791379344.055 336092
1791379344.110 336092
1791379344.164 336092
1791379344.217 336092
1791379344.272 336092
1791379344.327 336092
1791379344.382 336092
1791379344.439 336092
1791379344.494 336092
1791379344.549 336092
1791379344.603 336092
1791379344.657 336092
1791379344.712 336092
1791379344.767 336092
1791379344.822 336092
1791379344.877 336092
1791379344.932 336092
1791379344.986 336092
1791379345.041 336092
1791379345.096 336092
1791379345.151 336092
1791379345.206 336092
1791379345.261 336092
1791379345.315 336092
1791379345.370 336092
1791379345.425 336092
1791379345.480 336092
1791379345.535 336092
1791379345.590 336092
1791379345.645 336092
1791379345.700 336092
1791379345.755 336092
1791379345.810 336092
1791379345.865 336092
1791379345.919 336092
1791379345.974 336092
1791379346.029 336092
1791379346.084 336092
1791379346.139 336092
1791379346.194 336092
1791379346.249 336284
1791379346.303 336284
1791379346.358 336284
1791379346.413 336284
1791379346.468 336284
1791379346.523 336284
1791379346.578 336284
1791379346.633 336284
1791379346.688 336284
1791379346.743 336284
1791379346.797 336284
1791379346.852 336284
1791379346.907 336284
1791379346.963 336284
1791379347.018 336284
1791379347.072 336284
1791379347.127 336284
1791379347.182 336284
1791379347.237 336284
1791379347.292 336284
1791379347.347 336284
1791379347.402 336284
1791379347.457 336284
1791379347.511 336284
1791379347.566 336284
1791379347.621 336284
1791379347.672 336284
1791379347.727 336284
1791379347.783 336284
1791379347.838 336284
1791379347.892 336284
1791379347.947 336284
1791379348.002 336284
1791379348.057 336284
1791379348.111 336284
1791379348.166 336284
1791379348.221 336284
1791379348.276 336284
1791379348.330 336284
1791379348.385 336284
1791379348.440 336284
1791379348.495 336284
1791379348.550 336284
1791379348.605 336284
1791379348.660 336284
1791379348.714 336284
1791379348.769 336284
1791379348.824 336284
1791379348.879 336284
1791379348.934 336284
1791379348.989 336284
1791379349.043 336284
1791379349.098 336284
1791379349.151 336284
1791379349.206 336284
1791379349.261 336284
1791379349.316 336284
1791379349.371 336284
1791379349.426 336284
1791379349.480 336284
1791379349.535 336284
1791379349.590 336284
1791379349.645 336284
1791379349.700 336284
1791379349.755 336284
1791379349.810 336284
1791379349.864 336284
1791379349.919 336284
1791379349.974 336284
1791379350.029 336284
1791379350.084 336284
1791379350.139 336284
1791379350.194 336284
1791379350.248 336284
1791379350.303 336284
1791379350.358 336284
1791379350.413 336284
1791379350.468 336284
1791379350.523 336284
1791379350.577 336284
1791379350.632 336284
1791379350.687 336284
1791379350.742 336284
1791379350.797 336284
1791379350.851 336284
1791379350.903 336284
1791379350.955 336284
1791379351.010 336284
1791379351.064 336284
1791379351.119 336284
1791379351.174 336284
1791379351.229 336284
1791379351.284 336284
1791379351.339 336284
1791379351.394 336284
1791379351.448 336284
1791379351.503 336284
1791379351.558 336284
1791379351.613 336284
1791379351.668 336284
1791379351.723 336284
1791379351.777 336284
1791379351.832 336284
1791379351.887 336284
1791379351.942 336284
1791379351.997 336284
1791379352.052 336284
1791379352.107 336284
1791379352.161 336284
1791379352.216 336284
1791379352.271 336284
1791379352.326 336284
1791379352.381 336284
1791379352.436 336284
1791379352.490 336284
1791379352.545 336284
1791379352.600 336284
1791379352.655 336284
1791379352.710 336284
1791379352.764 336284
1791379352.819 336284
1791379352.874 336284
1791379352.929 336284
1791379352.984 336284
1791379353.038 336284
1791379353.093 336284
1791379353.148 336284
1791379353.203 336284
1791379353.258 336284
1791379353.313 336284
1791379353.367 336284
1791379353.422 336284
1791379353.477 336284
1791379353.531 336284
1791379353.586 336284
1791379353.641 336284
1791379353.696 336284
1791379353.750 336284
1791379353.805 336284
1791379353.860 336284
1791379353.915 336284
1791379353.969 336284
1791379354.024 336284
1791379354.079 336284
1791379354.134 336284
1791379354.189 336284
1791379354.244 336284
1791379354.298 336284
1791379354.353 336284
1791379354.408 336284
1791379354.463 336284
1791379354.517 336284
1791379354.572 336284
1791379354.626 336284
1791379354.681 336284
1791379354.736 336284
1791379354.790 336284
1791379354.845 336284
1791379354.896 336284
1791379354.951 336284
1791379355.006 336284
1791379355.060 336284
1791379355.115 336284
1791379355.170 336284
1791379355.224 336284
1791379355.279 336284
1791379355.334 336284
1791379355.388 336284
1791379355.443 336284
1791379355.498 336284
1791379355.552 336284
1791379355.607 336284
1791379355.662 336284
1791379355.716 336284
1791379355.771 336284
1791379355.827 336284
1791379355.881 336284
1791379355.936 336284
1791379355.990 336284
1791379356.045 336284
1791379356.100 336284
1791379356.155 336284
1791379356.209 336284
1791379356.264 336284
1791379356.319 336284
1791379356.374 336284
1791379356.428 336284
1791379356.483 336284
1791379356.537 336284
1791379356.592 336284
1791379356.647 336284
1791379356.701 336284
1791379356.756 336284
1791379356.811 336284
1791379356.866 336284
1791379356.920 336284
1791379356.975 336284
1791379357.030 336284
1791379357.085 336284
1791379357.136 336284
1791379357.190 336284
1791379357.245 336284
1791379357.299 336284
1791379357.354 336284
1791379357.409 336284
1791379357.464 336284
1791379357.519 336284
1791379357.573 336284
1791379357.628 336284
1791379357.679 336284
1791379357.734 336284
1791379357.789 336284
1791379357.844 336284
1791379357.898 336284
1791379357.953 336284
1791379358.007 336284
1791379358.062 336284
1791379358.117 336284
1791379358.172 336284
1791379358.226 336284
1791379358.281 336284
1791379358.336 336284
1791379358.391 336284
1791379358.445 336284
1791379358.500 336284
1791379358.555 336284
1791379358.609 336284
1791379358.664 336284
1791379358.719 336284
1791379358.773 336284
1791379358.828 336284
1791379358.883 336284
1791379358.938 336284
1791379358.992 336284
1791379359.047 336284
1791379359.102 336284
1791379359.157 336284
1791379359.211 336284
1791379359.266 336284
1791379359.321 336284
1791379359.376 336284
1791379359.431 336284
1791379359.485 336284
1791379359.537 336284
1791379359.588 336284
1791379359.639 336284
1791379359.690 336284
1791379359.745 336284
1791379359.800 336284
1791379359.854 336284
1791379359.909 336284
1791379359.964 336284
1791379360.019 336284
1791379360.074 336284
1791379360.128 336284
1791379360.183 336284
1791379360.238 336284
1791379360.292 336284
1791379360.347 336284
1791379360.402 336284
1791379360.457 336284
1791379360.511 336284
1791379360.566 336284
1791379360.621 336284
1791379360.675 336284
1791379360.730 336284
1791379360.785 336284
1791379360.836 336284
1791379360.891 336284
1791379360.945 336284
1791379361.000 336284
1791379361.055 336284
1791379361.110 336284
1791379361.164 336284
1791379361.218 336284
1791379361.273 336284
1791379361.328 336284
1791379361.382 336284
1791379361.437 336284
1791379361.492 336284
1791379361.547 336284
1791379361.602 336284
1791379361.656 336284
1791379361.711 336284
1791379361.766 336284
1791379361.820 336284
1791379361.875 336284
1791379361.930 336284
1791379361.984 336284
1791379362.039 336284
1791379362.094 336284
1791379362.149 336284
1791379362.204 336284
1791379362.258 336284
1791379362.313 336284
1791379362.368 336284
1791379362.421 336284
1791379362.475 336284
1791379362.530 336284
1791379362.585 336284
1791379362.639 336284
1791379362.694 336284
1791379362.749 336284
1791379362.804 336284
1791379362.858 336284
1791379362.913 336284
1791379362.968 336284
1791379363.023 336284
1791379363.078 336284
1791379363.133 336284
1791379363.187 336284
1791379363.241 336284
1791379363.292 336284
1791379363.347 336284
1791379363.402 336284
1791379363.456 336284
1791379363.512 336284
1791379363.566 336284
1791379363.621 336284
1791379363.676 336284
1791379363.731 336284
1791379363.786 336284
1791379363.840 336284
1791379363.895 336284
1791379363.950 336284
1791379364.004 336284
1791379364.059 336284
1791379364.114 336284
1791379364.169 336284
1791379364.224 336284
1791379364.278 336284
1791379364.333 336284
1791379364.388 336284
1791379364.443 336284
1791379364.497 336284
1791379364.552 336284
1791379364.607 336284
1791379364.662 336284
1791379364.717 336284
1791379364.771 336284
1791379364.826 336284
1791379364.881 336284
1791379364.936 336284
1791379364.990 336284
1791379365.045 336284
1791379365.100 336284
1791379365.155 336284
1791379365.210 336284
1791379365.264 336284
1791379365.319 336284
1791379365.374 336284
1791379365.428 336284
1791379365.483 336284
1791379365.538 336284
1791379365.593 336284
1791379365.647 336284
1791379365.702 336284
1791379365.757 336284
1791379365.812 336284
1791379365.867 336284
1791379365.921 336284
1791379365.976 336476
1791379366.031 336476
1791379366.085 336476
1791379366.140 336476
1791379366.195 336476
1791379366.250 336476
1791379366.304 336476
1791379366.359 336476
1791379366.413 336476
1791379366.468 336476
1791379366.523 338396
1791379366.574 342044
1791379366.626 342044
1791379366.681 342044
1791379366.736 342044
1791379366.791 342044
1791379366.846 342044
1791379366.901 342044
1791379366.956 342044
1791379367.010 342044
1791379367.066 342044
1791379367.122 342044
1791379367.177 342044
1791379367.232 342044
1791379367.287 342044
1791379367.341 342044
1791379367.396 342044
1791379367.451 342044
1791379367.506 342044
1791379367.561 342044
1791379367.616 342044
1791379367.667 342044
1791379367.722 342044
1791379367.777 342044
1791379367.832 342044
1791379367.887 342044
1791379367.942 342044
1791379367.997 342044
1791379368.052 342044
1791379368.107 342044
1791379368.162 342044
1791379368.217 342044
1791379368.272 342044
1791379368.327 342044
1791379368.386 342044
1791379368.443 342044
1791379368.498 342044
1791379368.553 342044
1791379368.608 342044
1791379368.663 342044
1791379368.718 342044
1791379368.772 342044
1791379368.827 342044
1791379368.882 342044
1791379368.937 342044
1791379368.992 342044
1791379369.047 342044
1791379369.102 342044
1791379369.157 342044
1791379369.212 342044
1791379369.267 342044
1791379369.322 342044
1791379369.377 342044
1791379369.431 342044
1791379369.486 342044
1791379369.541 342044
1791379369.596 342044
1791379369.647 342044
1791379369.702 342044
1791379369.757 342044
1791379369.811 342044
1791379369.863 342044
1791379369.917 342044
1791379369.972 342044
1791379370.028 342044
1791379370.082 342044
1791379370.137 342044
1791379370.192 342044
1791379370.247 342044
1791379370.302 342044
1791379370.356 342044
1791379370.411 342044
1791379370.466 342044
1791379370.521 342044
1791379370.576 342044
1791379370.631 342044
1791379370.686 342044
1791379370.741 342044
1791379370.795 342044
1791379370.850 342044
1791379370.905 342044
1791379370.960 342044
1791379371.015 342044
1791379371.070 342044
1791379371.125 342044
1791379371.179 342044
1791379371.234 342044
1791379371.289 342044
1791379371.344 342044
1791379371.399 342044
1791379371.453 342044
1791379371.508 342044
1791379371.563 342044
1791379371.618 342044
1791379371.673 342044
1791379371.727 342044
1791379371.782 342044
1791379371.837 342044
1791379371.891 342044
1791379371.946 342044
1791379372.001 342044
1791379372.056 342044
1791379372.110 342044
1791379372.165 342044
1791379372.220 342044
1791379372.275 342044
1791379372.330 342044
1791379372.384 342044
1791379372.439 342044
1791379372.494 342044
1791379372.549 342044
1791379372.603 342044
1791379372.658 342044
1791379372.713 342044
1791379372.768 342044
1791379372.822 342044
1791379372.877 342044
1791379372.932 342044
1791379372.987 342044
1791379373.042 342044
1791379373.096 342044
1791379373.151 342044
1791379373.206 342044
1791379373.260 342044
1791379373.313 342044
1791379373.368 342044
1791379373.423 342044
1791379373.478 342044
1791379373.532 342044
1791379373.583 342044
1791379373.638 342044
1791379373.693 342044
1791379373.748 342044
1791379373.802 342044
1791379373.857 342044
1791379373.912 342044
1791379373.966 342044
1791379374.021 342044
1791379374.076 342044
1791379374.131 342044
1791379374.185 342044
1791379374.240 342044
1791379374.295 342044
1791379374.350 342044
1791379374.404 342044
1791379374.459 342044
1791379374.514 342044
1791379374.569 342044
1791379374.624 342044
1791379374.678 342044
1791379374.733 342044
1791379374.788 342044
1791379374.842 342044
1791379374.898 342044
1791379374.953 342044
1791379375.008 342044
1791379375.063 342044
1791379375.117 342044
1791379375.172 342044
1791379375.227 342044
1791379375.282 342044
1791379375.337 342044
1791379375.392 342044
1791379375.446 342044
1791379375.501 342044
1791379375.556 342044
1791379375.611 342044
1791379375.665 342044
1791379375.720 342044
1791379375.775 342044
1791379375.830 342044
1791379375.882 342044
1791379375.936 342044
1791379375.991 342044
1791379376.046 342044
1791379376.101 342044
1791379376.156 342044
1791379376.210 342236
1791379376.265 342236
1791379376.320 342236
1791379376.375 342236
1791379376.430 342236
1791379376.485 342236
1791379376.539 342236
1791379376.594 342236
1791379376.649 342236
1791379376.704 342236
1791379376.759 342236
1791379376.814 342236
1791379376.868 342236
1791379376.923 342236
1791379376.978 342236
1791379377.033 342236
1791379377.088 342236
1791379377.143 342236
1791379377.198 342236
1791379377.253 342236
1791379377.307 342236
1791379377.362 342236
1791379377.417 342236
1791379377.472 342236
1791379377.527 342236
1791379377.582 342236
1791379377.635 342236
1791379377.687 342236
1791379377.742 342236
1791379377.796 342236
1791379377.851 342236
1791379377.906 342236
1791379377.961 342236
1791379378.016 342236
1791379378.071 342236
1791379378.125 342236
1791379378.180 342236
1791379378.235 342236
1791379378.290 342236
1791379378.344 342236
1791379378.399 342236
1791379378.454 342236
1791379378.508 342236
1791379378.563 342236
1791379378.618 342236
1791379378.673 342236
1791379378.728 342236
1791379378.782 342236
1791379378.837 342236
1791379378.892 342236
1791379378.947 342236
1791379379.002 342236
1791379379.057 342236
1791379379.112 342236
1791379379.167 342236
1791379379.222 342236
1791379379.277 342236
1791379379.332 342236
1791379379.387 342236
1791379379.441 342236
1791379379.496 342236
1791379379.551 342236
1791379379.606 342236
1791379379.661 342236
1791379379.716 342236
1791379379.770 342236
1791379379.825 342236
1791379379.880 342236
1791379379.935 342236
1791379379.990 342236
1791379380.045 342236
1791379380.100 342236
1791379380.155 342236
1791379380.210 342236
1791379380.265 342236
1791379380.319 342236
1791379380.374 342236
1791379380.429 342236
1791379380.484 342236
1791379380.539 342236
1791379380.590 342236
1791379380.642 342236
1791379380.696 342236
1791379380.751 342236
1791379380.806 342236
1791379380.861 342236
1791379380.916 342236
1791379380.971 342236
1791379381.025 342236
1791379381.080 342236
1791379381.131 342236
1791379381.186 342236
1791379381.241 342236
1791379381.296 342236
1791379381.351 342236
1791379381.406 342236
1791379381.461 342236
1791379381.515 342236
1791379381.570 342236
1791379381.625 342236
1791379381.680 342236
1791379381.735 342236
1791379381.789 342236
1791379381.844 342236
1791379381.899 342236
1791379381.954 342236
1791379382.010 342236
1791379382.064 342236
1791379382.119 342236
1791379382.174 342236
1791379382.229 342236
1791379382.284 342236
1791379382.339 342236
1791379382.393 342236
1791379382.448 342236
1791379382.503 342236
1791379382.558 342236
1791379382.613 342236
1791379382.668 342236
1791379382.722 342236
1791379382.777 342236
1791379382.832 342236
1791379382.887 342236
1791379382.942 342236
1791379382.997 342236
1791379383.051 342236
1791379383.106 342236
1791379383.161 342236
1791379383.216 342236
1791379383.271 342236
1791379383.326 342236
1791379383.378 342236
1791379383.433 342236
1791379383.488 342236
1791379383.543 342236
1791379383.598 342236
1791379383.653 342236
1791379383.708 342236
1791379383.763 342236
1791379383.817 342236
1791379383.872 342236
1791379383.927 342236
1791379383.982 342236
1791379384.037 342236
1791379384.092 342236
1791379384.147 342236
1791379384.202 342236
1791379384.256 342236
1791379384.311 342236
1791379384.366 342236
1791379384.421 342236
1791379384.476 342236
1791379384.531 342236
1791379384.586 342236
1791379384.640 342236
1791379384.695 342236
1791379384.750 342236
1791379384.805 342236
1791379384.860 342236
1791379384.915 342236
1791379384.970 342236
1791379385.024 342236
1791379385.079 342236
1791379385.134 342236
1791379385.189 342236
1791379385.244 342236
1791379385.299 342236
1791379385.353 342236
1791379385.408 342236
1791379385.463 342236
1791379385.518 342236
1791379385.573 342236
1791379385.628 342236
1791379385.682 342236
1791379385.737 342236
1791379385.792 342236
1791379385.847 342236
1791379385.902 342236
1791379385.957 342236
1791379386.011 342428
1791379386.066 342428
1791379386.120 342428
1791379386.175 342428
1791379386.230 342620
1791379386.285 342620
1791379386.340 342620
1791379386.395 342620
1791379386.450 342620
1791379386.505 342620
1791379386.559 342620
1791379386.614 342620
1791379386.669 342620
1791379386.724 342620
1791379386.779 342620
1791379386.834 342620
1791379386.889 342620
1791379386.944 342620
1791379386.999 342620
1791379387.053 342620
1791379387.108 342620
1791379387.163 342620
1791379387.218 342620
1791379387.273 342620
1791379387.328 342620
1791379387.383 342620
1791379387.438 342620
1791379387.493 342620
1791379387.548 342620
1791379387.603 342620
1791379387.655 342620
1791379387.707 342620
1791379387.762 342620
1791379387.817 342620
1791379387.872 342620
1791379387.927 342620
1791379387.982 342620
1791379388.037 342620
1791379388.092 342620
1791379388.147 342620
1791379388.202 342620
1791379388.257 342620
1791379388.312 342620
1791379388.367 342620
1791379388.420 342620
1791379388.475 342620
1791379388.530 342620
1791379388.585 342620
1791379388.640 342620
1791379388.695 342620
1791379388.750 342620
1791379388.805 342620
1791379388.860 342620
1791379388.915 342620
1791379388.970 342620
1791379389.025 342620
1791379389.080 342620
1791379389.135 342620
1791379389.190 342620
1791379389.244 342620
1791379389.299 342620
1791379389.354 342620
1791379389.409 342620
1791379389.464 342620
1791379389.519 342620
1791379389.574 342620
1791379389.629 342620
1791379389.684 342620
1791379389.739 342620
1791379389.793 342620
1791379389.848 342620
1791379389.903 342620
1791379389.958 342620
1791379390.013 342620
1791379390.066 342620
1791379390.121 342620
1791379390.176 342620
1791379390.231 342620
1791379390.286 342620
1791379390.341 342620
1791379390.396 342620
1791379390.451 342620
1791379390.506 342620
1791379390.561 342620
1791379390.616 342620
1791379390.671 342620
1791379390.726 342620
1791379390.781 342620
1791379390.836 342620
1791379390.890 342620
1791379390.945 342620
1791379391.000 342620
1791379391.056 342620
1791379391.111 342620
1791379391.166 342620
1791379391.221 342620
1791379391.276 342620
1791379391.331 342620
1791379391.386 342620
1791379391.441 342620
1791379391.496 342620
1791379391.551 342620
1791379391.605 342620
1791379391.660 342620
1791379391.715 342620
1791379391.770 342620
1791379391.825 342620
1791379391.880 342620
1791379391.935 342620
1791379391.986 342620
1791379392.041 342620
1791379392.096 342620
1791379392.151 342620
1791379392.206 342620
1791379392.261 342620
1791379392.316 342620
1791379392.371 342620
1791379392.426 342620
1791379392.481 342620
1791379392.536 342620
1791379392.591 342620
1791379392.646 342620
1791379392.700 342620
1791379392.755 342620
1791379392.810 342620
1791379392.865 342620
1791379392.920 342620
1791379392.975 342620
1791379393.030 342620
1791379393.085 342620
1791379393.140 342620
1791379393.195 342620
1791379393.250 342620
1791379393.305 342620
1791379393.360 342620
1791379393.411 342620
1791379393.466 342620
1791379393.521 342620
1791379393.576 342620
1791379393.631 342620
1791379393.686 342620
1791379393.741 342620
1791379393.796 342620
1791379393.851 342620
1791379393.906 342620
1791379393.961 342620
1791379394.016 342620
1791379394.071 342620
1791379394.126 342620
1791379394.180 342620
1791379394.233 342620
1791379394.288 342620
1791379394.343 342620
1791379394.398 342620
1791379394.453 342620
1791379394.508 342620
1791379394.563 342620
1791379394.618 342620
1791379394.673 342620
1791379394.727 342620
1791379394.782 342620
1791379394.837 342620
1791379394.892 342620
1791379394.947 342620
1791379395.002 342620
1791379395.057 342620
1791379395.112 342620
1791379395.167 342620
1791379395.222 342620
1791379395.277 342620
1791379395.332 342620
1791379395.387 342620
1791379395.441 342620
1791379395.496 342620
1791379395.551 342620
1791379395.607 342620
1791379395.662 342620
1791379395.717 342620
1791379395.772 342620
1791379395.827 342620
1791379395.882 342620
1791379395.937 342620
1791379395.992 342620
1791379396.047 342620
1791379396.102 342620
1791379396.157 342620
1791379396.212 342620
1791379396.267 342620
1791379396.322 342620
1791379396.377 342620
1791379396.432 342620
1791379396.487 342620
1791379396.542 342620
1791379396.597 342620
1791379396.652 342812
1791379396.706 343004
1791379396.760 343004
1791379396.814 343004
1791379396.868 343004
1791379396.922 343004
1791379396.976 343004
1791379397.030 343004
1791379397.084 343004
1791379397.138 343004
1791379397.192 343004
1791379397.246 343004
1791379397.300 343004
1791379397.355 343004
1791379397.409 343004
1791379397.463 343004
1791379397.517 343004
1791379397.571 343004
1791379397.624 343004
1791379397.676 343004
1791379397.730 343004
1791379397.784 343004
1791379397.838 343004
1791379397.892 343004
1791379397.946 343004
1791379398.000 343004
1791379398.054 343004
1791379398.108 343004
1791379398.162 343004
1791379398.216 343004
1791379398.270 343004
1791379398.324 343004
1791379398.378 343004
1791379398.431 343004
1791379398.485 343004
1791379398.538 343004
1791379398.592 343004
1791379398.646 343004
1791379398.700 343004
1791379398.754 343004
1791379398.808 343004
1791379398.862 343004
1791379398.916 343004
1791379398.970 343004
1791379399.024 343004
1791379399.078 343004
1791379399.132 343004
1791379399.186 343004
1791379399.240 343004
1791379399.294 343004
1791379399.348 343004
1791379399.402 343004
1791379399.456 343004
1791379399.510 343004
1791379399.564 343004
1791379399.618 343004
1791379399.672 343004
1791379399.726 343004
1791379399.780 343004
1791379399.834 343004
1791379399.887 343004
1791379399.941 343004
1791379399.995 343004
1791379400.049 343004
1791379400.103 343004
1791379400.157 343004
1791379400.211 343004
1791379400.265 343004
1791379400.319 343004
1791379400.373 343004
1791379400.427 343004
1791379400.481 343004
1791379400.535 343004
1791379400.589 343004
1791379400.643 343004
1791379400.697 343004
1791379400.751 343004
1791379400.805 343004
1791379400.859 343004
1791379400.913 343004
1791379400.967 343004
1791379401.021 343004
1791379401.074 343004
1791379401.127 343004
1791379401.181 343004
1791379401.235 343004
1791379401.289 343004
1791379401.343 343004
1791379401.397 343004
1791379401.451 343004
1791379401.505 343004
1791379401.558 343004
1791379401.612 343004
1791379401.666 343004
1791379401.720 343004
1791379401.774 343004
1791379401.828 343004
1791379401.882 343004
1791379401.936 343004
1791379401.990 343004
1791379402.044 343004
1791379402.098 343004
1791379402.152 343004
1791379402.206 343004
1791379402.260 343004
1791379402.314 343004
1791379402.368 343004
1791379402.422 343004
1791379402.476 343004
1791379402.530 343004
1791379402.584 343004
1791379402.638 343004
1791379402.691 343004
1791379402.745 343004
1791379402.799 343004
1791379402.853 343004
1791379402.907 343004
1791379402.961 343004
1791379403.015 343004
1791379403.069 343004
1791379403.123 343004
1791379403.177 343004
1791379403.231 343004
1791379403.285 343004
1791379403.339 343004
1791379403.393 343004
1791379403.447 343004
1791379403.501 343004
1791379403.555 343004
1791379403.609 343004
1791379403.663 343004
1791379403.717 343004
1791379403.771 343004
1791379403.825 343004
1791379403.879 343004
1791379403.933 343004
1791379403.987 343004
1791379404.041 343004
1791379404.095 343004
1791379404.149 343004
1791379404.203 343004
1791379404.256 343004
1791379404.310 343004
1791379404.364 343004
1791379404.418 343004
1791379404.472 343004
1791379404.526 343004
1791379404.580 343004
1791379404.634 343004
1791379404.688 343004
1791379404.742 343004
1791379404.796 343004
1791379404.850 343004
1791379404.904 343004
1791379404.958 343004
1791379405.012 343004
1791379405.065 343004
1791379405.119 343004
1791379405.173 343004
1791379405.226 343004
1791379405.279 343004
1791379405.333 343004
1791379405.387 343004
1791379405.442 343004
1791379405.496 343004
1791379405.549 343004
1791379405.603 343004
1791379405.657 343004
1791379405.711 343004
1791379405.765 343004
1791379405.819 343004
1791379405.873 343004
1791379405.927 343004
1791379405.981 343004
1791379406.035 343004
1791379406.089 343004
1791379406.150 343004
1791379406.204 343004
1791379406.258 343004
1791379406.312 343004
1791379406.366 343004
1791379406.421 343004
1791379406.475 343004
1791379406.529 343004
1791379406.583 343004
1791379406.637 343004
1791379406.691 343004
1791379406.745 343004
1791379406.799 343004
1791379406.853 343004
1791379406.907 343004
1791379406.961 343004
1791379407.015 343004
1791379407.069 343004
1791379407.123 343004
1791379407.177 343004
1791379407.231 343004
1791379407.285 343004
1791379407.339 343004
1791379407.393 343004
1791379407.447 343004
1791379407.501 343004
1791379407.555 343004
1791379407.609 343004
1791379407.661 343004
1791379407.713 343004
1791379407.767 343004
1791379407.821 343004
1791379407.875 343004
1791379407.929 343004
1791379407.983 343004
1791379408.037 343004
1791379408.091 343004
1791379408.145 343004
1791379408.199 343004
1791379408.253 343004
1791379408.307 343004
1791379408.360 343004
1791379408.414 343004
1791379408.468 343004
1791379408.522 343004
1791379408.576 343004
1791379408.630 343004
1791379408.684 343004
1791379408.738 343004
1791379408.792 343004
1791379408.843 343004
1791379408.897 343004
1791379408.951 343004
1791379409.005 343004
1791379409.059 343004
1791379409.113 343004
1791379409.167 343004
1791379409.221 343004
1791379409.275 343004
1791379409.329 343004
1791379409.383 343004
1791379409.437 343004
1791379409.491 343004
1791379409.545 343004
1791379409.599 343004
1791379409.653 343004
1791379409.707 343004
1791379409.761 343004
1791379409.815 343004
1791379409.869 343004
1791379409.924 343004
1791379409.978 343004
1791379410.032 343004
1791379410.086 343004
1791379410.140 343004
1791379410.194 343004
1791379410.248 343004
1791379410.302 343004
1791379410.356 343004
1791379410.410 343004
1791379410.464 343004
1791379410.518 343004
1791379410.572 343004
1791379410.626 343004
1791379410.680 343004
1791379410.734 343004
1791379410.788 343004
1791379410.842 343004
1791379410.896 343004
1791379410.950 343004
1791379411.004 343004
1791379411.058 343004
1791379411.112 343004
1791379411.166 343004
1791379411.220 343004
1791379411.274 343004
1791379411.328 343004
1791379411.382 343004
1791379411.436 343004
1791379411.490 343004
1791379411.544 343004
1791379411.598 343004
1791379411.652 343004
1791379411.706 343004
1791379411.760 343004
1791379411.814 343004
1791379411.868 343004
1791379411.922 343004
1791379411.976 343004
1791379412.030 343004
1791379412.084 343004
1791379412.138 343004
1791379412.192 343004
1791379412.246 343004
1791379412.300 343004
1791379412.355 343004
1791379412.409 343004
1791379412.463 343004
1791379412.517 343004
1791379412.571 343004
1791379412.625 343004
1791379412.679 343004
1791379412.733 343004
1791379412.787 343004
1791379412.841 343004
1791379412.895 343004
1791379412.949 343004
1791379413.003 343004
1791379413.057 343004
1791379413.111 343004
1791379413.165 343004
1791379413.219 343004
1791379413.273 343004
1791379413.327 343004
1791379413.381 343004
1791379413.435 343004
1791379413.489 343004
1791379413.542 343004
1791379413.596 343004
1791379413.650 343004
1791379413.705 343004
1791379413.759 343004
1791379413.813 343004
1791379413.867 343004
1791379413.921 343004
1791379413.975 343004
1791379414.029 343004
1791379414.083 343004
1791379414.137 343004
1791379414.191 343004
1791379414.245 343004
1791379414.299 343004
1791379414.353 343004
1791379414.407 343004
1791379414.461 343004
1791379414.515 343004
1791379414.569 343004
1791379414.623 343004
1791379414.677 343004
1791379414.731 343004
1791379414.785 343004
1791379414.839 343004
1791379414.893 343004
1791379414.947 343004
1791379415.001 343004
1791379415.055 343004
1791379415.109 343004
1791379415.163 343004
1791379415.217 343004
1791379415.272 343004
1791379415.326 343004
1791379415.380 343004
1791379415.434 343004
1791379415.488 343004
1791379415.542 343004
1791379415.596 343004
1791379415.650 343004
1791379415.704 343004
1791379415.758 343004
1791379415.812 343004
1791379415.866 343004
1791379415.920 343004
1791379415.974 343004
1791379416.028 343004
1791379416.082 343004
1791379416.136 343004
1791379416.190 343004
1791379416.244 343004
1791379416.298 343004
1791379416.352 343004
1791379416.406 343004
1791379416.460 343004
1791379416.514 343004
1791379416.568 343004
1791379416.622 343004
1791379416.676 343004
1791379416.730 343004
1791379416.784 343004
1791379416.838 343004
1791379416.892 343004
1791379416.946 343004
1791379417.000 343004
1791379417.054 343004
1791379417.108 343004
1791379417.160 343004
1791379417.214 343004
1791379417.268 343004
1791379417.322 343004
1791379417.376 343004
1791379417.427 343004
1791379417.481 343004
1791379417.535 343004
1791379417.590 343004
1791379417.643 343004
1791379417.695 343004
1791379417.748 343004
1791379417.802 343004
1791379417.856 343004
1791379417.910 343004
1791379417.961 343004
1791379418.015 343004
1791379418.069 343004
1791379418.124 343004
1791379418.178 343004
1791379418.232 343004
1791379418.286 343004
1791379418.340 343004
1791379418.394 343004
1791379418.448 343004
1791379418.502 343004
1791379418.553 343004
1791379418.607 343004
1791379418.661 343004
1791379418.715 343004
1791379418.769 343004
1791379418.823 343004
1791379418.877 343004
1791379418.931 343004
1791379418.985 343004
1791379419.039 343004
1791379419.093 343004
1791379419.147 343004
1791379419.201 343004
1791379419.255 343004
1791379419.309 343004
1791379419.363 343004
1791379419.417 343004
1791379419.471 343004
1791379419.525 343004
1791379419.579 343004
1791379419.633 343004
1791379419.687 343004
1791379419.741 343004
1791379419.795 343004
1791379419.850 343004
1791379419.904 343004
1791379419.958 343004
1791379420.012 343004
1791379420.066 343004
1791379420.120 343004
1791379420.174 343004
1791379420.228 343004
1791379420.282 343004
1791379420.336 343004
1791379420.390 343004
1791379420.444 343004
1791379420.498 343004
1791379420.552 343004
1791379420.606 343004
1791379420.661 343004
1791379420.715 343004
1791379420.769 343004
1791379420.823 343004
1791379420.877 343004
1791379420.931 343004
1791379420.985 343004
1791379421.039 343004
1791379421.093 343004
1791379421.147 343004
1791379421.201 343004
1791379421.255 343004
1791379421.309 343004
1791379421.363 343004
1791379421.417 343004
1791379421.471 343004
1791379421.525 343004
1791379421.579 343004
1791379421.633 343004
1791379421.687 343004
1791379421.741 343004
1791379421.795 343004
1791379421.850 343004
1791379421.904 343004
1791379421.958 343004
1791379422.012 343004
1791379422.066 343004
1791379422.120 343004
1791379422.174 343004
1791379422.228 343004
1791379422.282 343004
1791379422.336 343004
1791379422.390 343004
1791379422.444 343004
1791379422.498 343004
1791379422.552 343004
1791379422.606 343004
1791379422.661 343004
1791379422.715 343004
1791379422.769 343004
1791379422.824 343004
1791379422.878 343004
1791379422.932 343004
1791379422.986 343004
1791379423.040 343004
1791379423.094 343004
1791379423.148 343004
1791379423.202 343004
1791379423.256 343004
1791379423.310 343004
1791379423.364 343004
1791379423.418 343004
1791379423.472 343004
1791379423.526 343004
1791379423.577 343004
1791379423.631 343004
1791379423.685 343004
1791379423.739 343004
1791379423.793 343004
1791379423.847 343004
1791379423.901 343004
1791379423.955 343004
1791379424.009 343004
1791379424.064 343004
1791379424.118 343004
1791379424.172 343004
1791379424.226 343004
1791379424.280 343004
1791379424.334 343004
1791379424.388 343004
1791379424.442 343004
1791379424.496 343004
1791379424.550 343004
1791379424.604 343004
1791379424.658 343004
1791379424.712 343004
1791379424.766 343004
1791379424.820 343004
1791379424.872 343004
1791379424.923 343004
1791379424.974 343004
1791379425.026 343004
1791379425.078 343004
1791379425.132 343004
1791379425.186 343004
1791379425.240 343004
1791379425.294 343004
1791379425.348 343004
1791379425.402 343004
1791379425.456 343004
1791379425.510 343004
1791379425.564 343004
1791379425.618 343004
1791379425.673 343004
1791379425.727 343004
1791379425.781 343004
1791379425.835 343004
1791379425.889 343004
1791379425.943 343004
1791379425.997 343004
1791379426.051 343004
1791379426.105 343004
1791379426.159 343004
1791379426.213 343004
1791379426.267 343004
1791379426.321 343004
1791379426.375 343004
1791379426.429 343004
1791379426.483 343004
1791379426.538 343004
1791379426.592 343004
1791379426.646 343004
1791379426.700 343004
1791379426.754 343004
1791379426.808 343004
1791379426.862 343004
1791379426.916 343004
1791379426.970 343004
1791379427.024 343004
1791379427.078 343004
1791379427.130 343004
1791379427.184 343004
1791379427.238 343004
1791379427.293 343004
1791379427.347 343004
1791379427.401 343004
1791379427.455 343004
1791379427.509 343004
1791379427.563 343004
1791379427.617 343004
1791379427.671 343004
1791379427.722 343004
1791379427.776 343004
1791379427.830 343004
1791379427.884 343004
1791379427.938 343004
1791379427.993 343004
1791379428.047 343004
1791379428.101 343004
1791379428.155 343004
1791379428.209 343004
1791379428.263 343004
1791379428.317 343004
1791379428.371 343004
1791379428.425 343004
1791379428.479 343004
1791379428.533 343004
1791379428.587 343004
1791379428.642 343004
1791379428.696 343004
1791379428.750 343004
1791379428.804 343004
1791379428.858 343004
1791379428.912 343004
1791379428.966 343004
1791379429.020 343004
1791379429.075 343004
1791379429.129 343004
1791379429.183 343004
1791379429.237 343004
1791379429.291 343004
1791379429.345 343004
1791379429.399 343004
1791379429.453 343004
1791379429.507 343004
1791379429.561 343004
1791379429.615 343004
1791379429.669 343004
1791379429.723 343004
1791379429.777 343004
1791379429.831 343004
1791379429.885 343004
1791379429.939 343004
1791379429.993 343004
1791379430.047 343004
1791379430.101 343004
1791379430.155 343004
1791379430.209 343004
1791379430.263 343004
1791379430.317 343004
1791379430.372 343004
1791379430.426 343004
1791379430.480 343004
1791379430.534 343004
1791379430.588 343004
1791379430.642 343004
1791379430.696 343004
1791379430.750 343004
1791379430.804 343004
1791379430.858 343004
1791379430.912 343004
1791379430.966 343004
1791379431.020 343004
1791379431.074 343004
1791379431.128 343004
1791379431.182 343004
1791379431.236 343004
1791379431.290 343004
1791379431.344 343004
1791379431.398 343004
1791379431.452 343004
1791379431.506 343004
1791379431.560 343004
1791379431.614 343004
1791379431.668 343004
1791379431.722 343004
1791379431.776 343004
1791379431.830 343004
1791379431.884 343004
1791379431.938 343004
1791379431.992 343004
1791379432.047 343004
1791379432.101 343004
1791379432.155 343004
1791379432.209 343004
1791379432.263 343004
1791379432.317 343004
1791379432.371 343004
1791379432.425 343004
1791379432.479 343004
1791379432.533 343004
1791379432.587 343004
1791379432.641 343004
1791379432.695 343004
1791379432.749 343004
1791379432.803 343004
1791379432.857 343004
1791379432.911 343004
1791379432.965 343004
1791379433.019 343004
1791379433.073 343004
1791379433.127 343004
1791379433.181 343004
1791379433.235 343004
1791379433.289 343004
1791379433.343 343004
1791379433.397 343004
1791379433.451 343004
1791379433.505 343004
1791379433.559 343004
1791379433.613 343004
1791379433.667 343004
1791379433.721 343004
1791379433.775 343004
1791379433.829 343004
1791379433.883 343004
1791379433.937 343004
1791379433.991 343004
1791379434.045 343004
1791379434.099 343004
1791379434.153 343004
1791379434.207 343004
1791379434.261 343004
1791379434.315 343004
1791379434.369 343004
1791379434.423 343004
1791379434.477 343004
1791379434.531 343004
1791379434.585 343004
1791379434.639 343004
1791379434.693 343004
1791379434.748 343004
1791379434.802 343004
1791379434.856 343004
1791379434.910 343004
1791379434.964 343004
1791379435.018 343004
1791379435.072 343004
1791379435.126 343004
1791379435.180 343004
1791379435.234 343004
1791379435.288 343004
1791379435.342 343004
1791379435.396 343004
1791379435.450 343004
1791379435.504 343004
1791379435.558 343004
1791379435.612 343004
1791379435.666 343004
1791379435.720 343004
1791379435.774 343004
1791379435.829 343004
1791379435.880 343004
1791379435.934 343004
1791379435.988 343004
1791379436.042 343004
1791379436.096 343004
1791379436.150 343004
1791379436.204 343004
1791379436.258 343004
1791379436.312 343004
1791379436.366 343004
1791379436.420 343004
1791379436.474 343004
1791379436.528 343004
1791379436.582 343004
1791379436.636 343004
1791379436.690 343004
1791379436.744 343004
1791379436.798 343004
1791379436.852 343004
1791379436.906 343004
1791379436.960 343004
1791379437.014 343004
1791379437.069 343004
1791379437.123 343004
1791379437.177 343004
1791379437.231 343004
1791379437.285 343004
1791379437.339 343004
1791379437.393 343004
1791379437.447 343004
1791379437.501 343004
1791379437.555 343004
1791379437.609 343004
1791379437.663 343004
1791379437.714 343004
1791379437.768 343004
1791379437.822 343004
1791379437.876 343004
1791379437.930 343004
1791379437.984 343004
1791379438.038 343004
1791379438.092 343004
1791379438.146 343004
1791379438.200 343004
1791379438.254 343004
1791379438.308 343004
1791379438.362 343004
1791379438.416 343004
1791379438.470 343004
1791379438.524 343004
1791379438.578 343004
1791379438.632 343004
1791379438.686 343004
1791379438.740 343004
1791379438.795 343004
1791379438.849 343004
1791379438.903 343004
1791379438.957 343004
1791379439.011 343004
1791379439.065 343004
1791379439.119 343004
1791379439.174 343004
1791379439.229 343004
1791379439.283 343004
1791379439.337 343004
1791379439.391 343004
1791379439.445 343004
1791379439.499 343004
1791379439.553 343004
1791379439.607 343004
1791379439.661 343004
1791379439.715 343004
1791379439.769 343004
1791379439.823 343004
1791379439.877 343004
1791379439.931 343004
1791379439.985 343004
1791379440.039 343004
1791379440.093 343004
1791379440.147 343004
1791379440.201 343004
1791379440.255 343004
1791379440.309 343004
1791379440.363 343004
1791379440.417 343004
1791379440.471 343004
1791379440.525 343004
1791379440.579 343004
1791379440.633 343004
1791379440.685 343004
1791379440.738 343004
1791379440.798 343004
1791379440.852 343004
1791379440.907 343004
1791379440.961 343004
1791379441.015 343004
1791379441.069 343004
1791379441.121 343004
1791379441.176 343004
1791379441.230 343004
1791379441.284 343004
1791379441.338 343004
1791379441.392 343004
1791379441.447 343004
1791379441.501 343004
1791379441.555 343004
1791379441.609 343004
1791379441.663 343004
1791379441.717 343004
1791379441.771 343004
1791379441.825 343004
1791379441.879 343004
1791379441.933 343004
1791379441.987 343004
1791379442.041 343004
1791379442.095 343004
1791379442.149 343004
1791379442.203 343004
1791379442.257 343004
1791379442.311 343004
1791379442.365 343004
1791379442.419 343004
1791379442.473 343004
1791379442.527 343004
1791379442.581 343004
1791379442.635 343004
1791379442.689 343004
1791379442.743 343004
1791379442.797 343004
1791379442.851 343004
1791379442.905 343004
1791379442.959 343004
1791379443.013 343004
1791379443.067 343004
1791379443.121 343004
1791379443.175 343004
1791379443.229 343004
1791379443.283 343004
1791379443.337 343004
1791379443.391 343004
1791379443.445 343004
1791379443.499 343004
1791379443.553 343004
1791379443.607 343004
1791379443.661 343004
1791379443.715 343004
1791379443.769 343004
1791379443.823 343004
1791379443.877 343004
1791379443.931 343004
1791379443.985 343004
1791379444.039 343004
1791379444.093 343004
1791379444.147 343004
1791379444.201 343004
1791379444.255 343004
1791379444.309 343004
1791379444.363 343004
1791379444.417 343004
1791379444.471 343004
1791379444.525 343004
1791379444.579 343004
1791379444.633 343004
1791379444.687 343004
1791379444.741 343004
1791379444.795 343004
1791379444.849 343004
1791379444.904 343004
1791379444.958 343004
1791379445.012 343004
1791379445.066 343004
1791379445.120 343004
1791379445.174 343004
1791379445.228 343004
1791379445.282 343004
1791379445.336 343004
1791379445.390 343004
1791379445.444 343004
1791379445.498 343004
1791379445.552 343004
1791379445.606 343004
1791379445.660 343004
1791379445.714 343004
1791379445.768 343004
1791379445.822 343004
1791379445.876 343004
1791379445.930 343004
1791379445.984 343004
1791379446.038 343004
1791379446.089 343004
1791379446.142 343004
1791379446.196 343004
1791379446.250 343004
1791379446.304 343004
1791379446.358 343004
1791379446.412 343004
1791379446.466 343004
1791379446.520 343004
1791379446.574 343004
1791379446.628 343004
1791379446.682 343004
1791379446.736 343004
1791379446.790 343004
1791379446.844 343004
1791379446.898 343004
1791379446.952 343004
1791379447.006 343004
1791379447.060 343004
1791379447.114 343004
1791379447.168 343004
1791379447.223 343004
1791379447.277 343004
1791379447.331 343004
1791379447.385 343004
1791379447.439 343004
1791379447.493 343004
1791379447.547 343004
1791379447.601 343004
1791379447.655 343004
1791379447.707 343004
1791379447.759 343004
1791379447.813 343004
1791379447.867 343004
1791379447.921 343004
1791379447.975 343004
1791379448.029 343004
1791379448.083 343004
1791379448.137 343004
1791379448.191 343004
1791379448.245 343004
1791379448.299 343004
1791379448.353 343004
1791379448.407 343004
1791379448.461 343004
1791379448.515 343004
1791379448.569 343004
1791379448.623 343004
1791379448.677 343004
1791379448.731 343004
1791379448.785 343004
1791379448.839 343004
1791379448.893 343004
1791379448.947 343004
1791379449.002 343004
1791379449.055 343004
1791379449.110 343004
1791379449.164 343004
1791379449.218 343004
1791379449.272 343004
1791379449.326 343004
1791379449.380 343004
1791379449.434 343004
1791379449.488 343004
1791379449.542 343004
1791379449.596 343004
1791379449.650 343004
1791379449.704 343004
1791379449.758 343004
1791379449.812 343004
1791379449.866 343004
1791379449.920 343004
1791379449.974 343004
1791379450.028 343004
1791379450.082 343004
1791379450.137 343004
1791379450.191 343004
1791379450.245 343004
1791379450.299 343004
1791379450.353 343004
1791379450.407 343004
1791379450.461 343004
1791379450.515 343004
1791379450.569 343004
1791379450.623 343004
1791379450.677 343004
1791379450.731 343004
1791379450.785 343004
1791379450.839 343004
1791379450.893 343004
1791379450.947 343004
1791379451.001 343004
1791379451.055 343004
1791379451.109 343004
1791379451.163 343004
1791379451.217 343004
1791379451.271 343004
1791379451.325 343004
1791379451.379 343004
1791379451.433 343004
1791379451.487 343004
1791379451.541 343004
1791379451.595 343004
1791379451.649 343004
1791379451.703 343004
1791379451.757 343004
1791379451.811 343004
1791379451.865 343004
1791379451.920 343004
1791379451.974 343004
1791379452.028 343004
1791379452.082 343004
1791379452.136 343004
1791379452.190 343004
1791379452.245 343004
1791379452.299 343004
1791379452.353 343004
1791379452.407 343004
1791379452.461 343004
1791379452.515 343004
1791379452.569 343004
1791379452.623 343004
1791379452.676 343004
1791379452.730 343004
1791379452.784 343004
1791379452.838 343004
1791379452.892 343004
1791379452.946 343004
1791379453.000 343004
1791379453.054 343004
1791379453.109 343004
1791379453.163 343004
1791379453.217 343004
1791379453.271 343004
1791379453.325 343004
1791379453.379 343004
1791379453.433 343004
1791379453.487 343004
1791379453.541 343004
1791379453.595 343004
1791379453.650 343004
1791379453.704 343004
1791379453.758 343004
1791379453.812 343004
1791379453.866 343004
1791379453.920 343004
1791379453.974 343004
1791379454.028 343004
1791379454.082 343004
1791379454.136 343004
1791379454.190 343004
1791379454.244 343004
1791379454.298 343004
1791379454.352 343004
1791379454.406 343004
1791379454.460 343004
1791379454.514 343004
1791379454.568 343004
1791379454.622 343004
1791379454.677 343004
1791379454.731 343004
1791379454.785 343004
1791379454.839 343004
1791379454.893 343004
1791379454.947 343004
1791379455.001 343004
1791379455.056 343004
1791379455.110 343004
1791379455.164 343004
1791379455.218 343004
1791379455.272 343004
1791379455.326 343004
1791379455.380 343004
1791379455.434 343004
1791379455.488 343004
1791379455.542 343004
1791379455.596 343004
1791379455.650 343004
1791379455.704 343004
1791379455.758 343004
1791379455.812 343004
1791379455.866 343004
1791379455.920 343004
1791379455.974 343004
1791379456.028 343004
1791379456.082 343004
1791379456.136 343004
1791379456.190 343004
1791379456.245 343004
1791379456.299 343004
1791379456.353 343004
1791379456.407 343004
1791379456.461 343004
1791379456.515 343004
1791379456.569 343004
1791379456.623 343004
1791379456.677 343004
1791379456.731 343004
1791379456.785 343004
1791379456.839 343004
1791379456.893 343004
1791379456.947 343004
1791379457.001 343004
1791379457.056 343004
1791379457.110 343004
1791379457.164 343004
1791379457.218 343004
1791379457.272 343004
1791379457.326 343004
1791379457.380 343004
1791379457.434 343004
1791379457.488 343004
1791379457.542 343004
1791379457.596 343004
1791379457.650 343004
1791379457.701 343004
1791379457.755 343004
1791379457.809 343004
1791379457.863 343004
1791379457.917 343004
1791379457.971 343004
1791379458.025 343004
1791379458.079 343004
1791379458.133 343004
1791379458.187 343004
1791379458.241 343004
1791379458.295 343004
1791379458.349 343004
1791379458.403 343004
1791379458.457 343004
1791379458.511 343004
1791379458.565 343004
1791379458.619 343004
1791379458.673 343004
1791379458.727 343004
1791379458.778 343004
1791379458.832 343004
1791379458.886 343004
1791379458.940 343004
1791379458.994 343004
1791379459.048 343004
1791379459.102 343004
1791379459.157 343004
1791379459.211 343004
1791379459.265 343004
1791379459.319 343004
1791379459.373 343004
1791379459.427 343004
1791379459.481 343004
1791379459.535 343004
1791379459.589 343004
1791379459.642 343004
1791379459.696 343004
1791379459.750 343004
1791379459.804 343004
1791379459.858 343004
1791379459.912 343004
1791379459.966 343004
1791379460.020 343004
1791379460.074 343004
1791379460.128 343004
1791379460.182 343004
1791379460.236 343004
1791379460.290 343004
1791379460.344 343004
1791379460.398 343004
1791379460.452 343004
1791379460.506 343004
1791379460.560 343004
1791379460.614 343004
1791379460.668 343004
1791379460.722 343004
1791379460.776 343004
1791379460.830 343004
1791379460.884 343004
1791379460.938 343004
1791379460.992 343004
1791379461.046 343004
1791379461.101 343004
1791379461.154 343004
1791379461.209 343004
1791379461.263 343004
1791379461.317 343004
1791379461.371 343004
1791379461.425 343004
1791379461.479 343004
1791379461.533 343004
1791379461.587 343004
1791379461.639 343004
1791379461.693 343004
1791379461.747 343004
1791379461.801 343004
1791379461.856 343004
1791379461.910 343004
1791379461.964 343004
1791379462.018 343004
1791379462.072 343004
1791379462.126 343004
1791379462.180 343004
1791379462.234 343004
1791379462.288 343004
1791379462.342 343004
1791379462.396 343004
1791379462.450 343004
1791379462.504 343004
1791379462.558 343004
1791379462.612 343004
1791379462.666 343004
1791379462.720 343004
1791379462.774 343004
1791379462.828 343004
1791379462.882 343004
1791379462.936 343004
1791379462.990 343004
1791379463.044 343004
1791379463.098 343004
1791379463.152 343004
1791379463.206 343004
1791379463.260 343004
1791379463.314 343004
1791379463.368 343004
1791379463.422 343004
1791379463.476 343004
1791379463.530 343004
1791379463.584 343004
1791379463.638 343004
1791379463.692 343004
1791379463.746 343004
1791379463.797 343004
1791379463.851 343004
1791379463.905 343004
1791379463.959 343004
1791379464.013 343004
1791379464.067 343004
1791379464.121 343004
1791379464.175 343004
1791379464.229 343004
1791379464.283 343004
1791379464.337 343004
1791379464.391 343004
1791379464.445 343004
1791379464.499 343004
1791379464.553 343004
1791379464.607 343004
1791379464.661 343004
1791379464.715 343004
1791379464.769 343004
1791379464.823 343004
1791379464.877 343004
1791379464.931 343004
1791379464.985 343004
1791379465.039 343004
1791379465.093 343004
1791379465.147 343004
1791379465.201 343004
1791379465.255 343004
1791379465.309 343004
1791379465.363 343004
1791379465.417 343004
1791379465.471 343004
1791379465.525 343004
1791379465.579 343004
1791379465.633 343004
1791379465.687 343004
1791379465.741 343004
1791379465.795 343004
1791379465.849 343004
1791379465.903 343004
1791379465.957 343004
1791379466.011 343004
1791379466.065 343004
1791379466.119 343004
1791379466.173 343004
1791379466.227 343004
1791379466.281 343004
1791379466.335 343004
1791379466.389 343004
1791379466.443 343004
1791379466.497 343004
1791379466.551 343004
1791379466.605 343004
1791379466.659 343004
1791379466.713 343004
1791379466.767 343004
1791379466.821 343004
1791379466.875 343004
1791379466.929 343004
1791379466.983 343004
1791379467.037 343004
1791379467.091 343004
1791379467.145 343004
1791379467.199 343004
1791379467.253 343004
1791379467.307 343004
1791379467.361 343004
1791379467.415 343004
1791379467.469 343004
1791379467.523 343004
1791379467.577 343004
1791379467.631 343004
1791379467.685 343004
1791379467.736 343004
1791379467.790 343004
1791379467.844 343004
1791379467.898 343004
1791379467.952 343004
1791379468.006 343004
1791379468.060 343004
1791379468.114 343004
1791379468.168 343004
1791379468.222 343004
1791379468.276 343004
1791379468.330 343004
1791379468.384 343004
1791379468.438 343004
1791379468.492 343004
1791379468.546 343004
1791379468.600 343004
1791379468.654 343004
1791379468.708 343004
1791379468.762 343004
1791379468.813 343004
1791379468.867 343004
1791379468.921 343004
1791379468.975 343004
1791379469.029 343004
1791379469.083 343004
1791379469.137 343004
1791379469.191 343004
1791379469.245 343004
1791379469.299 343004
1791379469.353 343004
1791379469.407 343004
1791379469.461 343004
1791379469.515 343004
1791379469.569 343004
1791379469.624 343004
1791379469.677 343004
1791379469.732 343004
1791379469.785 343004
1791379469.839 343004
1791379469.893 343004
1791379469.947 343004
1791379470.001 343004
1791379470.055 343004
1791379470.109 343004
1791379470.163 343004
1791379470.217 343004
1791379470.271 343004
1791379470.325 343004
1791379470.379 343004
1791379470.433 343004
1791379470.487 343004
1791379470.541 343004
1791379470.595 343004
1791379470.649 343004
1791379470.703 343004
1791379470.757 343004
1791379470.811 343004
1791379470.865 343004
1791379470.919 343004
1791379470.973 343004
1791379471.027 343004
1791379471.081 343004
1791379471.135 343004
1791379471.189 343004
1791379471.243 343004
1791379471.297 343004
1791379471.351 343004
1791379471.405 343004
1791379471.459 343004
1791379471.513 343004
1791379471.567 343004
1791379471.621 343004
1791379471.675 343004
1791379471.729 343004
1791379471.783 343004
1791379471.837 343004
1791379471.891 343004
1791379471.945 343004
1791379471.999 343004
1791379472.053 343004
1791379472.107 343004
1791379472.161 343004
1791379472.215 343004
1791379472.269 343004
1791379472.323 343004
1791379472.377 343004
1791379472.431 343004
1791379472.485 343004
1791379472.539 343004
1791379472.593 343004
1791379472.647 343004
1791379472.701 343004
1791379472.755 343004
1791379472.809 343004
1791379472.863 343004
1791379472.917 343004
1791379472.971 343004
1791379473.025 343004
1791379473.079 343004
1791379473.133 343004
1791379473.187 343004
1791379473.241 343004
1791379473.295 343004
1791379473.349 343004
1791379473.402 343004
1791379473.456 343004
1791379473.511 343004
1791379473.564 343004
1791379473.619 343004
1791379473.673 343004
1791379473.727 343004
1791379473.780 343004
1791379473.831 343004
1791379473.885 343004
1791379473.939 343004
1791379473.993 343004
1791379474.047 343004
1791379474.101 343004
1791379474.155 343004
1791379474.209 343004
1791379474.263 343004
1791379474.317 343004
1791379474.371 343004
1791379474.425 343004
1791379474.479 343004
1791379474.533 343004
1791379474.587 343004
1791379474.641 343004
1791379474.695 343004
1791379474.749 343004
1791379474.803 343004
1791379474.857 343004
1791379474.911 343004
1791379474.965 343004
1791379475.019 343004
1791379475.073 343004
1791379475.127 343004
1791379475.181 343004
1791379475.235 343004
1791379475.289 343004
1791379475.343 343004
1791379475.397 343004
1791379475.451 343004
1791379475.505 343004
1791379475.559 343004
1791379475.613 343004
1791379475.667 343004
1791379475.721 343004
1791379475.775 343004
1791379475.829 343004
1791379475.883 343004
1791379475.937 343004
1791379475.991 343004
1791379476.045 343004
1791379476.099 343004
1791379476.153 343004
1791379476.207 343004
1791379476.261 343004
1791379476.315 343004
1791379476.369 343004
1791379476.423 343004
1791379476.476 343004
1791379476.530 343004
1791379476.584 343004
1791379476.638 343004
1791379476.692 343004
1791379476.746 343004
1791379476.800 343004
1791379476.855 343004
1791379476.909 343004
1791379476.962 343004
1791379477.016 343004
1791379477.070 343004
1791379477.121 343004
1791379477.174 343004
1791379477.229 343004
1791379477.283 343004
1791379477.337 343004
1791379477.391 343004
1791379477.445 343004
1791379477.499 343004
1791379477.553 343004
1791379477.607 343004
1791379477.661 343004
1791379477.712 343004
1791379477.766 343004
1791379477.820 343004
1791379477.874 343004
1791379477.928 343004
1791379477.982 343004
1791379478.036 343004
1791379478.090 343004
1791379478.144 343004
1791379478.198 343004
1791379478.252 343004
1791379478.306 343004
1791379478.360 343004
1791379478.414 343004
1791379478.468 343004
1791379478.522 343004
1791379478.576 343004
1791379478.630 343004
1791379478.684 343004
1791379478.738 343004
1791379478.792 343004
1791379478.846 343004
1791379478.900 343004
1791379478.954 343004
1791379479.008 343004
1791379479.063 343004
1791379479.117 343004
1791379479.171 343004
1791379479.225 343004
1791379479.279 343004
1791379479.333 343004
1791379479.387 343004
1791379479.441 343004
1791379479.495 343004
1791379479.549 343004
1791379479.603 343004
1791379479.657 343004
1791379479.711 343004
1791379479.765 343004
1791379479.819 343004
1791379479.873 343004
1791379479.927 343004
1791379479.981 343004
1791379480.035 343004
1791379480.089 343004
1791379480.143 343004
1791379480.197 343004
1791379480.251 343004
1791379480.305 343004
1791379480.359 343004
1791379480.413 343004
1791379480.467 343004
1791379480.521 343004
1791379480.575 343004
1791379480.629 343004
1791379480.683 343004
1791379480.737 343004
1791379480.791 343004
1791379480.845 343004
1791379480.899 343004
1791379480.953 343004
1791379481.008 343004
1791379481.062 343004
1791379481.116 343004
1791379481.170 343004
1791379481.224 343004
1791379481.278 343004
1791379481.332 343004
1791379481.386 343004
1791379481.440 343004
1791379481.494 343004
1791379481.548 343004
1791379481.602 343004
1791379481.656 343004
1791379481.710 343004
1791379481.764 343004
1791379481.818 343004
1791379481.872 343004
1791379481.926 343004
1791379481.977 343004
1791379482.032 343004
1791379482.086 343004
1791379482.140 343004
1791379482.194 343004
1791379482.248 343004
1791379482.302 343004
1791379482.356 343004
1791379482.410 343004
1791379482.464 343004
1791379482.518 343004
1791379482.572 343004
1791379482.626 343004
1791379482.680 343004
1791379482.734 343004
1791379482.788 343004
1791379482.842 343004
1791379482.896 343004
1791379482.950 343004
1791379483.004 343004
1791379483.058 343004
1791379483.112 343004
1791379483.166 343004
1791379483.220 343004
1791379483.274 343004
1791379483.328 343004
1791379483.382 343004
1791379483.436 343004
1791379483.490 343004
1791379483.544 343004
1791379483.598 343004
1791379483.652 343004
1791379483.706 343004
1791379483.760 343004
1791379483.815 343004
1791379483.869 343004
1791379483.923 343004
1791379483.977 343004
1791379484.031 343004
1791379484.085 343004
1791379484.139 343004
1791379484.193 343004
1791379484.247 343004
1791379484.301 343004
1791379484.355 343004
1791379484.409 343004
1791379484.463 343004
1791379484.517 343004
1791379484.571 343004
1791379484.625 343004
1791379484.679 343004
1791379484.733 343004
1791379484.787 343004
1791379484.841 343004
1791379484.895 343004
1791379484.949 343004
1791379485.003 343004
1791379485.057 343004
1791379485.111 343004
1791379485.165 343004
1791379485.219 343004
1791379485.273 343004
1791379485.327 343004
1791379485.381 343004
1791379485.435 343004
1791379485.489 343004
1791379485.543 343004
1791379485.597 343004
1791379485.651 343004
1791379485.705 343004
1791379485.759 343004
1791379485.813 343004
1791379485.867 343004
1791379485.921 343004
1791379485.975 343004
1791379486.029 343004
1791379486.083 343004
1791379486.137 343004
1791379486.191 343004
1791379486.245 343004
1791379486.299 343004
1791379486.353 343004
1791379486.407 343004
1791379486.461 343004
1791379486.515 343004
1791379486.569 343004
1791379486.623 343004
1791379486.677 343004
1791379486.731 343004
1791379486.785 343004
1791379486.839 343004
1791379486.893 343004
1791379486.947 343004
1791379487.001 343004
1791379487.055 343004
1791379487.109 343004
1791379487.163 343004
1791379487.217 343004
1791379487.271 343004
1791379487.325 343004
1791379487.379 343004
1791379487.433 343004
1791379487.487 343004
1791379487.541 343004
1791379487.595 343004
1791379487.649 343004
1791379487.703 343004
1791379487.755 343004
1791379487.809 343004
1791379487.863 343004
1791379487.917 343004
1791379487.971 343004
1791379488.025 343004
1791379488.079 343004
1791379488.133 343004
1791379488.187 343004
1791379488.241 343004
1791379488.295 343004
1791379488.349 343004
1791379488.403 343004
1791379488.457 343004
1791379488.511 343004
1791379488.565 343004
1791379488.619 343004
1791379488.673 343004
1791379488.727 343004
1791379488.781 343004
1791379488.835 343004
1791379488.889 343004
1791379488.943 343004
1791379488.997 343004
1791379489.051 343004
1791379489.105 343004
1791379489.159 343004
1791379489.213 343004
1791379489.267 343004
1791379489.321 343004
1791379489.375 343004
1791379489.429 343004
1791379489.483 343004
1791379489.537 343004
1791379489.591 343004
1791379489.645 343004
1791379489.699 343004
1791379489.753 343004
1791379489.807 343004
1791379489.861 343004
1791379489.915 343004
1791379489.969 343004
1791379490.023 343004
1791379490.076 343004
1791379490.130 343004
1791379490.184 343004
1791379490.238 343004
1791379490.292 343004
1791379490.346 343004
1791379490.400 343004
1791379490.454 343004
1791379490.508 343004
1791379490.562 343004
1791379490.616 343004
1791379490.670 343004
1791379490.724 343004
1791379490.778 343004
1791379490.832 343004
1791379490.886 343004
1791379490.940 343004
1791379490.994 343004
1791379491.048 343004
1791379491.102 343004
1791379491.156 343004
1791379491.210 343004
1791379491.264 343004
1791379491.318 343004
1791379491.372 343004
1791379491.426 343004
1791379491.480 343004
1791379491.534 343004
1791379491.588 343004
1791379491.642 343004
1791379491.696 343004
1791379491.750 343004
1791379491.804 343004
1791379491.858 343004
1791379491.912 343004
1791379491.966 343004
1791379492.020 343004
1791379492.073 343004
1791379492.127 343004
1791379492.181 343004
1791379492.235 343004
1791379492.289 343004
1791379492.343 343004
1791379492.397 343004
1791379492.451 343004
1791379492.505 343004
1791379492.559 343004
1791379492.613 343004
1791379492.667 343004
1791379492.721 343004
1791379492.775 343004
1791379492.829 343004
1791379492.883 343004
1791379492.937 343004
1791379492.991 343004
1791379493.045 343004
1791379493.099 343004
1791379493.153 343004
1791379493.207 343004
1791379493.261 343004
1791379493.315 343004
1791379493.369 343004
1791379493.423 343004
1791379493.477 343004
1791379493.531 343004
1791379493.585 343004
1791379493.639 343004
1791379493.693 343004
1791379493.747 343004
1791379493.801 343004
1791379493.855 343004
1791379493.909 343004
1791379493.961 343004
1791379494.015 343004
1791379494.069 343004
1791379494.123 343004
1791379494.177 343004
1791379494.231 343004
1791379494.285 343004
1791379494.339 343004
1791379494.393 343004
1791379494.447 343004
1791379494.501 343004
1791379494.555 343004
1791379494.609 343004
1791379494.663 343004
1791379494.717 343004
1791379494.771 343004
1791379494.825 343004
1791379494.879 343004
1791379494.933 343004
1791379494.987 343004
1791379495.041 343004
1791379495.095 343004
1791379495.148 343004
1791379495.202 343004
1791379495.256 343004
1791379495.310 343004
1791379495.364 343004
1791379495.418 343004
1791379495.472 343004
1791379495.526 343004
1791379495.580 343004
1791379495.634 343004
1791379495.688 343004
1791379495.742 343004
1791379495.796 343004
1791379495.850 343004
1791379495.904 343004
1791379495.958 343004
1791379496.012 343004
1791379496.066 343004
1791379496.120 343004
1791379496.174 343004
1791379496.228 343004
1791379496.282 343004
1791379496.336 343004
1791379496.390 343004
1791379496.444 343004
1791379496.498 343004
1791379496.552 343004
1791379496.606 343004
1791379496.660 343004
1791379496.714 343004
1791379496.768 343004
1791379496.822 343004
1791379496.876 343004
1791379496.930 343004
1791379496.984 343004
1791379497.038 343004
1791379497.092 343004
1791379497.146 343004
1791379497.200 343004
1791379497.254 343004
1791379497.308 343004
1791379497.362 343004
1791379497.415 343004
1791379497.469 343004
1791379497.523 343004
1791379497.578 343004
1791379497.632 343004
1791379497.685 343004
1791379497.736 343004
1791379497.789 343004
1791379497.843 343004
1791379497.897 343004
1791379497.951 343004
1791379498.005 343004
1791379498.059 343004
1791379498.113 343004
1791379498.167 343004
1791379498.221 343004
1791379498.275 343004
1791379498.329 343004
1791379498.383 343004
1791379498.437 343004
1791379498.491 343004
1791379498.545 343004
1791379498.599 343004
1791379498.653 343004
1791379498.707 343004
1791379498.761 343004
1791379498.815 343004
1791379498.869 343004
1791379498.923 343004
1791379498.975 343004
1791379499.029 343004
1791379499.083 343004
1791379499.137 343004
1791379499.191 343004
1791379499.245 343004
1791379499.299 343004
1791379499.353 343004
1791379499.407 343004
1791379499.461 343004
1791379499.515 343004
1791379499.569 343004
1791379499.623 343004
1791379499.677 343004
1791379499.731 343004
1791379499.785 343004
1791379499.839 343004
1791379499.893 343004
1791379499.947 343004
1791379500.001 343004
1791379500.055 343004
1791379500.109 343004
1791379500.163 343004
1791379500.217 343004
1791379500.271 343004
1791379500.325 343004
1791379500.379 343004
1791379500.433 343004
1791379500.487 343004
1791379500.541 343004
1791379500.595 343004
1791379500.649 343004
1791379500.703 343004
1791379500.757 343004
1791379500.808 343004
1791379500.859 343004
1791379500.913 343004
1791379500.967 343004
1791379501.021 343004
1791379501.075 343004
1791379501.129 343004
1791379501.183 343004
1791379501.237 343004
1791379501.291 343004
1791379501.345 343004
1791379501.399 343004
1791379501.453 343004
1791379501.507 343004
1791379501.561 343004
1791379501.615 343004
1791379501.669 343004
1791379501.723 343004
1791379501.777 343004
1791379501.831 343004
1791379501.885 343004
1791379501.939 343004
1791379501.993 343004
1791379502.046 343004
1791379502.100 343004
1791379502.155 343004
1791379502.209 343004
1791379502.263 343004
1791379502.317 343004
1791379502.371 343004
1791379502.425 343004
1791379502.479 343004
1791379502.533 343004
1791379502.586 343004
1791379502.640 343004
1791379502.694 343004
1791379502.748 343004
1791379502.802 343004
1791379502.856 343004
1791379502.910 343004
1791379502.964 343004
1791379503.018 343004
1791379503.072 343004
1791379503.126 343004
1791379503.180 343004
1791379503.234 343004
1791379503.288 343004
1791379503.342 343004
1791379503.396 343004
1791379503.450 343004
1791379503.504 343004
1791379503.558 343004
1791379503.612 343004
1791379503.666 343004
1791379503.720 343004
1791379503.774 343004
1791379503.828 343004
1791379503.882 343004
1791379503.936 343004
1791379503.987 343004
1791379504.041 343004
1791379504.095 343004
1791379504.149 343004
1791379504.203 343004
1791379504.257 343004
1791379504.311 343004
1791379504.365 343004
1791379504.419 343004
1791379504.473 343004
1791379504.527 343004
1791379504.581 343004
1791379504.635 343004
1791379504.689 343004
1791379504.743 343004
1791379504.797 343004
1791379504.851 343004
1791379504.905 343004
1791379504.959 343004
1791379505.013 343004
1791379505.067 343004
1791379505.121 343004
1791379505.175 343004
1791379505.229 343004
1791379505.283 343004
1791379505.337 343004
1791379505.391 343004
1791379505.445 343004
1791379505.499 343004
1791379505.553 343004
1791379505.607 343004
1791379505.661 343004
1791379505.715 343004
1791379505.769 343004
1791379505.823 343004
1791379505.877 343004
1791379505.928 343004
1791379505.982 343004
1791379506.035 343004
1791379506.087 343004
1791379506.141 343004
1791379506.195 343004
1791379506.249 343004
1791379506.303 343004
1791379506.357 343004
1791379506.411 343004
1791379506.465 343004
1791379506.520 343004
1791379506.574 343004
1791379506.628 343004
1791379506.681 343004
1791379506.735 343004
1791379506.789 343004
1791379506.843 343004
1791379506.897 343004
1791379506.951 343004
1791379507.005 343004
1791379507.059 343004
1791379507.113 343004
1791379507.167 343004
1791379507.221 343004
1791379507.275 343004
1791379507.329 343004
1791379507.383 343004
1791379507.437 343004
1791379507.491 343004
1791379507.545 343004
1791379507.599 343004
1791379507.653 343004
1791379507.707 343004
1791379507.758 343004
1791379507.812 343004
1791379507.866 343004
1791379507.920 343004
1791379507.974 343004
1791379508.028 343004
1791379508.082 343004
1791379508.136 343004
1791379508.190 343004
1791379508.244 343004
1791379508.298 343004
1791379508.352 343004
1791379508.406 343004
1791379508.460 343004
1791379508.514 343004
1791379508.568 343004
1791379508.622 343004
1791379508.676 343004
1791379508.730 343004
1791379508.784 343004
1791379508.838 343004
1791379508.892 343004
1791379508.946 343004
1791379509.000 343004
1791379509.054 343004
1791379509.108 343004
1791379509.162 343004
1791379509.216 343004
1791379509.270 343004
1791379509.324 343004
1791379509.378 343004
1791379509.432 343004
1791379509.486 343004
1791379509.539 343004
1791379509.593 343004
1791379509.647 343004
1791379509.701 343004
1791379509.755 343004
1791379509.809 343004
1791379509.863 343004
1791379509.917 343004
1791379509.971 343004
1791379510.025 343004
1791379510.078 343004
1791379510.132 343004
1791379510.186 343004
1791379510.240 343004
1791379510.294 343004
1791379510.348 343004
1791379510.402 343004
1791379510.456 343004
1791379510.510 343004
1791379510.564 343004
1791379510.618 343004
1791379510.672 343004
1791379510.726 343004
1791379510.780 343004
1791379510.834 343004
1791379510.888 343004
1791379510.942 343004
1791379510.996 343004
1791379511.050 343004
1791379511.104 343004
1791379511.158 343004
1791379511.212 343004
1791379511.266 343004
1791379511.320 343004
1791379511.374 343004
1791379511.428 343004
1791379511.482 343004
1791379511.536 343004
1791379511.590 343004
1791379511.644 343004
1791379511.698 343004
1791379511.752 343004
1791379511.806 343004
1791379511.860 343004
1791379511.914 343004
1791379511.968 343004
1791379512.022 343004
1791379512.076 343004
1791379512.130 343004
1791379512.184 343004
1791379512.238 343004
1791379512.292 343004
1791379512.346 343004
1791379512.400 343004
1791379512.454 343004
1791379512.508 343004
1791379512.562 343004
1791379512.616 343004
1791379512.670 343004
1791379512.724 343004
1791379512.778 343004
1791379512.832 343004
1791379512.886 343004
1791379512.940 343004
1791379512.994 343004
1791379513.048 343004
1791379513.102 343004
1791379513.156 343004
1791379513.210 343004
1791379513.264 343004
1791379513.318 343004
1791379513.372 343004
1791379513.426 343004
1791379513.480 343004
1791379513.534 343004
1791379513.588 343004
1791379513.642 343004
1791379513.696 343004
1791379513.750 343004
1791379513.804 343004
1791379513.858 343004
1791379513.912 343004
1791379513.966 343004
1791379514.020 343004
1791379514.074 343004
1791379514.128 343004
1791379514.182 343004
1791379514.237 343004
1791379514.291 343004
1791379514.345 343004
1791379514.399 343004
1791379514.453 343004
1791379514.507 343004
1791379514.561 343004
1791379514.615 343004
1791379514.669 343004
1791379514.723 343004
1791379514.777 343004
1791379514.831 343004
1791379514.885 343004
1791379514.939 343004
1791379514.993 343004
1791379515.047 343004
1791379515.101 343004
1791379515.155 343004
1791379515.209 343004
1791379515.263 343004
1791379515.317 343004
1791379515.371 343004
1791379515.425 343004
1791379515.479 343004
1791379515.533 343004
1791379515.587 343004
1791379515.641 343004
1791379515.695 343004
1791379515.749 343004
1791379515.803 343004
1791379515.857 343004
1791379515.911 343004
1791379515.965 343004
1791379516.019 343004
1791379516.073 343004
1791379516.127 343004
1791379516.181 343004
1791379516.235 343004
1791379516.289 343004
1791379516.343 343004
1791379516.397 343004
1791379516.451 343004
1791379516.505 343004
1791379516.559 343004
1791379516.613 343004
1791379516.667 343004
1791379516.721 343004
1791379516.775 343004
1791379516.829 343004
1791379516.883 343004
1791379516.937 343004
1791379516.992 343004
1791379517.046 343004
1791379517.100 343004
1791379517.154 343004
1791379517.208 343004
1791379517.262 343004
1791379517.316 343004
1791379517.370 343004
1791379517.424 343004
1791379517.478 343004
1791379517.532 343004
1791379517.586 343004
1791379517.640 343004
1791379517.694 343004
1791379517.746 343004
1791379517.798 343004
1791379517.852 343004
1791379517.906 343004
1791379517.960 343004
1791379518.013 343004
1791379518.067 343004
1791379518.121 343004
1791379518.175 343004
1791379518.229 343004
1791379518.283 343004
1791379518.337 343004
1791379518.391 343004
1791379518.445 343004
1791379518.499 343004
1791379518.553 343004
1791379518.607 343004
1791379518.661 343004
1791379518.715 343004
1791379518.769 343004
1791379518.823 343004
1791379518.877 343004
1791379518.931 343004
1791379518.985 343004
1791379519.039 343004
1791379519.094 343004
1791379519.148 343004
1791379519.201 343004
1791379519.255 343004
1791379519.309 343004
1791379519.363 343004
1791379519.417 343004
1791379519.471 343004
1791379519.525 343004
1791379519.579 343004
1791379519.633 343004
1791379519.687 343004
1791379519.741 343004
1791379519.794 343004
1791379519.848 343004
1791379519.902 343004
1791379519.956 343004
1791379520.010 343004
1791379520.064 343004
1791379520.118 343004
1791379520.172 343004
1791379520.226 343004
1791379520.280 343004
1791379520.334 343004
1791379520.388 343004
1791379520.442 343004
1791379520.495 343004
1791379520.549 343004
1791379520.603 343004
1791379520.657 343004
1791379520.711 343004
1791379520.765 343004
1791379520.819 343004
1791379520.873 343004
1791379520.927 343004
1791379520.981 343004
1791379521.035 343004
1791379521.089 343004
1791379521.143 343004
1791379521.196 343004
1791379521.250 343004
1791379521.304 343004
1791379521.358 343004
1791379521.412 343004
1791379521.466 343004
1791379521.520 343004
1791379521.574 343004
1791379521.628 343004
1791379521.682 343004
1791379521.736 343004
1791379521.790 343004
1791379521.844 343004
1791379521.898 343004
1791379521.952 343004
1791379522.006 343004
1791379522.060 343004
1791379522.114 343004
1791379522.168 343004
1791379522.221 343004
1791379522.275 343004
1791379522.329 343004
1791379522.383 343004
1791379522.437 343004
1791379522.491 343004
1791379522.545 343004
1791379522.599 343004
1791379522.653 343004
1791379522.707 343004
1791379522.761 343004
1791379522.815 343004
1791379522.869 343004
1791379522.923 343004
1791379522.977 343004
1791379523.030 343004
1791379523.084 343004
1791379523.138 343004
1791379523.192 343004
1791379523.246 343004
1791379523.300 343004
1791379523.354 343004
1791379523.408 343004
1791379523.462 343004
1791379523.516 343004
1791379523.569 343004
1791379523.623 343004
1791379523.677 343004
1791379523.731 343004
1791379523.785 343004
1791379523.839 343004
1791379523.893 343004
1791379523.947 343004
1791379524.001 343004
1791379524.055 343004
1791379524.109 343004
1791379524.163 343004
1791379524.217 343004
1791379524.271 343004
1791379524.324 343004
1791379524.376 343004
1791379524.430 343004
1791379524.484 343004
1791379524.538 343004
1791379524.592 343004
1791379524.646 343004
1791379524.700 343004
1791379524.754 343004
1791379524.808 343004
1791379524.862 343004
1791379524.916 343004
1791379524.969 343004
1791379525.023 343004
1791379525.077 343004
1791379525.131 343004
1791379525.185 343004
1791379525.239 343004
1791379525.293 343004
1791379525.344 343004
1791379525.398 343004
1791379525.452 343004
1791379525.506 343004
1791379525.560 343004
1791379525.614 343004
1791379525.668 343004
1791379525.722 343004
1791379525.776 343004
1791379525.830 343004
1791379525.884 343004
1791379525.937 343004
1791379525.991 343004
1791379526.045 343004
1791379526.099 343004
1791379526.153 343004
1791379526.207 343004
1791379526.261 343004
1791379526.315 343004
1791379526.369 343004
1791379526.423 343004
1791379526.477 343004
1791379526.531 343004
1791379526.584 343004
1791379526.638 343004
1791379526.692 343004
1791379526.746 343004
1791379526.800 343004
1791379526.854 343004
1791379526.908 343004
1791379526.962 343004
1791379527.016 343004
1791379527.070 343004
1791379527.124 343004
1791379527.178 343004
1791379527.232 343004
1791379527.286 343004
1791379527.340 343004
1791379527.394 343004
1791379527.448 343004
1791379527.502 343004
1791379527.556 343004
1791379527.610 343004
1791379527.663 343004
1791379527.717 343004
1791379527.768 343004
1791379527.823 343004
1791379527.877 343004
1791379527.931 343004
1791379527.984 343004
1791379528.038 343004
1791379528.092 343004
1791379528.146 343004
1791379528.200 343004
1791379528.254 343004
1791379528.308 343004
1791379528.362 343004
1791379528.416 343004
1791379528.470 343004
1791379528.524 343004
1791379528.578 343004
1791379528.632 343004
1791379528.685 343004
1791379528.739 343004
1791379528.793 343004
1791379528.847 343004
1791379528.901 343004
1791379528.955 343004
1791379529.009 343004
1791379529.063 343004
1791379529.114 343004
1791379529.168 343004
1791379529.222 343004
1791379529.276 343004
1791379529.329 343004
1791379529.383 343004
1791379529.437 343004
1791379529.491 343004
1791379529.545 343004
1791379529.599 343004
1791379529.653 343004
1791379529.707 343004
1791379529.761 343004
1791379529.815 343004
1791379529.869 343004
1791379529.923 343004
1791379529.977 343004
1791379530.031 343004
1791379530.085 343004
1791379530.138 343004
1791379530.192 343004
1791379530.246 343004
1791379530.300 343004
1791379530.354 343004
1791379530.408 343004
1791379530.462 343004
1791379530.516 343004
1791379530.570 343004
1791379530.624 343004
1791379530.678 343004
1791379530.732 343004
1791379530.786 343004
1791379530.839 343004
1791379530.893 343004
1791379530.947 343004
1791379531.001 343004
1791379531.055 343004
1791379531.109 343004
1791379531.163 343004
1791379531.217 343004
1791379531.271 343004
1791379531.325 343004
1791379531.379 343004
1791379531.433 343004
1791379531.487 343004
1791379531.541 343004
1791379531.595 343004
1791379531.648 343004
1791379531.702 343004
1791379531.756 343004
1791379531.810 343004
1791379531.864 343004
1791379531.918 343004
1791379531.972 343004
1791379532.026 343004
1791379532.080 343004
1791379532.134 343004
1791379532.188 343004
1791379532.242 343004
1791379532.296 343004
1791379532.350 343004
1791379532.403 343004
1791379532.457 343004
1791379532.511 343004
1791379532.565 343004
1791379532.619 343004
1791379532.673 343004
1791379532.727 343004
1791379532.781 343004
1791379532.835 343004
1791379532.889 343004
1791379532.943 343004
1791379532.997 343004
1791379533.050 343004
1791379533.104 343004
1791379533.158 343004
1791379533.212 343004
1791379533.266 343004
1791379533.320 343004
1791379533.374 343004
1791379533.428 343004
1791379533.482 343004
1791379533.536 343004
1791379533.590 343004
1791379533.644 343004
1791379533.698 343004
1791379533.752 343004
1791379533.805 343004
1791379533.859 343004
1791379533.913 343004
1791379533.967 343004
1791379534.021 343004
1791379534.075 343004
1791379534.129 343004
1791379534.183 343004
1791379534.237 343004
1791379534.291 343004
1791379534.345 343004
1791379534.398 343004
1791379534.452 343004
1791379534.506 343004
1791379534.560 343004
1791379534.614 343004
1791379534.668 343004
1791379534.722 343004
1791379534.776 343004
1791379534.830 343004
1791379534.884 343004
1791379534.938 343004
1791379534.992 343004
1791379535.045 343004
1791379535.099 343004
1791379535.153 343004
1791379535.207 343004
1791379535.261 343004
1791379535.315 343004
1791379535.369 343004
1791379535.423 343004
1791379535.477 343004
1791379535.531 343004
1791379535.585 343004
1791379535.639 343004
1791379535.693 343004
1791379535.747 343004
1791379535.801 343004
1791379535.855 343004
1791379535.909 343004
1791379535.963 343004
1791379536.017 343004
1791379536.071 343004
1791379536.125 343004
1791379536.179 343004
1791379536.233 343004
1791379536.287 343004
1791379536.341 343004
1791379536.395 343004
1791379536.449 343004
1791379536.503 343004
1791379536.557 343004
1791379536.611 343004
1791379536.665 343004
1791379536.719 343004
1791379536.773 343004
1791379536.827 343004
1791379536.881 343004
1791379536.935 343004
1791379536.989 343004
1791379537.043 343004
1791379537.097 343004
1791379537.151 343004
1791379537.205 343004
1791379537.259 343004
1791379537.312 343004
1791379537.366 343004
1791379537.420 343004
1791379537.474 343004
1791379537.528 343004
1791379537.582 343004
1791379537.636 343004
1791379537.690 343004
1791379537.747 343004
1791379537.800 343004
1791379537.858 343004
1791379537.918 343004
1791379537.972 343004
1791379538.026 343004
1791379538.080 343004
1791379538.134 343004
1791379538.188 343004
1791379538.242 343004
1791379538.296 343004
1791379538.350 343004
1791379538.404 343004
1791379538.458 343004
1791379538.512 343004
1791379538.566 343004
1791379538.620 343004
1791379538.674 343004
1791379538.728 343004
1791379538.782 343004
1791379538.836 343004
1791379538.890 343004
1791379538.944 343004
1791379538.998 343004
1791379539.052 343004
1791379539.106 343004
1791379539.157 343004
1791379539.211 343004
1791379539.265 343004
1791379539.319 343004
1791379539.373 343004
1791379539.427 343004
1791379539.481 343004
1791379539.535 343004
1791379539.588 343004
1791379539.642 343004
1791379539.696 343004
1791379539.750 343004
1791379539.804 343004
1791379539.858 343004
1791379539.912 343004
1791379539.966 343004
1791379540.020 343004
1791379540.074 343004
1791379540.128 343004
1791379540.181 343004
1791379540.235 343004
1791379540.289 343004
1791379540.342 343004
1791379540.396 343004
1791379540.450 343004
1791379540.504 343004
1791379540.558 343004
1791379540.612 343004
1791379540.666 343004
1791379540.720 343004
1791379540.774 343004
1791379540.828 343004
1791379540.882 343004
1791379540.936 343004
1791379540.990 343004
1791379541.043 343004
1791379541.097 343004
1791379541.151 343004
1791379541.205 343004
1791379541.259 343004
1791379541.310 343004
1791379541.361 343004
1791379541.413 343004
1791379541.464 343004
1791379541.515 343004
1791379541.567 343004
1791379541.621 343004
1791379541.674 343004
1791379541.728 343004
1791379541.782 343004
1791379541.836 343004
1791379541.890 343004
1791379541.944 343004
1791379541.998 343004
1791379542.052 343004
1791379542.106 343004
1791379542.160 343004
1791379542.214 343004
1791379542.268 343004
1791379542.322 343004
1791379542.376 343004
1791379542.430 343004
1791379542.484 343004
1791379542.538 343004
1791379542.592 343004
1791379542.645 343004
1791379542.699 343004
1791379542.753 343004
1791379542.807 343004
1791379542.861 343004
1791379542.915 343004
1791379542.969 343004
1791379543.023 343004
1791379543.077 343004
1791379543.131 343004
1791379543.185 343004
1791379543.239 343004
1791379543.293 343004
1791379543.347 343004
1791379543.401 343004
1791379543.455 343004
1791379543.508 343004
1791379543.562 343004
1791379543.616 343004
1791379543.670 343004
1791379543.724 343004
1791379543.778 343004
1791379543.832 343004
1791379543.886 343004
1791379543.940 343004
1791379543.994 343004
1791379544.048 343004
1791379544.102 343004
1791379544.156 343004
1791379544.210 343004
1791379544.264 343004
1791379544.318 343004
1791379544.371 343004
1791379544.425 343004
1791379544.479 343004
1791379544.533 343004
1791379544.587 343004
1791379544.641 343004
1791379544.695 343004
1791379544.749 343004
1791379544.803 343004
1791379544.857 343004
1791379544.911 343004
1791379544.965 343004
1791379545.019 343004
1791379545.073 343004
1791379545.127 343004
1791379545.181 343004
1791379545.235 343004
1791379545.289 343004
1791379545.343 343004
1791379545.397 343004
1791379545.451 343004
1791379545.505 343004
1791379545.559 343004
1791379545.613 343004
1791379545.667 343004
1791379545.720 343004
1791379545.774 343004
1791379545.828 343004
1791379545.882 343004
1791379545.936 343004
1791379545.990 343004
1791379546.044 343004
1791379546.098 343004
1791379546.152 343004
1791379546.206 343004
1791379546.260 343004
1791379546.314 343004
1791379546.368 343004
1791379546.422 343004
1791379546.475 343004
1791379546.529 343004
1791379546.583 343004
1791379546.638 343004
1791379546.691 343004
1791379546.745 343004
1791379546.799 343004
1791379546.853 343004
1791379546.907 343004
1791379546.961 343004
1791379547.015 343004
1791379547.069 343004
1791379547.123 343004
1791379547.177 343004
1791379547.231 343004
1791379547.285 343004
1791379547.338 343004
1791379547.393 343004
1791379547.447 343004
1791379547.501 343004
1791379547.555 343004
1791379547.608 343004
1791379547.663 343004
1791379547.717 343004
1791379547.769 343004
1791379547.820 343004
1791379547.874 343004
1791379547.928 343004
1791379547.982 343004
1791379548.036 343004
1791379548.090 343004
1791379548.144 343004
1791379548.198 343004
1791379548.251 343004
1791379548.305 343004
1791379548.359 343004
1791379548.413 343004
1791379548.467 343004
1791379548.521 343004
1791379548.575 343004
1791379548.628 343004
1791379548.682 343004
1791379548.736 343004
1791379548.790 343004
1791379548.844 343004
1791379548.898 343004
1791379548.952 343004
1791379549.006 343004
1791379549.060 343004
1791379549.114 343004
1791379549.168 343004
1791379549.222 343004
1791379549.276 343004
1791379549.330 343004
1791379549.384 343004
1791379549.438 343004
1791379549.492 343004
1791379549.546 343004
1791379549.600 343004
1791379549.653 343004
1791379549.707 343004
1791379549.761 343004
1791379549.815 343004
1791379549.869 343004
1791379549.923 343004
1791379549.977 343004
1791379550.031 343004
1791379550.085 343004
1791379550.139 343004
1791379550.193 343004
1791379550.247 343004
1791379550.301 343004
1791379550.355 343004
1791379550.409 343004
1791379550.463 343004
1791379550.517 343004
1791379550.571 343004
1791379550.625 343004
1791379550.679 343004
1791379550.733 343004
1791379550.787 343004
1791379550.841 343004
1791379550.895 343004
1791379550.949 343004
1791379551.003 343004
1791379551.056 343004
1791379551.110 343004
1791379551.164 343004
1791379551.218 343004
1791379551.272 343004
1791379551.326 343004
1791379551.380 343004
1791379551.434 343004
1791379551.487 343004
1791379551.541 343004
1791379551.594 343004
1791379551.648 343004
1791379551.702 343004
1791379551.754 343004
1791379551.808 343004
1791379551.862 343004
1791379551.916 343004
1791379551.970 343004
1791379552.024 343004
1791379552.078 343004
1791379552.132 343004
1791379552.186 343004
1791379552.240 343004
1791379552.294 343004
1791379552.348 343004
1791379552.402 343004
1791379552.456 343004
1791379552.510 343004
1791379552.564 343004
1791379552.618 343004
1791379552.672 343004
1791379552.726 343004
1791379552.780 343004
1791379552.834 343004
1791379552.887 343004
1791379552.941 343004
1791379552.995 343004
1791379553.049 343004
1791379553.103 343004
1791379553.157 343004
1791379553.211 343004
1791379553.265 343004
1791379553.318 343004
1791379553.372 343004
1791379553.426 343004
1791379553.480 343004
1791379553.534 343004
1791379553.587 343004
1791379553.641 343004
1791379553.695 343004
1791379553.749 343004
1791379553.803 343004
1791379553.857 343004
1791379553.911 343004
1791379553.965 343004
1791379554.019 343004
1791379554.073 343004
1791379554.127 343004
1791379554.181 343004
1791379554.232 343004
1791379554.286 343004
1791379554.339 343004
1791379554.393 343004
1791379554.447 343004
1791379554.500 343004
1791379554.554 343004
1791379554.608 343004
1791379554.662 343004
1791379554.716 343004
1791379554.770 343004
1791379554.824 343004
1791379554.878 343004
1791379554.932 343004
1791379554.986 343004
1791379555.040 343004
1791379555.091 343004
1791379555.145 343004
1791379555.199 343004
1791379555.253 343004
1791379555.307 343004
1791379555.361 343004
1791379555.415 343004
1791379555.469 343004
1791379555.523 343004
1791379555.577 343004
1791379555.631 343004
1791379555.685 343004
1791379555.739 343004
1791379555.793 343004
1791379555.847 343004
1791379555.901 343004
1791379555.955 343004
1791379556.009 343004
1791379556.063 343004
1791379556.117 343004
1791379556.171 343004
1791379556.225 343004
1791379556.279 343004
1791379556.333 343004
1791379556.387 343004
1791379556.441 343004
1791379556.495 343004
1791379556.549 343004
1791379556.602 343004
1791379556.656 343004
1791379556.710 343004
1791379556.764 343004
1791379556.818 343004
1791379556.872 343004
1791379556.926 343004
1791379556.980 343004
1791379557.034 343004
1791379557.088 343004
1791379557.142 343004
1791379557.196 343004
1791379557.250 343004
1791379557.304 343004
1791379557.358 343004
1791379557.412 343004
1791379557.466 343004
1791379557.520 343004
1791379557.574 343004
1791379557.628 343004
1791379557.682 343004
1791379557.736 343004
1791379557.788 343004
1791379557.842 343004
1791379557.896 343004
1791379557.950 343004
1791379558.003 343004
1791379558.057 343004
1791379558.111 343004
1791379558.165 343004
1791379558.219 343004
1791379558.273 343004
1791379558.326 343004
1791379558.380 343004
1791379558.434 343004
1791379558.488 343004
1791379558.542 343004
1791379558.596 343004
1791379558.650 343004
1791379558.704 343004
1791379558.758 343004
1791379558.812 343004
1791379558.866 343004
1791379558.920 343004
1791379558.973 343004
1791379559.027 343004
1791379559.081 343004
1791379559.135 343004
1791379559.189 343004
1791379559.243 343004
1791379559.297 343004
1791379559.351 343004
1791379559.405 343004
1791379559.459 343004
1791379559.513 343004
1791379559.567 343004
1791379559.621 343004
1791379559.674 343004
1791379559.728 343004
1791379559.782 343004
1791379559.836 343004
1791379559.890 343004
1791379559.944 343004
1791379559.998 343004
1791379560.052 343004
1791379560.106 343004
1791379560.160 343004
1791379560.214 343004
1791379560.268 343004
1791379560.322 343004
1791379560.376 343004
1791379560.430 343004
1791379560.484 343004
1791379560.538 343004
1791379560.592 343004
1791379560.645 343004
1791379560.699 343004
1791379560.752 343004
1791379560.806 343004
1791379560.860 343004
1791379560.914 343004
1791379560.965 343004
1791379561.021 343004
1791379561.079 343004
1791379561.133 343004
1791379561.187 343004
1791379561.240 343004
1791379561.294 343004
1791379561.348 343004
1791379561.402 343004
1791379561.456 343004
1791379561.510 343004
1791379561.564 343004
1791379561.618 343004
1791379561.672 343004
1791379561.726 343004
1791379561.779 343004
1791379561.833 343004
1791379561.887 343004
1791379561.941 343004
1791379561.995 343004
1791379562.049 343004
1791379562.103 343004
1791379562.157 343004
1791379562.211 343004
1791379562.265 343004
1791379562.319 343004
1791379562.373 343004
1791379562.427 343004
1791379562.481 343004
1791379562.535 343004
1791379562.589 343004
1791379562.643 343004
1791379562.697 343004
1791379562.751 343004
1791379562.805 343004
1791379562.859 343004
1791379562.913 343004
1791379562.967 343004
1791379563.021 343004
1791379563.075 343004
1791379563.129 343004
1791379563.183 343004
1791379563.237 343004
1791379563.291 343004
1791379563.345 343004
1791379563.400 343004
1791379563.454 343004
1791379563.507 343004
1791379563.561 343004
1791379563.615 343004
1791379563.669 343004
1791379563.723 343004
1791379563.777 343004
1791379563.831 343004
1791379563.885 343004
1791379563.939 343004
1791379563.993 343004
1791379564.047 343004
1791379564.101 343004
1791379564.155 343004
1791379564.209 343004
1791379564.263 343004
1791379564.317 343004
1791379564.371 343004
1791379564.425 343004
1791379564.479 343004
1791379564.533 343004
1791379564.586 343004
1791379564.640 343004
1791379564.694 343004
1791379564.748 343004
1791379564.802 343004
1791379564.856 343004
1791379564.910 343004
1791379564.964 343004
1791379565.018 343004
1791379565.072 343004
1791379565.126 343004
1791379565.180 343004
1791379565.234 343004
1791379565.286 343004
1791379565.337 343004
1791379565.388 343004
1791379565.440 343004
1791379565.491 343004
1791379565.545 343004
1791379565.599 343004
1791379565.653 343004
1791379565.706 343004
1791379565.761 343004
1791379565.814 343004
1791379565.868 343004
1791379565.924 343004
1791379565.978 343004
1791379566.031 343004
1791379566.083 343004
1791379566.137 343004
1791379566.191 343004
1791379566.246 343004
1791379566.300 343004
1791379566.354 343004
1791379566.408 343004
1791379566.462 343004
1791379566.516 343004
1791379566.570 343004
1791379566.624 343004
1791379566.678 343004
1791379566.731 343004
1791379566.785 343004
1791379566.839 343004
1791379566.893 343004
1791379566.947 343004
1791379567.001 343004
1791379567.055 343004
1791379567.109 343004
1791379567.163 343004
1791379567.217 343004
1791379567.271 343004
1791379567.325 343004
1791379567.379 343004
1791379567.433 343004
1791379567.487 343004
1791379567.541 343004
1791379567.595 343004
1791379567.649 343004
1791379567.703 343004
1791379567.756 343004
1791379567.808 343004
1791379567.862 343004
1791379567.916 343004
1791379567.970 343004
1791379568.024 343004
1791379568.078 343004
1791379568.132 343004
1791379568.186 343004
1791379568.240 343004
1791379568.294 343004
1791379568.348 343004
1791379568.402 343004
1791379568.456 343004
1791379568.510 343004
1791379568.563 343004
1791379568.617 343004
1791379568.672 343004
1791379568.726 343004
1791379568.780 343004
1791379568.834 343004
1791379568.888 343004
1791379568.942 343004
1791379568.996 343004
1791379569.049 343004
1791379569.104 343004
1791379569.158 343004
1791379569.212 343004
1791379569.266 343004
1791379569.317 343004
1791379569.371 343004
1791379569.425 343004
1791379569.479 343004
1791379569.533 343004
1791379569.587 343004
1791379569.641 343004
1791379569.694 343004
1791379569.748 343004
1791379569.802 343004
1791379569.855 343004
1791379569.909 343004
1791379569.963 343004
1791379570.017 343004
1791379570.070 343004
1791379570.124 343004
1791379570.178 343004
1791379570.232 343004
1791379570.285 343004
1791379570.339 343004
1791379570.392 343004
1791379570.446 343004
1791379570.500 343004
1791379570.554 343004
1791379570.608 343004
1791379570.662 343004
1791379570.716 343004
1791379570.770 343004
1791379570.824 343004
1791379570.878 343004
1791379570.932 343004
1791379570.985 343004
1791379571.039 343004
1791379571.093 343004
1791379571.147 343004
1791379571.201 343004
1791379571.255 343004
1791379571.309 343004
1791379571.364 343004
1791379571.418 343004
1791379571.472 343004
1791379571.526 343004
1791379571.580 343004
1791379571.633 343004
1791379571.687 343004
1791379571.741 343004
1791379571.795 343004
1791379571.849 343004
1791379571.903 343004
1791379571.957 343004
1791379572.011 343004
1791379572.065 343004
1791379572.119 343004
1791379572.173 343004
1791379572.227 343004
1791379572.281 343004
1791379572.335 343004
1791379572.389 343004
1791379572.443 343004
1791379572.497 343004
1791379572.551 343004
1791379572.605 343004
1791379572.659 343004
1791379572.713 343004
1791379572.767 343004
1791379572.821 343004
1791379572.874 343004
1791379572.928 343004
1791379572.982 343004
1791379573.036 343004
1791379573.090 343004
1791379573.145 343004
1791379573.199 343004
1791379573.253 343004
1791379573.307 343004
1791379573.361 343004
1791379573.415 343004
1791379573.469 343004
1791379573.523 343004
1791379573.577 343004
1791379573.631 343004
1791379573.685 343004
1791379573.739 343004
1791379573.793 343004
1791379573.847 343004
1791379573.901 343004
1791379573.955 343004
1791379574.009 343004
1791379574.063 343004
1791379574.117 343004
1791379574.171 343004
1791379574.224 343004
1791379574.278 343004
1791379574.329 343004
1791379574.382 343004
1791379574.436 343004
1791379574.490 343004
1791379574.544 343004
1791379574.598 343004
1791379574.652 343004
1791379574.706 343004
1791379574.760 343004
1791379574.814 343004
1791379574.869 343004
1791379574.923 343004
1791379574.977 343004
1791379575.031 343004
1791379575.085 343004
1791379575.139 343004
1791379575.193 343004
1791379575.247 343004
1791379575.301 343004
1791379575.355 343004
1791379575.409 343004
1791379575.463 343004
1791379575.515 343004
1791379575.569 343004
1791379575.623 343004
1791379575.677 343004
1791379575.731 343004
1791379575.785 343004
1791379575.839 343004
1791379575.893 343004
1791379575.947 343004
1791379576.001 343004
1791379576.055 343004
1791379576.109 343004
1791379576.163 343004
1791379576.217 343004
1791379576.271 343004
1791379576.325 343004
1791379576.379 343004
1791379576.432 343004
1791379576.486 343004
1791379576.540 343004
1791379576.594 343004
1791379576.648 343004
1791379576.702 343004
1791379576.756 343004
1791379576.810 343004
1791379576.864 343004
1791379576.918 343004
1791379576.972 343004
1791379577.026 343004
1791379577.080 343004
1791379577.135 343004
1791379577.189 343004
1791379577.243 343004
1791379577.297 343004
1791379577.351 343004
1791379577.405 343004
1791379577.459 343004
1791379577.513 343004
1791379577.567 343004
1791379577.621 343004
1791379577.675 343004
1791379577.729 343004
1791379577.782 343004
1791379577.834 343004
1791379577.888 343004
1791379577.942 343004
1791379577.996 343004
1791379578.050 343004
1791379578.104 343004
1791379578.158 343004
1791379578.212 343004
1791379578.266 343004
1791379578.320 343004
1791379578.374 343004
1791379578.428 343004
1791379578.481 343004
1791379578.535 343004
1791379578.589 343004
1791379578.643 343004
1791379578.697 343004
1791379578.751 343004
1791379578.803 343004
1791379578.857 343004
1791379578.911 343004
1791379578.965 343004
1791379579.019 343004
1791379579.073 343004
1791379579.124 343004
1791379579.175 343004
1791379579.229 343004
1791379579.283 343004
1791379579.337 343004
1791379579.391 343004
1791379579.446 343004
1791379579.500 343004
1791379579.554 343004
1791379579.608 343004
1791379579.662 343004
1791379579.716 343004
1791379579.770 343004
1791379579.824 343004
1791379579.878 343004
1791379579.932 343004
1791379579.986 343004
1791379580.040 343004
1791379580.094 343004
1791379580.148 343004
1791379580.202 343004
1791379580.256 343004
1791379580.310 343004
1791379580.364 343004
1791379580.418 343004
1791379580.472 343004
1791379580.527 343004
1791379580.581 343004
1791379580.635 343004
1791379580.689 343004
1791379580.743 343004
1791379580.797 343004
1791379580.851 343004
1791379580.905 343004
1791379580.959 343004
1791379581.013 343004
1791379581.067 343004
1791379581.121 343004
1791379581.175 343004
1791379581.228 343004
1791379581.282 343004
1791379581.336 343004
1791379581.390 343004
1791379581.444 343004
1791379581.498 343004
1791379581.552 343004
1791379581.606 343004
1791379581.660 343004
1791379581.714 343004
1791379581.768 343004
1791379581.822 343004
1791379581.876 343004
1791379581.930 343004
1791379581.984 343004
1791379582.038 343004
1791379582.092 343004
1791379582.145 343004
1791379582.199 343004
1791379582.253 343004
1791379582.307 343004
1791379582.361 343004
1791379582.415 343004
1791379582.469 343004
1791379582.523 343004
1791379582.577 343004
1791379582.631 343004
1791379582.683 343004
1791379582.737 343004
1791379582.791 343004
1791379582.845 343004
1791379582.899 343004
1791379582.953 343004
1791379583.007 343004
1791379583.060 343004
1791379583.114 343004
1791379583.168 343004
1791379583.222 343004
1791379583.276 343004
1791379583.330 343004
1791379583.384 343004
1791379583.438 343004
1791379583.492 343004
1791379583.546 343004
1791379583.600 343004
1791379583.654 343004
1791379583.708 343004
1791379583.762 343004
1791379583.816 343004
1791379583.869 343004
1791379583.923 343004
1791379583.977 343004
1791379584.031 343004
1791379584.085 343004
1791379584.139 343004
1791379584.193 343004
1791379584.247 343004
1791379584.301 343004
1791379584.355 343004
1791379584.409 343004
1791379584.463 343004
1791379584.517 343004
1791379584.570 343004
1791379584.624 343004
1791379584.678 343004
1791379584.732 343004
1791379584.786 343004
1791379584.840 343004
1791379584.894 343004
1791379584.947 343004
1791379585.002 343004
1791379585.055 343004
1791379585.109 343004
1791379585.163 344732
1791379585.215 345308
1791379585.269 345308
1791379585.323 345308
1791379585.377 345500
1791379585.431 345500
1791379585.485 345500
1791379585.540 345500
1791379585.594 345500
1791379585.648 345500
1791379585.702 345500
1791379585.756 345500
1791379585.810 345500
1791379585.864 345500
1791379585.918 345500
1791379585.972 345500
1791379586.026 345500
1791379586.080 345500
1791379586.134 345500
1791379586.188 345500
1791379586.242 345500
1791379586.296 345500
1791379586.350 345500
1791379586.404 345500
1791379586.458 345692
1791379586.512 345692
1791379586.566 345692
1791379586.620 345692
1791379586.674 345692
1791379586.728 345692
1791379586.782 346460
1791379586.836 346652
1791379586.890 346652
1791379586.944 346652
1791379586.998 346652
1791379587.052 346652
1791379587.106 346652
1791379587.160 346652
1791379587.214 346652
1791379587.268 346652
1791379587.322 346652
1791379587.376 346652
1791379587.430 346652
1791379587.484 346652
1791379587.538 346652
1791379587.592 346652
1791379587.646 346652
1791379587.700 346844
1791379587.754 346844
1791379587.805 346844
1791379587.859 346844
1791379587.913 346844
1791379587.968 346844
1791379588.022 346844
1791379588.076 346844
1791379588.130 346844
1791379588.184 346844
1791379588.238 347420
1791379588.292 347996
1791379588.346 347996
1791379588.401 347996
1791379588.453 347996
1791379588.507 347996
1791379588.561 347996
1791379588.615 347996
1791379588.669 347996
1791379588.722 347996
1791379588.776 347996
1791379588.830 347996
1791379588.884 347996
1791379588.938 347996
1791379588.992 347996
1791379589.046 347996
1791379589.100 347996
1791379589.154 347996
1791379589.208 347996
1791379589.262 348380
1791379589.316 357596
1791379589.367 358172
1791379589.419 358172
1791379589.473 358172
1791379589.527 358172
1791379589.581 358172
1791379589.635 358172
1791379589.689 358172
1791379589.744 358172
1791379589.798 358172
1791379589.852 358172
1791379589.906 358172
1791379589.959 358172
1791379590.013 358172
1791379590.067 358172
1791379590.121 358172
1791379590.175 358364
1791379590.229 358364
1791379590.283 358364
1791379590.337 358364
1791379590.392 358364
1791379590.446 358364
1791379590.500 358364
1791379590.554 358364
1791379590.608 358364
1791379590.662 358364
1791379590.716 358364
1791379590.770 358364
1791379590.824 358364
1791379590.878 358364
1791379590.932 358364
1791379590.986 358364
1791379591.040 358364
1791379591.094 358364
1791379591.148 358364
1791379591.202 358364
1791379591.257 358364
1791379591.311 358364
1791379591.364 358364
1791379591.419 358364
1791379591.472 358364
1791379591.527 358364
1791379591.581 358364
1791379591.635 358364
1791379591.688 358364
1791379591.743 358364
1791379591.796 358364
1791379591.850 358364
1791379591.905 358364
1791379591.959 358364
1791379592.013 358364
1791379592.067 358364
1791379592.121 358364
1791379592.175 358364
1791379592.229 358364
1791379592.283 358364
1791379592.337 358364
1791379592.390 358364
1791379592.444 358364
1791379592.498 358364
1791379592.552 358364
1791379592.606 358364
1791379592.660 358364
1791379592.714 358364
1791379592.768 358364
1791379592.822 358364
1791379592.876 358364
1791379592.930 358364
1791379592.984 358364
1791379593.038 358364
1791379593.092 358364
1791379593.146 358364
1791379593.200 358364
1791379593.254 358364
1791379593.308 358364
1791379593.362 358364
1791379593.416 358364
1791379593.470 358364
1791379593.524 358364
1791379593.578 358364
1791379593.632 358364
1791379593.686 358364
1791379593.740 358364
1791379593.794 358364
1791379593.848 358364
1791379593.902 358364
1791379593.956 358364
1791379594.010 358364
1791379594.065 358364
1791379594.119 358364
1791379594.173 358364
1791379594.227 358364
1791379594.281 358364
1791379594.335 358364
1791379594.389 358364
1791379594.441 358364
1791379594.495 358364
1791379594.549 358364
1791379594.603 358364
1791379594.657 358364
1791379594.711 358364
1791379594.765 358364
1791379594.819 358364
1791379594.873 358364
1791379594.925 358364
1791379594.979 358364
1791379595.033 358364
1791379595.087 358364
1791379595.141 358364
1791379595.195 358364
1791379595.249 358364
1791379595.304 358364
1791379595.357 358364
1791379595.412 358364
1791379595.465 358364
1791379595.519 358364
1791379595.573 358556
1791379595.627 358556
1791379595.681 358556
1791379595.735 358556
1791379595.789 358556
1791379595.843 358556
1791379595.897 358748
1791379595.951 358748
1791379596.005 358748
1791379596.059 358748
1791379596.113 358748
1791379596.167 358748
1791379596.221 358748
1791379596.275 358748
1791379596.329 358748
1791379596.383 358748
1791379596.437 358748
1791379596.491 358748
1791379596.545 358748
1791379596.599 358748
1791379596.653 358748
1791379596.707 358748
1791379596.761 358748
1791379596.815 358748
1791379596.869 358748
1791379596.923 358748
1791379596.977 358748
1791379597.031 358940
1791379597.085 358940
1791379597.136 358940
1791379597.189 358940
1791379597.244 358940
1791379597.298 358940
1791379597.352 358940
1791379597.406 358940
1791379597.460 358940
1791379597.514 359516
1791379597.568 359516
1791379597.622 359516
1791379597.676 359516
1791379597.730 359516
1791379597.785 359516
1791379597.836 359516
1791379597.890 359516
1791379597.944 359516
1791379597.998 359516
1791379598.052 359516
1791379598.106 359516
1791379598.161 359516
1791379598.215 359516
1791379598.269 359516
1791379598.323 359516
1791379598.377 359516
1791379598.431 359516
1791379598.485 359516
1791379598.539 359516
1791379598.593 359516
1791379598.647 359516
1791379598.701 359516
1791379598.755 359516
1791379598.809 359708
1791379598.863 359708
1791379598.918 359708
1791379598.972 359708
1791379599.026 359708
1791379599.080 359708
1791379599.134 359708
1791379599.188 359708
1791379599.242 359708
1791379599.296 359708
1791379599.350 359708
1791379599.404 359708
1791379599.457 359708
1791379599.511 359708
1791379599.565 359708
1791379599.619 359708
1791379599.673 359708
1791379599.727 359708
1791379599.781 359708
1791379599.835 359708
1791379599.889 359708
1791379599.943 359708
1791379599.997 359708
1791379600.051 359708
1791379600.105 359708
1791379600.159 359708
1791379600.213 359708
1791379600.267 362780
1791379600.319 381404
1791379600.370 441884
1791379600.422 537432
1791379600.474 573720
1791379600.526 587160
1791379600.578 591576
1791379600.632 636572
1791379600.685 642524
1791379600.738 657692
1791379600.791 644700
1791379600.845 485456
1791379600.897 500800
1791379600.949 501952
1791379601.000 501952
1791379601.055 501952
1791379601.111 501952
1791379601.166 501952
1791379601.221 501952
1791379601.276 501952
1791379601.331 501952
1791379601.386 501952
1791379601.441 501952
1791379601.496 501952
1791379601.551 501952
1791379601.605 501952
1791379601.660 501952
1791379601.715 449988
1791379601.770 449988
1791379601.825 449988
1791379601.880 449988
1791379601.935 449988
1791379601.990 449988
1791379602.045 449988
1791379602.100 449988
1791379602.155 449988
1791379602.210 449988
1791379602.265 449988
1791379602.320 449988
1791379602.375 449988
1791379602.430 449988
1791379602.485 449988
1791379602.540 449988
1791379602.595 449988
1791379602.650 449988
1791379602.705 449988
1791379602.760 449988
1791379602.815 449988
1791379602.870 449988
1791379602.925 449988
1791379602.980 449988
1791379603.035 449988
1791379603.090 449988
1791379603.144 449988
1791379603.200 449988
1791379603.254 449988
1791379603.309 449988
1791379603.364 449988
1791379603.419 449988
1791379603.474 449988
1791379603.529 449988
1791379603.584 449988
1791379603.639 449988
1791379603.694 449988
1791379603.749 449988
1791379603.804 449988
1791379603.859 449988
1791379603.914 449988
1791379603.969 449988
1791379604.024 449988
1791379604.079 449988
1791379604.134 449988
1791379604.189 449988
1791379604.244 449988
1791379604.299 449988
1791379604.353 449988
1791379604.408 449988
1791379604.463 449988
1791379604.518 449988
1791379604.573 449988
1791379604.628 449988
1791379604.683 449988
1791379604.738 449988
1791379604.793 449988
1791379604.848 449988
1791379604.903 449988
1791379604.958 449988
1791379605.013 449988
1791379605.068 449988
1791379605.123 449988
1791379605.178 449988
1791379605.233 449988
1791379605.288 449988
1791379605.343 449988
1791379605.398 449988
1791379605.453 449988
1791379605.508 449988
1791379605.563 449988
1791379605.618 449988
1791379605.670 449988
1791379605.726 449988
1791379605.781 449988
1791379605.836 449988
1791379605.891 449988
1791379605.946 449988
1791379606.001 449988
1791379606.056 449988
1791379606.110 449988
1791379606.165 449988
1791379606.220 449988
1791379606.275 449988
1791379606.329 449988
1791379606.384 449988
1791379606.439 449988
1791379606.494 449988
1791379606.548 450564
1791379606.603 450564
1791379606.658 450564
1791379606.712 450564
1791379606.767 450564
1791379606.822 450564
1791379606.876 450564
1791379606.931 450564
1791379606.985 450564
1791379607.040 450564
1791379607.095 450564
1791379607.150 450564
1791379607.204 450564
1791379607.259 450564
1791379607.314 450564
1791379607.366 450564
1791379607.421 450564
1791379607.476 450564
1791379607.530 450564
1791379607.585 450564
1791379607.640 450564
1791379607.694 450564
1791379607.749 450564
1791379607.800 450564
1791379607.852 450564
1791379607.907 450564
1791379607.962 450564
1791379608.016 450564
1791379608.071 450564
1791379608.125 450564
1791379608.180 450564
1791379608.234 450564
1791379608.289 450564
1791379608.344 450756
1791379608.398 450756
1791379608.453 450756
1791379608.508 450948
1791379608.562 451140
1791379608.613 451332
1791379608.665 451524
1791379608.719 451908
1791379608.774 452100
1791379608.825 452292
1791379608.880 452292
1791379608.935 452292
1791379608.989 452292
1791379609.043 452292
1791379609.098 452292
1791379609.152 452292
1791379609.207 452292
1791379609.261 452292
1791379609.316 452292
1791379609.370 452292
1791379609.425 452292
1791379609.479 452292
1791379609.534 452292
1791379609.588 452292
1791379609.643 452292
1791379609.697 452292
1791379609.752 452292
1791379609.806 452292
1791379609.861 452292
1791379609.915 452292
1791379609.970 452292
1791379610.025 452292
1791379610.079 452292
1791379610.134 452292
1791379610.188 452292
1791379610.243 452292
1791379610.297 452292
1791379610.352 452292
1791379610.406 452292
1791379610.460 452292
1791379610.515 452292
1791379610.569 452292
1791379610.624 452292
1791379610.678 452292
1791379610.733 454596
1791379610.784 462276
1791379610.837 483232
1791379610.890 498784
1791379610.941 501856
1791379610.993 502048
1791379611.048 502048
1791379611.103 502048
1791379611.158 502048
1791379611.213 502048
1791379611.268 502048
1791379611.322 502048
1791379611.377 502048
1791379611.432 502048
1791379611.487 502048
1791379611.542 502048
1791379611.597 502048
1791379611.652 502048
1791379611.707 502048
1791379611.761 497292
1791379611.816 497292
1791379611.871 497292
1791379611.926 497292
1791379611.981 497292
1791379612.036 497292
1791379612.091 497292
1791379612.145 497292
1791379612.200 497292
1791379612.255 497292
1791379612.310 497292
1791379612.365 497292
1791379612.420 497292
1791379612.475 497292
1791379612.530 497292
1791379612.585 497292
1791379612.639 497292
1791379612.694 497292
1791379612.749 497292
1791379612.804 497292
1791379612.859 497292
1791379612.914 497292
1791379612.969 497292
1791379613.024 497292
1791379613.078 497292
1791379613.133 497292
1791379613.188 497292
1791379613.243 497292
1791379613.298 497292
1791379613.352 497292
1791379613.407 500940
1791379613.459 500940
1791379613.514 500940
1791379613.569 500940
1791379613.624 500940
1791379613.679 500940
1791379613.733 500940
1791379613.788 500940
1791379613.844 500940
1791379613.898 500940
1791379613.953 500940
1791379614.008 500940
1791379614.063 500940
1791379614.118 500940
1791379614.172 500940
1791379614.227 500940
1791379614.282 500940
1791379614.337 501132
1791379614.391 501132
1791379614.449 501132
1791379614.504 501132
1791379614.558 501132
1791379614.613 501132
1791379614.668 501132
1791379614.722 501132
1791379614.777 501132
1791379614.829 501132
1791379614.880 501324
1791379614.933 501324
1791379614.988 501324
1791379615.043 501324
1791379615.098 501324
1791379615.152 501324
1791379615.207 501324
1791379615.261 501324
1791379615.316 501324
1791379615.371 501324
1791379615.425 501324
1791379615.476 501324
1791379615.531 501324
1791379615.586 501324
1791379615.640 502476
1791379615.692 502476
1791379615.747 502476
1791379615.801 502476
1791379615.856 502476
1791379615.911 502476
1791379615.965 502476
1791379616.020 502476
1791379616.074 502476
1791379616.129 502476
1791379616.183 502476
1791379616.238 502476
1791379616.293 502476
1791379616.347 502476
1791379616.402 502476
1791379616.456 502668
1791379616.511 502668
1791379616.565 502668
1791379616.619 502668
1791379616.673 502668
1791379616.728 502668
1791379616.782 493360
1791379616.836 493360
1791379616.890 493360
1791379616.945 493360
1791379616.999 493360
1791379617.053 493360
1791379617.108 493360
1791379617.163 493360
1791379617.217 493360
1791379617.272 493360
1791379617.326 493360
1791379617.381 493360
1791379617.435 493360
1791379617.490 493360
1791379617.544 493360
1791379617.599 493360
1791379617.653 493360
1791379617.708 493360
1791379617.762 493360
1791379617.814 493360
1791379617.866 493360
1791379617.921 493360
1791379617.975 493360
1791379618.028 493360
1791379618.083 493360
1791379618.138 493360
1791379618.192 493360
1791379618.247 493360
1791379618.301 493360
1791379618.356 493360
1791379618.411 493360
1791379618.465 493360
1791379618.520 493360
1791379618.574 493360
1791379618.629 493360
1791379618.683 493360
1791379618.738 493360
1791379618.793 493360
1791379618.847 493360
1791379618.902 493360
1791379618.956 493360
1791379619.011 493552
1791379619.066 493552
1791379619.120 493552
1791379619.175 493552
1791379619.230 493552
1791379619.284 493552
1791379619.339 493744
1791379619.394 494512
1791379619.448 494704
1791379619.503 494704
1791379619.557 494704
1791379619.611 494704
1791379619.666 494704
1791379619.720 494704
1791379619.775 494704
1791379619.829 494704
1791379619.884 494704
1791379619.939 494704
1791379619.993 494704
1791379620.048 494704
1791379620.103 494704
1791379620.157 494896
1791379620.212 494896
1791379620.266 494896
1791379620.321 494896
1791379620.375 494896
1791379620.430 494896
1791379620.485 494896
1791379620.539 495088
1791379620.594 495088
1791379620.648 495088
1791379620.703 495088
1791379620.758 495088
1791379620.812 495088
1791379620.867 495088
1791379620.921 495088
1791379620.976 495856
1791379621.028 495856
1791379621.083 495856
1791379621.135 495856
1791379621.188 495856
1791379621.243 495856
1791379621.298 495856
1791379621.352 495856
1791379621.407 495856
1791379621.462 495856
1791379621.517 495856
1791379621.572 495856
1791379621.626 495856
1791379621.681 495856
1791379621.735 495856
1791379621.790 495856
1791379621.845 495856
1791379621.899 495856
1791379621.954 495856
1791379622.008 495856
1791379622.063 495856
1791379622.117 495856
1791379622.172 495856
1791379622.226 495856
1791379622.281 495856
1791379622.335 495856
1791379622.390 495856
1791379622.445 495856
1791379622.499 495856
1791379622.554 495856
1791379622.608 495856
1791379622.663 495856
1791379622.717 495856
1791379622.772 495856
1791379622.826 495856
1791379622.881 495856
1791379622.935 495856
1791379622.990 495856
1791379623.044 495856
1791379623.099 495856
1791379623.154 495856
1791379623.208 495856
1791379623.263 495856
1791379623.317 495856
1791379623.372 495856
1791379623.426 495856
1791379623.481 495856
1791379623.535 495856
1791379623.590 495856
1791379623.644 495856
1791379623.699 495856
1791379623.754 495856
1791379623.808 495856
1791379623.863 495856
1791379623.917 495856
1791379623.972 495856
1791379624.026 495856
1791379624.081 495856
1791379624.135 495856
1791379624.190 495856
1791379624.245 495856
1791379624.299 495856
1791379624.354 495856
1791379624.408 495856
1791379624.463 495856
1791379624.517 495856
1791379624.572 495856
1791379624.627 495856
1791379624.681 495856
1791379624.736 495856
1791379624.790 495856
1791379624.845 495856
1791379624.899 495856
1791379624.954 495856
1791379625.009 495856
1791379625.063 495856
1791379625.118 495856
1791379625.172 495856
1791379625.227 495856
1791379625.281 495856
1791379625.336 495856
1791379625.391 495856
1791379625.445 495856
1791379625.500 495856
1791379625.554 495856
1791379625.609 495856
1791379625.663 495856
1791379625.718 495856
1791379625.772 495856
1791379625.827 495856
1791379625.881 495856
1791379625.936 495856
1791379625.991 495856
1791379626.045 495856
1791379626.098 495856
1791379626.153 495856
1791379626.208 495856
1791379626.262 495856
1791379626.317 495856
1791379626.372 495856
1791379626.426 495856
1791379626.481 495856
1791379626.535 495856
1791379626.590 495856
1791379626.645 495856
1791379626.699 495856
1791379626.753 495856
1791379626.808 495856
1791379626.863 495856
1791379626.917 495856
1791379626.972 495856
1791379627.026 495856
1791379627.081 495856
1791379627.136 495856
1791379627.190 495856
1791379627.245 495856
1791379627.300 495856
1791379627.354 495856
1791379627.409 495856
1791379627.463 495856
1791379627.518 495856
1791379627.573 495856
1791379627.627 495856
1791379627.682 495856
1791379627.736 495856
1791379627.791 495856
1791379627.842 495856
1791379627.897 495856
1791379627.952 495856
1791379628.006 495856
1791379628.061 495856
1791379628.116 495856
1791379628.170 495856
1791379628.225 495856
1791379628.280 495856
1791379628.334 495856
1791379628.389 495856
1791379628.444 495856
1791379628.498 495856
1791379628.553 495856
1791379628.608 495856
1791379628.663 495856
1791379628.717 495856
1791379628.772 495856
1791379628.826 495856
1791379628.881 495856
1791379628.936 495856
1791379628.990 495856
1791379629.045 495856
1791379629.100 495856
1791379629.154 495856
1791379629.209 495856
1791379629.263 495856
1791379629.318 495856
1791379629.373 495856
1791379629.427 495856
1791379629.482 495856
1791379629.536 495856
1791379629.591 495856
1791379629.645 495856
1791379629.700 495856
1791379629.755 495856
1791379629.809 495856
1791379629.864 495856
1791379629.919 495856
1791379629.973 495856
1791379630.028 495856
1791379630.083 495856
1791379630.137 495856
1791379630.192 495856
1791379630.246 495856
1791379630.301 495856
1791379630.356 495856
1791379630.410 495856
1791379630.465 495856
1791379630.520 495856
1791379630.574 495856
1791379630.629 495856
1791379630.684 495856
1791379630.738 495856
1791379630.793 495856
1791379630.848 495856
1791379630.902 495856
1791379630.957 495856
1791379631.011 495856
1791379631.066 495856
1791379631.121 495856
1791379631.175 495856
1791379631.229 495856
1791379631.284 495856
1791379631.338 495856
1791379631.393 495856
1791379631.447 495856
1791379631.502 495856
1791379631.556 495856
1791379631.611 495856
1791379631.665 495856
1791379631.720 495856
1791379631.774 495856
1791379631.829 495856
1791379631.883 495856
1791379631.938 495856
1791379631.992 495856
1791379632.047 495856
1791379632.101 495856
1791379632.156 495856
1791379632.211 495856
1791379632.265 495856
1791379632.320 495856
1791379632.374 495856
1791379632.429 495856
1791379632.483 495856
1791379632.538 495856
1791379632.592 495856
1791379632.647 495856
1791379632.701 495856
1791379632.756 495856
1791379632.810 495856
1791379632.865 495856
1791379632.919 495856
1791379632.974 495856
1791379633.028 495856
1791379633.083 495856
1791379633.137 495856
1791379633.192 495856
1791379633.246 495856
1791379633.301 495856
1791379633.355 495856
1791379633.410 495856
1791379633.464 495856
1791379633.519 495856
1791379633.573 495856
1791379633.628 495856
1791379633.682 495856
1791379633.737 495856
1791379633.791 495856
1791379633.846 495856
1791379633.900 495856
1791379633.955 495856
1791379634.009 495856
1791379634.064 495856
1791379634.118 495856
1791379634.173 495856
1791379634.227 495856
1791379634.282 495856
1791379634.336 495856
1791379634.391 495856
1791379634.445 495856
1791379634.500 495856
1791379634.556 495856
1791379634.609 495856
1791379634.667 495856
1791379634.723 495856
1791379634.778 495856
1791379634.832 495856
1791379634.887 495856
1791379634.941 495856
1791379634.996 495856
1791379635.050 495856
1791379635.105 495856
1791379635.159 495856
1791379635.214 495856
1791379635.268 495856
1791379635.323 495856
1791379635.377 495856
1791379635.432 495856
1791379635.486 495856
1791379635.541 495856
1791379635.595 495856
1791379635.649 495856
1791379635.704 495856
1791379635.758 495856
1791379635.813 495856
1791379635.867 495856
1791379635.922 495856
1791379635.977 495856
1791379636.031 495856
1791379636.086 495856
1791379636.140 495856
1791379636.195 495856
1791379636.249 495856
1791379636.304 495856
1791379636.358 495856
1791379636.413 495856
1791379636.467 495856
1791379636.522 496048
1791379636.577 496048
1791379636.631 496048
1791379636.686 496048
1791379636.740 496048
1791379636.795 496048
1791379636.849 496048
1791379636.904 496048
1791379636.958 496048
1791379637.012 496048
1791379637.063 496048
1791379637.118 496048
1791379637.172 496048
1791379637.227 496048
1791379637.281 496048
1791379637.336 496048
1791379637.390 496048
1791379637.445 496048
1791379637.499 496048
1791379637.554 496048
1791379637.609 496048
1791379637.663 496048
1791379637.718 496048
1791379637.772 496048
1791379637.826 496048
1791379637.878 496048
1791379637.932 496048
1791379637.987 496048
1791379638.041 496048
1791379638.096 496048
1791379638.151 496048
1791379638.205 496048
1791379638.260 496048
1791379638.315 496048
1791379638.369 496048
1791379638.424 496048
1791379638.478 496048
1791379638.533 496048
1791379638.587 496048
1791379638.642 496048
1791379638.696 496048
1791379638.751 496048
1791379638.806 496048
1791379638.861 496048
1791379638.915 496048
1791379638.970 496048
1791379639.024 496048
1791379639.079 496048
1791379639.130 496048
1791379639.185 496048
1791379639.240 496048
1791379639.295 496048
1791379639.349 496048
1791379639.404 496048
1791379639.458 496048
1791379639.513 496048
1791379639.568 496048
1791379639.622 496048
1791379639.677 496048
1791379639.731 496048
1791379639.786 496048
1791379639.840 496048
1791379639.895 496048
1791379639.949 496048
1791379640.004 496048
1791379640.058 496048
1791379640.113 496048
1791379640.167 496048
1791379640.222 496048
1791379640.277 496048
1791379640.331 496048
1791379640.386 496048
1791379640.440 496048
1791379640.495 496048
1791379640.549 496048
1791379640.604 496048
1791379640.658 496048
1791379640.713 496048
1791379640.767 496048
1791379640.822 496048
1791379640.876 496048
1791379640.931 496048
1791379640.986 496048
1791379641.040 496048
1791379641.095 496048
1791379641.149 496048
1791379641.204 496048
1791379641.258 496048
1791379641.313 496048
1791379641.367 496048
1791379641.422 496048
1791379641.476 496048
1791379641.531 496048
1791379641.585 496048
1791379641.640 496048
1791379641.694 496048
1791379641.749 496048
1791379641.803 496048
1791379641.858 496048
1791379641.912 496048
1791379641.967 496048
1791379642.021 496048
1791379642.076 496048
1791379642.130 496048
1791379642.185 496048
1791379642.239 496048
1791379642.294 496048
1791379642.348 496048
1791379642.403 496048
1791379642.457 496048
1791379642.512 496048
1791379642.566 496048
1791379642.621 496048
1791379642.675 496048
1791379642.730 496048
1791379642.784 496048
1791379642.839 496048
1791379642.893 496048
1791379642.948 496048
1791379643.002 496048
1791379643.057 496048
1791379643.111 496048
1791379643.166 496048
1791379643.220 496048
1791379643.275 496048
1791379643.329 496048
1791379643.384 496048
1791379643.438 496048
1791379643.493 496048
1791379643.548 496048
1791379643.602 496048
1791379643.657 496048
1791379643.711 496048
1791379643.766 496048
1791379643.820 496048
1791379643.875 496048
1791379643.929 496048
1791379643.984 496048
1791379644.038 496048
1791379644.093 496048
1791379644.147 496048
1791379644.202 496048
1791379644.256 496048
1791379644.311 496048
1791379644.366 496048
1791379644.420 496048
1791379644.475 496048
1791379644.529 496048
1791379644.584 496048
1791379644.638 496048
1791379644.693 496048
1791379644.748 496048
1791379644.802 496048
1791379644.857 496048
1791379644.911 496048
1791379644.966 496048
1791379645.020 496048
1791379645.075 496048
1791379645.129 496048
1791379645.184 496048
1791379645.238 496048
1791379645.293 496048
1791379645.348 496048
1791379645.402 496048
1791379645.457 496048
1791379645.511 496048
1791379645.566 496048
1791379645.620 496048
1791379645.675 496048
1791379645.729 496048
1791379645.784 496048
1791379645.838 496048
1791379645.893 496048
1791379645.947 496048
1791379646.002 496048
1791379646.056 496048
1791379646.111 496048
1791379646.166 496048
1791379646.220 496048
1791379646.275 496048
1791379646.329 496048
1791379646.384 496048
1791379646.438 496048
1791379646.493 496048
1791379646.547 496048
1791379646.602 496048
1791379646.656 496048
1791379646.711 496048
1791379646.765 496048
1791379646.820 496048
1791379646.874 496048
1791379646.929 496048
1791379646.983 496048
1791379647.038 496048
1791379647.092 496048
1791379647.147 496048
1791379647.201 496048
1791379647.256 496048
1791379647.311 496048
1791379647.365 496048
1791379647.420 496048
1791379647.474 496048
1791379647.529 496048
1791379647.583 496048
1791379647.638 496048
1791379647.693 496048
1791379647.747 496048
1791379647.802 496048
1791379647.857 496048
1791379647.912 496048
1791379647.966 496048
1791379648.021 496048
1791379648.076 496048
1791379648.130 496048
1791379648.185 496048
1791379648.239 496240
1791379648.294 496240
1791379648.349 496240
1791379648.403 496240
1791379648.458 496240
1791379648.512 496240
1791379648.567 496432
1791379648.621 496432
1791379648.676 496432
1791379648.730 496432
1791379648.785 496432
1791379648.839 496432
1791379648.894 496432
1791379648.948 496432
1791379649.003 496432
1791379649.057 496432
1791379649.112 504880
1791379649.163 525232
1791379649.214 543856
1791379649.267 561712
1791379649.320 597424
1791379649.374 616048
1791379649.427 675568
1791379649.481 702832
1791379649.534 714352
1791379649.588 752376
1791379649.642 753144
1791379649.695 869320
1791379649.747 968324
1791379649.798 1091588
1791379649.850 1244804
1791379649.901 1431044
1791379649.954 1494788
1791379650.009 1610372
1791379650.063 1622084
1791379650.117 1705220
1791379650.170 1786820
1791379650.224 1914116
1791379650.276 2052740
1791379650.328 2194244
1791379650.382 2395652
1791379650.434 2537348
1791379650.485 2676164
1791379650.536 2774276
1791379650.588 2814020
1791379650.640 3038084
1791379650.693 3092612
1791379650.746 3093188
1791379650.800 3154628
1791379650.852 3192260
1791379650.903 3202244
1791379650.955 3272900
1791379651.008 3371588
1791379651.059 3379460
1791379651.111 3452420
1791379651.163 3832964
1791379651.215 3881348
1791379651.266 3953540
1791379651.317 4058948
1791379651.369 4197572
1791379651.420 4336964
1791379651.471 4537412
1791379651.524 4841348
1791379651.577 4844804
1791379651.629 4866692
1791379651.681 4904516
1791379651.734 4911812
1791379651.787 4921220
1791379651.841 4915556
1791379651.894 4919204
1791379651.948 4926308
1791379652.001 4930724
1791379652.055 4935140
1791379652.108 4939940
1791379652.161 4944548
1791379652.215 4948772
1791379652.268 4953380
1791379652.322 4957412
1791379652.375 4965284
1791379652.428 5011172
1791379652.482 5032100
1791379652.535 5056292
1791379652.589 5070440
1791379652.642 5094248
1791379652.696 5126748
1791379652.749 5261724
1791379652.802 5585628
1791379652.855 5649868
1791379652.906 5650252
1791379652.959 5650252
1791379653.010 5650252
1791379653.061 5650444
1791379653.112 5651212
1791379653.164 5651596
1791379653.215 5651596
1791379653.269 5651596
1791379653.324 5651596
1791379653.380 5651596
1791379653.435 5651596
1791379653.490 5651596
1791379653.546 5651596
1791379653.601 5651596
1791379653.656 5651596
1791379653.711 5651596
1791379653.766 5651596
1791379653.822 5651596
1791379653.877 5651596
1791379653.932 5651596
1791379653.987 5651596
1791379654.042 5651596
1791379654.097 5651596
1791379654.152 5651596
1791379654.207 5651596
1791379654.263 5651596
1791379654.318 5651596
1791379654.373 5651596
1791379654.428 5651596
1791379654.483 5651596
1791379654.538 5651596
1791379654.593 5651596
1791379654.648 5651596
1791379654.700 5651596
1791379654.752 5651596
1791379654.803 5651596
1791379654.855 5651596
1791379654.906 5651596
1791379654.957 5651596
1791379655.009 5651596
1791379655.060 5651596
1791379655.111 5651596
1791379655.167 5651596
1791379655.222 5651596
1791379655.278 5651596
1791379655.333 5651596
1791379655.388 5651596
1791379655.443 5651596
1791379655.498 5651596
1791379655.553 5651596
1791379655.608 5651596
1791379655.664 5651596
1791379655.719 5651596
1791379655.774 5651596
1791379655.829 5651596
1791379655.884 5651596
1791379655.939 5651596
1791379655.994 5651596
1791379656.049 5651596
1791379656.105 5651596
1791379656.160 5651596
1791379656.215 5651596
1791379656.270 5651596
1791379656.326 5651596
1791379656.381 5651596
1791379656.436 5651596
1791379656.491 5651596
1791379656.546 5651596
1791379656.601 5651596
1791379656.656 5651596
1791379656.711 5651596
1791379656.766 5651596
1791379656.821 5651596
1791379656.876 5629180
1791379656.932 5629180
1791379656.987 5629180
1791379657.042 5629180
1791379657.095 5629180
1791379657.147 5629180
1791379657.203 5629180
1791379657.258 5629180
1791379657.313 5629180
1791379657.369 5629180
1791379657.421 5629180
1791379657.476 5629180
1791379657.531 5629180
1791379657.586 5629180
1791379657.641 5629180
1791379657.696 5629180
1791379657.751 5629180
1791379657.806 5629180
1791379657.861 5629180
1791379657.916 5629180
1791379657.972 5629180
1791379658.027 5629180
1791379658.082 5629180
1791379658.137 5629180
1791379658.192 5629180
1791379658.247 5629180
1791379658.302 5629180
1791379658.357 5629180
1791379658.412 5629180
1791379658.467 5629180
1791379658.522 5629180
1791379658.577 5629180
1791379658.632 5629180
1791379658.687 5629180
1791379658.742 5629180
1791379658.797 5629180
1791379658.852 5629180
1791379658.907 5629180
1791379658.962 5629180
1791379659.017 5629180
1791379659.069 5629180
1791379659.124 5629180
1791379659.179 5629180
1791379659.234 5629180
1791379659.289 5629180
1791379659.344 5629180
1791379659.399 5629180
1791379659.454 5629180
1791379659.509 5629180
1791379659.564 5629180
1791379659.619 5629180
1791379659.674 5629180
1791379659.726 5629180
1791379659.781 5629180
1791379659.836 5629180
1791379659.891 5629180
1791379659.946 5629180
1791379660.001 5629180
1791379660.056 5629180
1791379660.111 5629180
1791379660.166 5629180
1791379660.221 5629180
1791379660.276 5629180
1791379660.331 5629180
1791379660.386 5629180
1791379660.441 5629180
1791379660.496 5629180
1791379660.551 5629180
1791379660.606 5629180
1791379660.661 5629180
1791379660.716 5629180
1791379660.771 5629180
1791379660.826 5629180
1791379660.881 5629180
1791379660.936 5629180
1791379660.991 5629180
1791379661.046 5629180
1791379661.101 5629180
1791379661.156 5629180
1791379661.211 5629180
1791379661.266 5629180
1791379661.321 5629180
1791379661.376 5629180
1791379661.431 5629180
1791379661.486 5629180
1791379661.541 5629180
1791379661.596 5629180
1791379661.651 5629180
1791379661.706 5629180
1791379661.761 5629180
1791379661.816 5629180
1791379661.871 5629180
1791379661.926 5629180
1791379661.982 5629180
1791379662.037 5629180
1791379662.092 5629180
1791379662.147 5629180
1791379662.202 5629180
1791379662.257 5629180
1791379662.312 5629180
1791379662.367 5629180
1791379662.422 5629180
1791379662.477 5629180
1791379662.532 5629180
1791379662.587 5629180
1791379662.642 5629180
1791379662.697 5629180
1791379662.752 5629180
1791379662.807 5629180
1791379662.862 5629180
1791379662.917 5629180
1791379662.972 5629180
1791379663.027 5629180
1791379663.082 5629180
1791379663.137 5629180
1791379663.188 5629180
1791379663.240 5629180
1791379663.295 5629180
1791379663.350 5629180
1791379663.405 5629180
1791379663.460 5629180
1791379663.515 5629180
1791379663.569 5629180
1791379663.624 5629180
1791379663.679 5629180
1791379663.734 5629180
1791379663.785 5629180
1791379663.839 5629180
1791379663.890 5629180
1791379663.945 5629180
1791379664.000 5629180
1791379664.055 5629180
1791379664.110 5629180
1791379664.164 5629180
1791379664.219 5629180
1791379664.274 5629180
1791379664.329 5629180
1791379664.384 5629180
1791379664.439 5629180
1791379664.494 5629180
1791379664.549 5629180
1791379664.604 5629180
1791379664.659 5629180
1791379664.714 5629180
1791379664.767 5629180
1791379664.821 5629180
1791379664.876 5629180
1791379664.931 5629180
1791379664.986 5629180
1791379665.041 5629180
1791379665.096 5629180
1791379665.151 5629180
1791379665.206 5629180
1791379665.257 5629372
1791379665.308 5629372
1791379665.360 5635132
1791379665.412 5636668
1791379665.464 5636668
1791379665.519 5636668
1791379665.574 5636668
1791379665.629 5636668
1791379665.684 5636668
1791379665.739 5636668
1791379665.793 5636668
1791379665.848 5636668
1791379665.903 5636668
1791379665.958 5636668
1791379666.013 5636668
1791379666.068 5636668
1791379666.123 5636668
1791379666.178 5636668
1791379666.233 5636668
1791379666.289 5636668
1791379666.344 5636668
1791379666.399 5636668
1791379666.454 5636668
1791379666.508 5636668
1791379666.563 5636668
1791379666.618 5636668
1791379666.672 5636668
1791379666.727 5636668
1791379666.782 5636668
1791379666.837 5636668
1791379666.892 5636668
1791379666.947 5636668
1791379667.002 5636668
1791379667.057 5636668
1791379667.112 5636668
1791379667.167 5636668
1791379667.222 5636668
1791379667.277 5636668
1791379667.332 5636668
1791379667.387 5636668
1791379667.442 5636668
1791379667.497 5636668
1791379667.552 5636668
1791379667.607 5636668
1791379667.662 5636668
1791379667.717 5636668
1791379667.772 5636668
1791379667.827 5636668
1791379667.878 5636668
1791379667.933 5636668
1791379667.988 5636668
1791379668.044 5636668
1791379668.099 5636668
1791379668.154 5636668
1791379668.209 5636668
1791379668.265 5636668
1791379668.320 5636668
1791379668.375 5636668
1791379668.430 5636668
1791379668.485 5636668
1791379668.540 5636668
1791379668.595 5636668
1791379668.649 5636668
1791379668.704 5636668
1791379668.759 5636668
1791379668.814 5636668
1791379668.869 5636668
1791379668.924 5636668
1791379668.979 5636668
1791379669.034 5636668
1791379669.089 5636668
1791379669.143 5636668
1791379669.200 5636668
1791379669.252 5636668
1791379669.307 5636668
1791379669.362 5636668
1791379669.417 5636668
1791379669.472 5636668
1791379669.527 5636668
1791379669.581 5636668
1791379669.636 5636668
1791379669.691 5636668
1791379669.746 5636668
1791379669.798 5636668
1791379669.853 5636668
1791379669.908 5636668
1791379669.963 5636668
1791379670.018 5636668
1791379670.073 5636668
1791379670.128 5636668
1791379670.183 5636668
1791379670.238 5636668
1791379670.293 5636668
1791379670.348 5636668
1791379670.402 5636668
1791379670.457 5636668
1791379670.512 5636668
1791379670.567 5636668
1791379670.622 5636668
1791379670.677 5636668
1791379670.732 5636668
1791379670.786 5636668
1791379670.841 5636668
1791379670.896 5636668
1791379670.951 5636668
1791379671.006 5636668
1791379671.061 5636668
1791379671.116 5636668
1791379671.170 5636668
1791379671.225 5636668
1791379671.280 5636668
1791379671.335 5636668
1791379671.390 5636668
1791379671.445 5636668
1791379671.500 5636668
1791379671.554 5636668
1791379671.609 5636668
1791379671.664 5636668
1791379671.719 5636668
1791379671.774 5636668
1791379671.828 5636668
1791379671.883 5628392
1791379671.938 5628392
1791379671.993 5628392
1791379672.048 5628392
1791379672.103 5628392
1791379672.157 5628392
1791379672.212 5628392
1791379672.267 5628392
1791379672.322 5628392
1791379672.377 5628392
1791379672.432 5628392
1791379672.486 5628392
1791379672.541 5628392
1791379672.596 5628392
1791379672.651 5628392
1791379672.706 5628392
1791379672.761 5628392
1791379672.815 5628392
1791379672.870 5628392
1791379672.925 5628392
1791379672.980 5628392
1791379673.035 5628392
1791379673.090 5628392
1791379673.144 5628392
1791379673.199 5628392
1791379673.254 5628392
1791379673.309 5628392
1791379673.364 5628392
1791379673.419 5628392
1791379673.473 5628392
1791379673.528 5628392
1791379673.583 5628392
1791379673.638 5628392
1791379673.693 5628392
1791379673.748 5628392
1791379673.802 5628392
1791379673.857 5628392
1791379673.912 5628392
1791379673.967 5628392
1791379674.022 5628392
1791379674.077 5628392
1791379674.131 5628392
1791379674.186 5628392
1791379674.241 5628392
1791379674.296 5628392
1791379674.351 5628392
1791379674.406 5628392
1791379674.460 5628392
1791379674.515 5628392
1791379674.570 5628392
1791379674.625 5628392
1791379674.680 5628392
1791379674.734 5628392
1791379674.789 5628392
1791379674.844 5628392
1791379674.899 5628392
1791379674.954 5628392
1791379675.009 5628392
1791379675.064 5628392
1791379675.118 5628392
1791379675.173 5628392
1791379675.228 5628392
1791379675.283 5628392
1791379675.338 5628392
1791379675.392 5628392
1791379675.447 5628392
1791379675.502 5628392
1791379675.557 5628392
1791379675.612 5628392
1791379675.667 5628392
1791379675.721 5628392
1791379675.776 5628392
1791379675.831 5628392
1791379675.886 5628392
1791379675.941 5628392
1791379675.995 5628392
1791379676.050 5628392
1791379676.105 5628392
1791379676.160 5628392
1791379676.215 5628392
1791379676.270 5628392
1791379676.324 5628392
1791379676.379 5628392
1791379676.434 5628392
1791379676.489 5628392
1791379676.544 5628392
1791379676.599 5628392
1791379676.653 5628392
1791379676.708 5628392
1791379676.763 5628392
1791379676.818 5628392
1791379676.873 5628392
1791379676.928 5628392
1791379676.982 5628392
1791379677.037 5628392
1791379677.088 5628392
1791379677.143 5628392
1791379677.198 5628392
1791379677.253 5628392
1791379677.308 5628392
1791379677.362 5628392
1791379677.417 5628392
1791379677.472 5628392
1791379677.527 5628392
1791379677.582 5628392
1791379677.636 5628392
1791379677.691 5628392
1791379677.746 5628392
1791379677.801 5628392
1791379677.856 5628392
1791379677.907 5628392
1791379677.962 5628392
1791379678.017 5628392
1791379678.072 5628392
1791379678.127 5628392
1791379678.181 5628392
1791379678.236 5628392
1791379678.291 5628392
1791379678.346 5628392
1791379678.401 5628392
1791379678.456 5628392
1791379678.511 5628392
1791379678.565 5628392
1791379678.620 5628392
1791379678.675 5628392
1791379678.730 5628392
1791379678.785 5628392
1791379678.840 5628392
1791379678.894 5628392
1791379678.949 5628392
1791379679.004 5628392
1791379679.059 5628392
1791379679.114 5628392
1791379679.168 5628392
1791379679.223 5628392
1791379679.278 5628392
1791379679.333 5628392
1791379679.388 5628392
1791379679.443 5628392
1791379679.497 5628392
1791379679.552 5628392
1791379679.607 5628392
1791379679.662 5628392
1791379679.717 5628392
1791379679.771 5628392
1791379679.823 5628392
1791379679.877 5628392
1791379679.932 5628392
1791379679.987 5628392
1791379680.042 5628392
1791379680.097 5628392
1791379680.152 5628392
1791379680.207 5628392
1791379680.261 5628392
1791379680.316 5628392
1791379680.371 5628392
1791379680.426 5628392
1791379680.481 5628392
1791379680.536 5628392
1791379680.590 5628392
1791379680.645 5628392
1791379680.700 5628392
1791379680.755 5628392
1791379680.810 5628392
1791379680.865 5628392
1791379680.919 5628392
1791379680.974 5628392
1791379681.029 5628392
1791379681.084 5628392
1791379681.139 5628392
1791379681.194 5628392
1791379681.247 5628392
1791379681.310 5628392
1791379681.367 5628392
1791379681.422 5628392
1791379681.477 5628392
1791379681.532 5628392
1791379681.587 5628392
1791379681.642 5628392
1791379681.697 5628392
1791379681.751 5628392
1791379681.806 5628392
1791379681.861 5628392
1791379681.916 5628392
1791379681.971 5628392
1791379682.026 5628392
1791379682.081 5628392
1791379682.136 5628392
1791379682.191 5628392
1791379682.246 5628392
1791379682.300 5628392
1791379682.355 5628392
1791379682.410 5628392
1791379682.465 5628392
1791379682.520 5628392
1791379682.575 5628392
1791379682.629 5628392
1791379682.684 5628392
1791379682.739 5628392
1791379682.794 5628392
1791379682.849 5628392
1791379682.904 5628392
1791379682.958 5628392
1791379683.013 5628392
1791379683.068 5628392
1791379683.123 5628392
1791379683.178 5628392
1791379683.233 5628392
1791379683.287 5628392
1791379683.342 5628392
1791379683.397 5628392
1791379683.452 5628392
1791379683.507 5628392
1791379683.562 5628392
1791379683.616 5628392
1791379683.671 5628392
1791379683.726 5628392
1791379683.781 5628392
1791379683.836 5628392
1791379683.890 5628392
1791379683.945 5628392
1791379684.000 5628392
1791379684.055 5628392
1791379684.110 5628392
1791379684.165 5628392
1791379684.220 5628392
1791379684.274 5628392
1791379684.329 5628392
1791379684.384 5628392
1791379684.439 5628392
1791379684.494 5628392
1791379684.549 5628392
1791379684.604 5628392
1791379684.658 5628392
1791379684.713 5628392
1791379684.768 5628392
1791379684.823 5628392
1791379684.875 5628392
1791379684.930 5628392
1791379684.985 5628392
1791379685.040 5628392
1791379685.095 5628392
1791379685.150 5628392
1791379685.205 5628392
1791379685.260 5628392
1791379685.315 5628392
1791379685.370 5628392
1791379685.425 5628392
1791379685.480 5628392
1791379685.535 5628392
1791379685.589 5628392
1791379685.644 5628392
1791379685.699 5628392
1791379685.751 5628392
1791379685.803 5628392
1791379685.858 5628392
1791379685.913 5628392
1791379685.968 5628392
1791379686.023 5628392
1791379686.077 5628392
1791379686.132 5628392
1791379686.187 5628392
1791379686.242 5628392
1791379686.297 5628392
1791379686.352 5628392
1791379686.407 5628392
1791379686.462 5628392
1791379686.517 5628392
1791379686.571 5628392
1791379686.626 5628392
1791379686.681 5628392
1791379686.736 5628392
1791379686.791 5628392
1791379686.846 5628392
1791379686.901 5628392
1791379686.956 5628392
1791379687.011 5628392
1791379687.065 5628392
1791379687.120 5628392
1791379687.175 5628392
1791379687.230 5628392
1791379687.285 5628392
1791379687.340 5628392
1791379687.395 5628392
1791379687.450 5628392
1791379687.505 5628392
1791379687.560 5628392
1791379687.614 5628392
1791379687.669 5628392
1791379687.724 5628392
1791379687.779 5628392
1791379687.834 5628392
1791379687.885 5628392
1791379687.940 5628392
1791379687.995 5628392
1791379688.050 5628392
1791379688.105 5628392
1791379688.160 5628392
1791379688.214 5628392
1791379688.269 5628392
1791379688.324 5628392
1791379688.379 5628392
1791379688.434 5628392
1791379688.489 5628392
1791379688.543 5628392
1791379688.598 5628392
1791379688.653 5628392
1791379688.708 5628392
1791379688.763 5628392
1791379688.818 5628392
1791379688.872 5628392
1791379688.927 5628392
1791379688.982 5628392
1791379689.037 5628392
1791379689.092 5628392
1791379689.147 5628392
1791379689.201 5628392
1791379689.256 5628392
1791379689.311 5628392
1791379689.366 5628392
1791379689.421 5628392
1791379689.476 5628392
1791379689.531 5628392
1791379689.585 5628392
1791379689.640 5628392
1791379689.695 5628392
1791379689.750 5628392
1791379689.805 5628392
1791379689.860 5628392
1791379689.914 5628392
1791379689.969 5628392
1791379690.024 5628392
1791379690.079 5628392
1791379690.134 5628392
1791379690.189 5628392
1791379690.243 5628392
1791379690.298 5628392
1791379690.353 5628392
1791379690.408 5628392
1791379690.463 5628392
1791379690.517 5628392
1791379690.572 5628392
1791379690.627 5628392
1791379690.682 5628392
1791379690.737 5628392
1791379690.791 5628392
1791379690.846 5628392
1791379690.901 5628392
1791379690.956 5628392
1791379691.011 5628392
1791379691.065 5628392
1791379691.120 5628392
1791379691.175 5628392
1791379691.230 5628392
1791379691.285 5628392
1791379691.340 5628392
1791379691.395 5628392
1791379691.449 5628392
1791379691.504 5628392
1791379691.559 5628392
1791379691.614 5628392
1791379691.669 5628392
1791379691.724 5628392
1791379691.778 5628392
1791379691.833 5628392
1791379691.888 5628392
1791379691.943 5628392
1791379691.998 5628392
1791379692.053 5628392
1791379692.108 5628392
1791379692.162 5628392
1791379692.217 5628392
1791379692.272 5628392
1791379692.327 5628392
1791379692.382 5628392
1791379692.437 5628392
1791379692.492 5628392
1791379692.547 5628392
1791379692.602 5628392
1791379692.656 5628392
1791379692.711 5628392
1791379692.766 5628392
1791379692.821 5628392
1791379692.876 5628392
1791379692.931 5628392
1791379692.986 5628392
1791379693.041 5628392
1791379693.095 5628392
1791379693.150 5628392
1791379693.205 5628392
1791379693.260 5628392
1791379693.315 5628392
1791379693.370 5628392
1791379693.425 5628392
1791379693.479 5628392
1791379693.534 5628392
1791379693.589 5628392
1791379693.644 5628392
1791379693.697 5628392
1791379693.752 5628392
1791379693.807 5628392
1791379693.861 5628392
1791379693.916 5628392
1791379693.971 5628392
1791379694.026 5628392
1791379694.081 5628392
1791379694.136 5628392
1791379694.190 5628392
1791379694.243 5628392
1791379694.298 5628392
1791379694.353 5628392
1791379694.408 5628392
1791379694.463 5628392
1791379694.518 5628392
1791379694.573 5628392
1791379694.628 5628392
1791379694.683 5628392
1791379694.738 5628392
1791379694.792 5628392
1791379694.847 5628392
1791379694.898 5628392
1791379694.953 5628392
1791379695.009 5628392
1791379695.063 5628392
1791379695.118 5628392
1791379695.173 5628392
1791379695.228 5628392
1791379695.283 5628392
1791379695.338 5628392
1791379695.393 5628392
1791379695.448 5628392
1791379695.503 5628392
1791379695.558 5628392
1791379695.613 5628392
1791379695.668 5628392
1791379695.722 5628392
1791379695.777 5628392
1791379695.832 5628392
1791379695.887 5628392
1791379695.942 5628392
1791379695.997 5628392
1791379696.052 5628392
1791379696.108 5628392
1791379696.163 5628392
1791379696.218 5628392
1791379696.273 5628392
1791379696.328 5628392
1791379696.382 5628392
1791379696.437 5628392
1791379696.491 5628392
1791379696.546 5628392
1791379696.601 5628392
1791379696.656 5628392
1791379696.711 5628392
1791379696.766 5628392
1791379696.821 5628392
1791379696.876 5628392
1791379696.931 5628392
1791379696.986 5628392
1791379697.041 5628392
1791379697.095 5628392
1791379697.150 5628392
1791379697.205 5628392
1791379697.260 5628392
1791379697.315 5628392
1791379697.370 5628392
1791379697.425 5628392
1791379697.480 5628392
1791379697.535 5628392
1791379697.589 5628392
1791379697.644 5628392
1791379697.699 5628392
1791379697.754 5628392
1791379697.809 5628392
1791379697.863 5628392
1791379697.915 5628392
1791379697.970 5628392
1791379698.025 5628392
1791379698.080 5628392
1791379698.135 5628392
1791379698.190 5628392
1791379698.244 5628392
1791379698.299 5628392
1791379698.354 5628392
1791379698.409 5628392
1791379698.464 5628392
1791379698.519 5628392
1791379698.573 5628392
1791379698.628 5628392
1791379698.683 5628392
1791379698.738 5628392
1791379698.793 5628392
1791379698.847 5628392
1791379698.902 5628392
1791379698.957 5628392
1791379699.012 5628392
1791379699.067 5628392
1791379699.122 5628392
1791379699.177 5628392
1791379699.231 5628392
1791379699.286 5628392
1791379699.341 5628392
1791379699.396 5628392
1791379699.451 5628392
1791379699.506 5628392
1791379699.561 5628392
1791379699.616 5628392
1791379699.671 5628392
1791379699.725 5628392
1791379699.780 5628392
1791379699.835 5628392
1791379699.890 5628392
1791379699.941 5628392
1791379699.996 5628392
1791379700.050 5628392
1791379700.105 5628392
1791379700.160 5628392
1791379700.215 5628392
1791379700.270 5628392
1791379700.324 5628392
1791379700.379 5628392
1791379700.434 5628392
1791379700.489 5628392
1791379700.543 5628392
1791379700.598 5628392
1791379700.653 5628392
1791379700.708 5628392
1791379700.763 5628392
1791379700.818 5628392
1791379700.873 5628392
1791379700.928 5628392
1791379700.982 5628392
1791379701.037 5628392
1791379701.092 5628392
1791379701.147 5628392
1791379701.202 5628392
1791379701.257 5628392
1791379701.312 5628392
1791379701.366 5628392
1791379701.421 5628392
1791379701.476 5628392
1791379701.531 5628392
1791379701.586 5628392
1791379701.641 5628392
1791379701.696 5628392
1791379701.750 5628392
1791379701.805 5628392
1791379701.860 5628392
1791379701.915 5628392
1791379701.970 5628392
1791379702.025 5628392
1791379702.080 5628392
1791379702.134 5628392
1791379702.189 5628392
1791379702.244 5628392
1791379702.299 5628392
1791379702.354 5628392
1791379702.409 5628392
1791379702.464 5628392
1791379702.519 5628392
1791379702.574 5628392
1791379702.628 5628392
1791379702.683 5628392
1791379702.738 5628392
1791379702.793 5628392
1791379702.848 5628392
1791379702.903 5628392
1791379702.957 5628392
1791379703.012 5628392
1791379703.067 5628392
1791379703.122 5628392
1791379703.177 5628392
1791379703.232 5628392
1791379703.286 5628392
1791379703.341 5628392
1791379703.396 5628392
1791379703.451 5628392
1791379703.506 5628392
1791379703.561 5628392
1791379703.615 5628392
1791379703.670 5628392
1791379703.725 5628392
1791379703.780 5628392
1791379703.835 5628392
1791379703.890 5628392
1791379703.944 5628392
1791379703.999 5628392
1791379704.054 5628392
1791379704.109 5628392
1791379704.164 5628392
1791379704.219 5628392
1791379704.273 5628392
1791379704.328 5628392
1791379704.383 5628392
1791379704.438 5628392
1791379704.493 5628392
1791379704.548 5628392
1791379704.602 5628392
1791379704.657 5628392
1791379704.712 5628392
1791379704.767 5628392
1791379704.822 5628392
1791379704.877 5628392
1791379704.931 5628392
1791379704.986 5628392
1791379705.041 5628392
1791379705.096 5628392
1791379705.151 5628392
1791379705.206 5628392
1791379705.260 5628392
1791379705.315 5628392
1791379705.370 5628392
1791379705.425 5628392
1791379705.480 5628392
1791379705.535 5628392
1791379705.589 5628392
1791379705.644 5628392
1791379705.699 5628392
1791379705.754 5628392
1791379705.809 5628392
1791379705.864 5628392
1791379705.919 5628392
1791379705.973 5628392
1791379706.028 5628392
1791379706.083 5628392
1791379706.138 5628392
1791379706.193 5628392
1791379706.248 5628392
1791379706.303 5628392
1791379706.357 5628392
1791379706.412 5628392
1791379706.467 5628392
1791379706.522 5628392
1791379706.577 5628392
1791379706.632 5628392
1791379706.686 5628392
1791379706.741 5628392
1791379706.796 5628392
1791379706.851 5628392
1791379706.906 5628392
1791379706.960 5628392
1791379707.015 5628392
1791379707.070 5628392
1791379707.124 5656232
1791379707.177 3121168
1791379707.229 800600
1791379707.281 4800
