1791380823.023 32448
1791380823.073 48000
1791380823.124 57984
1791380823.174 69408
1791380823.225 84592
1791380823.276 115688
1791380823.326 138680
1791380823.378 141692
1791380823.431 150908
1791380823.483 154388
1791380823.535 158036
1791380823.586 158036
1791380823.637 170708
1791380823.688 196820
1791380823.740 218924
1791380823.791 225644
1791380823.844 236320
1791380823.897 260632
1791380823.950 265048
1791380824.003 267172
1791380824.055 264004
1791380824.107 269188
1791380824.160 273604
1791380824.211 292996
1791380824.263 295684
1791380824.314 304324
1791380824.365 309316
1791380824.416 313924
1791380824.468 316612
1791380824.519 321220
1791380824.570 322948
1791380824.621 328324
1791380824.672 337804
1791380824.724 339340
1791380824.775 339724
1791380824.830 339724
1791380824.885 339724
1791380824.938 339724
1791380824.994 339724
1791380825.048 339724
1791380825.100 339724
1791380825.151 339724
1791380825.202 339724
1791380825.253 339724
1791380825.305 339724
1791380825.356 339724
1791380825.407 339724
1791380825.458 339724
1791380825.513 339724
1791380825.569 339724
1791380825.624 339724
1791380825.679 339724
1791380825.733 339724
1791380825.788 339724
1791380825.843 339724
1791380825.898 339724
1791380825.953 339724
1791380826.008 339724
1791380826.064 339724
1791380826.119 339724
1791380826.174 339724
1791380826.229 339724
1791380826.284 339724
1791380826.339 339724
1791380826.394 339724
1791380826.448 339724
1791380826.503 339724
1791380826.558 339724
1791380826.613 339724
1791380826.668 339724
1791380826.723 339724
1791380826.778 339724
1791380826.833 339724
1791380826.887 339724
1791380826.942 339724
1791380826.997 339724
1791380827.051 339724
1791380827.106 339724
1791380827.161 339724
1791380827.216 339724
1791380827.271 339724
1791380827.324 339724
1791380827.379 339724
1791380827.434 339724
1791380827.488 339724
1791380827.543 339724
1791380827.598 339724
1791380827.653 339724
1791380827.708 339724
1791380827.763 339724
1791380827.818 339724
1791380827.873 339724
1791380827.928 339724
1791380827.983 339724
1791380828.034 339724
1791380828.089 334816
1791380828.144 334816
1791380828.199 334816
1791380828.254 334816
1791380828.309 334816
1791380828.364 334816
1791380828.419 334816
1791380828.474 334816
1791380828.529 334816
1791380828.584 334816
1791380828.639 334816
1791380828.694 334816
1791380828.748 334816
1791380828.803 334816
1791380828.858 334816
1791380828.913 334816
1791380828.968 334816
1791380829.023 334816
1791380829.078 334816
1791380829.133 334816
1791380829.188 334816
1791380829.243 334816
1791380829.298 334816
1791380829.353 334816
1791380829.408 334816
1791380829.463 334816
1791380829.518 334816
1791380829.573 334816
1791380829.628 335008
1791380829.682 335008
1791380829.737 335008
1791380829.792 335008
1791380829.846 335008
1791380829.901 335008
1791380829.956 335008
1791380830.010 335008
1791380830.065 335008
1791380830.120 335008
1791380830.174 335008
1791380830.229 335008
1791380830.283 335008
1791380830.335 335008
1791380830.389 335008
1791380830.444 335008
1791380830.498 335008
1791380830.553 335008
1791380830.608 335008
1791380830.662 335008
1791380830.717 335008
1791380830.771 335008
1791380830.826 335008
1791380830.880 335008
1791380830.935 335008
1791380830.990 335008
1791380831.042 335008
1791380831.094 335008
1791380831.148 335008
1791380831.203 335008
1791380831.257 335008
1791380831.312 335008
1791380831.367 335008
1791380831.421 335008
1791380831.479 335008
1791380831.533 335008
1791380831.588 335008
1791380831.643 335008
1791380831.697 335008
1791380831.752 335008
1791380831.807 335008
1791380831.862 335008
1791380831.916 335008
1791380831.971 335008
1791380832.026 335008
1791380832.080 335008
1791380832.136 335008
1791380832.190 335008
1791380832.247 335008
1791380832.302 335008
1791380832.357 335008
1791380832.411 335008
1791380832.466 335008
1791380832.520 335008
1791380832.575 335008
1791380832.629 335008
1791380832.684 335008
1791380832.738 335008
1791380832.793 335008
1791380832.847 335008
1791380832.902 335008
1791380832.957 335008
1791380833.011 335008
1791380833.066 335008
1791380833.120 335200
1791380833.174 335200
1791380833.229 335200
1791380833.283 335200
1791380833.338 335200
1791380833.393 335392
1791380833.447 335392
1791380833.502 335392
1791380833.557 335392
1791380833.611 335392
1791380833.666 335392
1791380833.721 335392
1791380833.775 335392
1791380833.830 335392
1791380833.884 335392
1791380833.936 335392
1791380833.991 335392
1791380834.045 335392
1791380834.100 335392
1791380834.155 335392
1791380834.210 335392
1791380834.264 335392
1791380834.319 335392
1791380834.373 335392
1791380834.428 335392
1791380834.483 335392
1791380834.537 335392
1791380834.592 335392
1791380834.647 335392
1791380834.701 335392
1791380834.756 335392
1791380834.811 335392
1791380834.865 335392
1791380834.920 335392
1791380834.975 335392
1791380835.029 335392
1791380835.084 335392
1791380835.139 335392
1791380835.190 335392
1791380835.243 335392
1791380835.298 335392
1791380835.352 335392
1791380835.407 335392
1791380835.462 335392
1791380835.516 335392
1791380835.571 335392
1791380835.626 335392
1791380835.681 335392
1791380835.735 335392
1791380835.790 335392
1791380835.844 335392
1791380835.899 335392
1791380835.954 335392
1791380836.008 335392
1791380836.063 335392
1791380836.118 335392
1791380836.173 335392
1791380836.228 335392
1791380836.283 335392
1791380836.337 335392
1791380836.392 335392
1791380836.447 335392
1791380836.502 335392
1791380836.556 335392
1791380836.611 335392
1791380836.666 335392
1791380836.720 335392
1791380836.775 335392
1791380836.829 335392
1791380836.884 335392
1791380836.939 335392
1791380836.993 335392
1791380837.046 335392
1791380837.100 335392
1791380837.155 335392
1791380837.210 335392
1791380837.265 335392
1791380837.320 335392
1791380837.374 335392
1791380837.429 335392
1791380837.484 335392
1791380837.538 335392
1791380837.593 335392
1791380837.647 335392
1791380837.699 335392
1791380837.753 335392
1791380837.808 335392
1791380837.863 335392
1791380837.917 335392
1791380837.972 335392
1791380838.027 335392
1791380838.082 335392
1791380838.136 335392
1791380838.191 335392
1791380838.246 335392
1791380838.300 335392
1791380838.355 335392
1791380838.410 335392
1791380838.464 335392
1791380838.520 335392
1791380838.575 335392
1791380838.630 335392
1791380838.684 335392
1791380838.739 335392
1791380838.794 335392
1791380838.848 335392
1791380838.903 335392
1791380838.958 335392
1791380839.012 335392
1791380839.067 335392
1791380839.118 335392
1791380839.172 335392
1791380839.226 335392
1791380839.278 335392
1791380839.332 335392
1791380839.386 335392
1791380839.441 335392
1791380839.495 335392
1791380839.550 335392
1791380839.605 335392
1791380839.656 335392
1791380839.711 335392
1791380839.762 335392
1791380839.817 335392
1791380839.871 335392
1791380839.926 335392
1791380839.981 335392
1791380840.035 335392
1791380840.090 335392
1791380840.145 335392
1791380840.200 335392
1791380840.254 335392
1791380840.309 335392
1791380840.363 335392
1791380840.419 335392
1791380840.473 335392
1791380840.528 335392
1791380840.583 335392
1791380840.637 335392
1791380840.692 335392
1791380840.747 335392
1791380840.801 335392
1791380840.856 335392
1791380840.911 335392
1791380840.965 335392
1791380841.020 335392
1791380841.071 335392
1791380841.126 335392
1791380841.180 335392
1791380841.235 335392
1791380841.290 335392
1791380841.344 335392
1791380841.399 335392
1791380841.454 335392
1791380841.508 335392
1791380841.563 335392
1791380841.617 335392
1791380841.672 335392
1791380841.726 335392
1791380841.781 335392
1791380841.835 335392
1791380841.890 335392
1791380841.945 335392
1791380841.999 335392
1791380842.054 335392
1791380842.109 335392
1791380842.164 335392
1791380842.219 335392
1791380842.274 335392
1791380842.329 335392
1791380842.383 335392
1791380842.438 335392
1791380842.492 335392
1791380842.547 335392
1791380842.602 335392
1791380842.657 335392
1791380842.711 335392
1791380842.766 335392
1791380842.821 335392
1791380842.875 335392
1791380842.930 335392
1791380842.985 335392
1791380843.037 335392
1791380843.088 335392
1791380843.143 335392
1791380843.198 335392
1791380843.252 335392
1791380843.307 335392
1791380843.362 335392
1791380843.417 335392
1791380843.471 335392
1791380843.527 335392
1791380843.582 335392
1791380843.636 335392
1791380843.691 335392
1791380843.746 335392
1791380843.800 335392
1791380843.855 335392
1791380843.909 335392
1791380843.964 335392
1791380844.019 335392
1791380844.074 335392
1791380844.129 335392
1791380844.183 335392
1791380844.238 335392
1791380844.293 335392
1791380844.347 335392
1791380844.402 335392
1791380844.457 335392
1791380844.511 335392
1791380844.566 335392
1791380844.621 335392
1791380844.676 335392
1791380844.730 335392
1791380844.785 335392
1791380844.840 335392
1791380844.894 335392
1791380844.949 335392
1791380845.004 335392
1791380845.058 335392
1791380845.113 335392
1791380845.168 335392
1791380845.222 335392
1791380845.275 335392
1791380845.329 335392
1791380845.384 335392
1791380845.439 335392
1791380845.493 335392
1791380845.548 335392
1791380845.602 335392
1791380845.657 335392
1791380845.712 335392
1791380845.766 335392
1791380845.821 335392
1791380845.876 335392
1791380845.930 335392
1791380845.981 335392
1791380846.036 335392
1791380846.091 335392
1791380846.143 335392
1791380846.198 335392
1791380846.253 335392
1791380846.307 335392
1791380846.359 335392
1791380846.411 335392
1791380846.464 335392
1791380846.516 335392
1791380846.568 335392
1791380846.620 335392
1791380846.671 335392
1791380846.722 335392
1791380846.777 335392
1791380846.832 335392
1791380846.886 335392
1791380846.941 335392
1791380846.996 335392
1791380847.051 335392
1791380847.105 335392
1791380847.160 335392
1791380847.215 335392
1791380847.269 335392
1791380847.322 335392
1791380847.377 335392
1791380847.432 335392
1791380847.486 335392
1791380847.541 335392
1791380847.596 335392
1791380847.651 335392
1791380847.705 335392
1791380847.760 335392
1791380847.815 335392
1791380847.869 335392
1791380847.924 335392
1791380847.979 335392
1791380848.033 335392
1791380848.088 335392
1791380848.143 335392
1791380848.198 335392
1791380848.252 335392
1791380848.307 335392
1791380848.362 335392
1791380848.416 335392
1791380848.471 335392
1791380848.527 335392
1791380848.578 335392
1791380848.633 335392
1791380848.688 335392
1791380848.743 335392
1791380848.797 335392
1791380848.852 335392
1791380848.907 335392
1791380848.961 335392
1791380849.016 335392
1791380849.071 335392
1791380849.125 335392
1791380849.180 335392
1791380849.235 335392
1791380849.289 335392
1791380849.344 335392
1791380849.399 335392
1791380849.453 335392
1791380849.508 335392
1791380849.563 335392
1791380849.617 335392
1791380849.672 335392
1791380849.726 335392
1791380849.781 335392
1791380849.836 335392
1791380849.890 335392
1791380849.945 335392
1791380849.999 335392
1791380850.054 335392
1791380850.109 335392
1791380850.164 335392
1791380850.218 335392
1791380850.273 335392
1791380850.328 335392
1791380850.382 335392
1791380850.437 335392
1791380850.492 335392
1791380850.546 335392
1791380850.601 335392
1791380850.656 335392
1791380850.710 335392
1791380850.765 335392
1791380850.820 335392
1791380850.874 335392
1791380850.929 335392
1791380850.984 335392
1791380851.038 335392
1791380851.093 335392
1791380851.148 335392
1791380851.202 335392
1791380851.257 335392
1791380851.312 335392
1791380851.366 335392
1791380851.421 335392
1791380851.476 335392
1791380851.530 335392
1791380851.585 335392
1791380851.640 335392
1791380851.694 335392
1791380851.749 335392
1791380851.803 335392
1791380851.858 335392
1791380851.913 335392
1791380851.967 335392
1791380852.022 335392
1791380852.077 335392
1791380852.131 335392
1791380852.186 335392
1791380852.241 335392
1791380852.296 335392
1791380852.350 335392
1791380852.405 335392
1791380852.460 335392
1791380852.514 335392
1791380852.569 335392
1791380852.624 335392
1791380852.679 335392
1791380852.733 335392
1791380852.788 335392
1791380852.843 335392
1791380852.897 335392
1791380852.952 335392
1791380853.007 335392
1791380853.061 335392
1791380853.116 335392
1791380853.171 335392
1791380853.226 335392
1791380853.277 335392
1791380853.329 335392
1791380853.384 335584
1791380853.439 335584
1791380853.494 335584
1791380853.548 335584
1791380853.603 335584
1791380853.658 335584
1791380853.713 339808
1791380853.764 339808
1791380853.819 339808
1791380853.873 339808
1791380853.925 339808
1791380853.980 339808
1791380854.035 339808
1791380854.090 339808
1791380854.145 339808
1791380854.200 339808
1791380854.254 339808
1791380854.309 339808
1791380854.364 339808
1791380854.419 339808
1791380854.474 339808
1791380854.529 339808
1791380854.583 339808
1791380854.638 339808
1791380854.693 339808
1791380854.748 339808
1791380854.803 339808
1791380854.857 339808
1791380854.912 339808
1791380854.967 339808
1791380855.019 339808
1791380855.073 339808
1791380855.126 339808
1791380855.178 339808
1791380855.233 339808
1791380855.288 339808
1791380855.341 339808
1791380855.396 339808
1791380855.451 339808
1791380855.506 339808
1791380855.560 339808
1791380855.615 339808
1791380855.670 339808
1791380855.725 339808
1791380855.779 339808
1791380855.834 339808
1791380855.889 339808
1791380855.944 339808
1791380855.999 339808
1791380856.053 339808
1791380856.108 339808
1791380856.163 339808
1791380856.218 339808
1791380856.272 339808
1791380856.327 339808
1791380856.381 339808
1791380856.436 339808
1791380856.491 339808
1791380856.546 339808
1791380856.601 339808
1791380856.655 339808
1791380856.710 339808
1791380856.765 339808
1791380856.820 339808
1791380856.874 339808
1791380856.929 339808
1791380856.984 339808
1791380857.039 339808
1791380857.094 339808
1791380857.145 339808
1791380857.200 339808
1791380857.255 339808
1791380857.310 339808
1791380857.364 339808
1791380857.416 339808
1791380857.471 339808
1791380857.525 339808
1791380857.580 339808
1791380857.635 339808
1791380857.690 339808
1791380857.745 339808
1791380857.799 339808
1791380857.854 339808
1791380857.909 339808
1791380857.964 339808
1791380858.018 339808
1791380858.073 339808
1791380858.126 339808
1791380858.181 339808
1791380858.235 339808
1791380858.290 339808
1791380858.345 339808
1791380858.400 339808
1791380858.454 339808
1791380858.509 339808
1791380858.564 339808
1791380858.619 339808
1791380858.674 339808
1791380858.725 339808
1791380858.780 339808
1791380858.835 339808
1791380858.890 339808
1791380858.944 339808
1791380858.999 339808
1791380859.054 339808
1791380859.108 339808
1791380859.163 339808
1791380859.218 339808
1791380859.273 339808
1791380859.328 339808
1791380859.383 339808
1791380859.438 339808
1791380859.492 339808
1791380859.547 339808
1791380859.602 339808
1791380859.653 339808
1791380859.708 339808
1791380859.763 339808
1791380859.818 339808
1791380859.873 339808
1791380859.927 339808
1791380859.982 339808
1791380860.037 339808
1791380860.091 339808
1791380860.146 339808
1791380860.201 339808
1791380860.256 339808
1791380860.310 339808
1791380860.365 339808
1791380860.420 339808
1791380860.475 339808
1791380860.530 339808
1791380860.584 339808
1791380860.639 339808
1791380860.694 339808
1791380860.749 339808
1791380860.803 339808
1791380860.858 339808
1791380860.913 339808
1791380860.968 339808
1791380861.022 339808
1791380861.077 339808
1791380861.132 339808
1791380861.187 339808
1791380861.241 339808
1791380861.296 339808
1791380861.351 339808
1791380861.406 339808
1791380861.459 339808
1791380861.514 339808
1791380861.569 339808
1791380861.624 339808
1791380861.675 339808
1791380861.730 339808
1791380861.784 339808
1791380861.839 339808
1791380861.894 339808
1791380861.948 339808
1791380862.003 339808
1791380862.058 339808
1791380862.113 339808
1791380862.168 339808
1791380862.222 339808
1791380862.277 339808
1791380862.330 339808
1791380862.385 339808
1791380862.440 339808
1791380862.495 339808
1791380862.549 339808
1791380862.604 339808
1791380862.659 339808
1791380862.714 339808
1791380862.768 339808
1791380862.823 339808
1791380862.878 339808
1791380862.929 339808
1791380862.984 339808
1791380863.039 339808
1791380863.093 339808
1791380863.148 339808
1791380863.203 339808
1791380863.258 339808
1791380863.313 339808
1791380863.367 340000
1791380863.422 340000
1791380863.477 340000
1791380863.532 340000
1791380863.587 340000
1791380863.642 340000
1791380863.697 340000
1791380863.751 340000
1791380863.806 340000
1791380863.861 340000
1791380863.916 340000
1791380863.971 340000
1791380864.026 340000
1791380864.081 340000
1791380864.135 340000
1791380864.190 340000
1791380864.245 340000
1791380864.300 340000
1791380864.355 340000
1791380864.409 340000
1791380864.464 340000
1791380864.519 340000
1791380864.574 340000
1791380864.629 340000
1791380864.683 340000
1791380864.738 340000
1791380864.793 340000
1791380864.848 340000
1791380864.903 340000
1791380864.958 340000
1791380865.012 340000
1791380865.067 340000
1791380865.122 340000
1791380865.177 340000
1791380865.232 340000
1791380865.287 340000
1791380865.341 340000
1791380865.396 340000
1791380865.451 340000
1791380865.506 340000
1791380865.561 340000
1791380865.616 340000
1791380865.670 340000
1791380865.724 340000
1791380865.778 340000
1791380865.833 340000
1791380865.888 340000
1791380865.943 340000
1791380865.998 340000
1791380866.052 340000
1791380866.107 340000
1791380866.162 340000
1791380866.217 340000
1791380866.272 340000
1791380866.326 340000
1791380866.381 340000
1791380866.436 340000
1791380866.491 340000
1791380866.546 340000
1791380866.601 340000
1791380866.655 340000
1791380866.710 340000
1791380866.765 340000
1791380866.820 340000
1791380866.874 340000
1791380866.929 340000
1791380866.984 340000
1791380867.039 340000
1791380867.092 340000
1791380867.147 340000
1791380867.202 340000
1791380867.257 340000
1791380867.311 340000
1791380867.366 340000
1791380867.421 340000
1791380867.476 340000
1791380867.531 340000
1791380867.586 340000
1791380867.640 340000
1791380867.695 340000
1791380867.750 340000
1791380867.805 340000
1791380867.860 340000
1791380867.915 340000
1791380867.969 340000
1791380868.024 340000
1791380868.079 340000
1791380868.134 340000
1791380868.189 340000
1791380868.244 340000
1791380868.298 340000
1791380868.353 340000
1791380868.408 340000
1791380868.463 340000
1791380868.518 340000
1791380868.573 340000
1791380868.628 340000
1791380868.682 340000
1791380868.737 340000
1791380868.792 340000
1791380868.847 340000
1791380868.902 340000
1791380868.957 340000
1791380869.011 340000
1791380869.066 340000
1791380869.121 340000
1791380869.176 340000
1791380869.231 340000
1791380869.286 340000
1791380869.341 340000
1791380869.396 340000
1791380869.450 340000
1791380869.505 340000
1791380869.560 340000
1791380869.615 340000
1791380869.670 340000
1791380869.724 340000
1791380869.779 340000
1791380869.834 340000
1791380869.889 340000
1791380869.944 340000
1791380869.999 340000
1791380870.053 340000
1791380870.108 340000
1791380870.163 340000
1791380870.218 340000
1791380870.272 340000
1791380870.327 340000
1791380870.382 340000
1791380870.437 340000
1791380870.492 340000
1791380870.546 340000
1791380870.601 340000
1791380870.656 340000
1791380870.711 340000
1791380870.766 340000
1791380870.820 340000
1791380870.875 340000
1791380870.930 340000
1791380870.985 340000
1791380871.040 340000
1791380871.095 340000
1791380871.149 340000
1791380871.204 340000
1791380871.259 340000
1791380871.314 340000
1791380871.369 340000
1791380871.424 340000
1791380871.479 340000
1791380871.533 340000
1791380871.588 340000
1791380871.643 340000
1791380871.698 340000
1791380871.753 340000
1791380871.808 340000
1791380871.863 340000
1791380871.917 340000
1791380871.972 340000
1791380872.027 340000
1791380872.082 340000
1791380872.137 340000
1791380872.192 340000
1791380872.247 340000
1791380872.302 340000
1791380872.353 340000
1791380872.408 340000
1791380872.463 340000
1791380872.516 340000
1791380872.570 340000
1791380872.625 340000
1791380872.680 340000
1791380872.735 340000
1791380872.790 340000
1791380872.845 340000
1791380872.899 340000
1791380872.954 340000
1791380873.009 340000
1791380873.064 340000
1791380873.119 340000
1791380873.174 340000
1791380873.228 340000
1791380873.283 340000
1791380873.338 340000
1791380873.393 340192
1791380873.448 340192
1791380873.503 340192
1791380873.558 340192
1791380873.613 340192
1791380873.668 340192
1791380873.723 340192
1791380873.778 340192
1791380873.833 340192
1791380873.888 340192
1791380873.943 340192
1791380873.997 340192
1791380874.052 340192
1791380874.107 340192
1791380874.162 340192
1791380874.217 340192
1791380874.272 340192
1791380874.325 340192
1791380874.380 340192
1791380874.435 340192
1791380874.490 340192
1791380874.545 340192
1791380874.600 340192
1791380874.655 340192
1791380874.710 340192
1791380874.765 340192
1791380874.820 340192
1791380874.875 340192
1791380874.930 340192
1791380874.985 340192
1791380875.040 340192
1791380875.095 340192
1791380875.150 340192
1791380875.205 340192
1791380875.260 340192
1791380875.315 340192
1791380875.369 340192
1791380875.424 340192
1791380875.479 340192
1791380875.534 340192
1791380875.589 340192
1791380875.644 340192
1791380875.699 340192
1791380875.754 340192
1791380875.809 340192
1791380875.864 340192
1791380875.918 340192
1791380875.973 340192
1791380876.028 340192
1791380876.083 340192
1791380876.138 340192
1791380876.193 340192
1791380876.248 340192
1791380876.303 340192
1791380876.358 340192
1791380876.412 340192
1791380876.467 340192
1791380876.522 340192
1791380876.577 340192
1791380876.632 340192
1791380876.687 340192
1791380876.742 340192
1791380876.797 340192
1791380876.852 340192
1791380876.907 340192
1791380876.962 340192
1791380877.017 340192
1791380877.072 340192
1791380877.127 340192
1791380877.182 340192
1791380877.237 340192
1791380877.292 340192
1791380877.347 340192
1791380877.402 340192
1791380877.457 340192
1791380877.512 340192
1791380877.567 340192
1791380877.622 340192
1791380877.677 340192
1791380877.731 340192
1791380877.786 340192
1791380877.841 340192
1791380877.896 340192
1791380877.951 340192
1791380878.006 340192
1791380878.061 340192
1791380878.112 340192
1791380878.167 340192
1791380878.222 340192
1791380878.277 340192
1791380878.332 340192
1791380878.387 340192
1791380878.442 340192
1791380878.496 340192
1791380878.550 340192
1791380878.601 340192
1791380878.657 340192
1791380878.711 340192
1791380878.766 340192
1791380878.821 340192
1791380878.872 340192
1791380878.927 340192
1791380878.983 340192
1791380879.038 340192
1791380879.093 340192
1791380879.148 340192
1791380879.203 340192
1791380879.258 340192
1791380879.313 340192
1791380879.368 340192
1791380879.423 340192
1791380879.478 340192
1791380879.533 340192
1791380879.588 340192
1791380879.643 340192
1791380879.698 340192
1791380879.752 340192
1791380879.808 340192
1791380879.863 340192
1791380879.918 340192
1791380879.973 340192
1791380880.027 340384
1791380880.082 340384
1791380880.137 340384
1791380880.193 340384
1791380880.247 340384
1791380880.302 340384
1791380880.357 340384
1791380880.412 340384
1791380880.467 340384
1791380880.522 340384
1791380880.577 340384
1791380880.632 340384
1791380880.687 340384
1791380880.741 340384
1791380880.796 340384
1791380880.851 340768
1791380880.906 340960
1791380880.961 340960
1791380881.016 340960
1791380881.071 340960
1791380881.126 340960
1791380881.181 340960
1791380881.236 340960
1791380881.291 340960
1791380881.346 340960
1791380881.401 340960
1791380881.456 340960
1791380881.511 340960
1791380881.566 340960
1791380881.621 340960
1791380881.676 340960
1791380881.731 340960
1791380881.786 340960
1791380881.841 340960
1791380881.896 340960
1791380881.951 340960
1791380882.006 340960
1791380882.061 340960
1791380882.116 340960
1791380882.171 340960
1791380882.226 342688
1791380882.281 342688
1791380882.336 342688
1791380882.391 342688
1791380882.446 342688
1791380882.501 342688
1791380882.556 342688
1791380882.611 342688
1791380882.666 342688
1791380882.721 342688
1791380882.776 342688
1791380882.831 342688
1791380882.886 342688
1791380882.943 348256
1791380882.995 348448
1791380883.048 348448
1791380883.103 348448
1791380883.158 348448
1791380883.213 348448
1791380883.268 348640
1791380883.323 348640
1791380883.378 348640
1791380883.433 348640
1791380883.488 348640
1791380883.543 348640
1791380883.598 348640
1791380883.653 348640
1791380883.709 350368
1791380883.763 350368
1791380883.816 350368
1791380883.871 350368
1791380883.926 350368
1791380883.980 350368
1791380884.034 350368
1791380884.088 350368
1791380884.143 350368
1791380884.197 350368
1791380884.251 350368
1791380884.305 350368
1791380884.360 350368
1791380884.414 350368
1791380884.468 350368
1791380884.522 350368
1791380884.576 350368
1791380884.630 350752
1791380884.685 373408
1791380884.736 439764
1791380884.788 505044
1791380884.841 524628
1791380884.893 534348
1791380884.945 558732
1791380884.996 558924
1791380885.047 561612
1791380885.098 571404
1791380885.150 614796
1791380885.201 616140
1791380885.252 621324
1791380885.305 617440
1791380885.358 623968
1791380885.410 639520
1791380885.463 671776
1791380885.514 707104
1791380885.565 745696
1791380885.616 745696
1791380885.667 745696
1791380885.718 745696
1791380885.769 747616
1791380885.821 747616
1791380885.872 747616
1791380885.923 767968
1791380885.974 848608
1791380886.025 849952
1791380886.078 855520
1791380886.131 851836
1791380886.184 859516
1791380886.237 856980
1791380886.290 859668
1791380886.342 891924
1791380886.395 976864
1791380886.448 976864
1791380886.501 976864
1791380886.554 976864
1791380886.607 981472
1791380886.659 985696
1791380886.710 1009504
1791380886.762 1009504
1791380886.813 1009504
1791380886.864 1009504
1791380886.915 1017952
1791380886.967 1026208
1791380887.018 1049824
1791380887.069 1049824
1791380887.120 1049824
1791380887.172 1049824
1791380887.223 1049824
1791380887.275 1054048
1791380887.327 1054048
1791380887.378 1054048
1791380887.429 1054048
1791380887.480 1085536
1791380887.532 1085536
1791380887.583 1102048
1791380887.634 1102240
1791380887.685 1118944
1791380887.737 1119136
1791380887.788 1119328
1791380887.839 1119520
1791380887.890 1132192
1791380887.942 1132192
1791380887.994 1132192
1791380888.045 1132192
1791380888.096 1132192
1791380888.148 1132192
1791380888.199 1132192
1791380888.250 1119244
1791380888.301 1119244
1791380888.353 1119244
1791380888.404 1119244
1791380888.455 1119244
1791380888.506 1119244
1791380888.557 1121164
1791380888.609 1157452
1791380888.660 1185676
1791380888.711 1227724
1791380888.764 1245772
1791380888.817 1303004
1791380888.870 1307228
1791380888.922 1310436
1791380888.973 1312356
1791380889.025 1316580
1791380889.076 1324836
1791380889.127 1335780
1791380889.181 1341924
1791380889.234 1350372
1791380889.287 1352484
1791380889.341 1356516
1791380889.394 1364772
1791380889.447 1364772
1791380889.501 1367652
1791380889.554 1017968
1791380889.606 1022192
1791380889.657 1022192
1791380889.708 1026224
1791380889.760 1026224
1791380889.811 1026224
1791380889.862 1026224
1791380889.914 1026224
1791380889.965 1026608
1791380890.016 1026608
1791380890.071 1026608
1791380890.126 1026608
1791380890.181 1026608
1791380890.236 1026608
1791380890.291 1026608
1791380890.346 1026608
1791380890.401 1026608
1791380890.456 1026608
1791380890.511 1026608
1791380890.566 1026608
1791380890.621 1026608
1791380890.676 1026608
1791380890.731 1026608
1791380890.786 1026608
1791380890.841 1026608
1791380890.896 1026608
1791380890.951 1026608
1791380891.006 1026608
1791380891.061 1026608
1791380891.116 1026608
1791380891.172 1026608
1791380891.227 1026608
1791380891.281 1026608
1791380891.336 1026608
1791380891.391 1026608
1791380891.446 1026608
1791380891.501 1026608
1791380891.556 1026608
1791380891.610 1026800
1791380891.665 1026800
1791380891.720 1026800
1791380891.775 1026800
1791380891.830 1026800
1791380891.885 1026800
1791380891.939 1026800
1791380891.993 1026800
1791380892.048 1026800
1791380892.102 1026800
1791380892.164 1026800
1791380892.219 1026800
1791380892.274 1026800
1791380892.329 1026800
1791380892.384 1026800
1791380892.438 1026800
1791380892.493 1026800
1791380892.548 1026800
1791380892.603 1026800
1791380892.657 1026800
1791380892.712 1026800
1791380892.767 1026800
1791380892.822 1026800
1791380892.876 1026800
1791380892.931 1026800
1791380892.986 1026800
1791380893.041 1026800
1791380893.095 1026800
1791380893.150 1026800
1791380893.205 1033328
1791380893.257 1006496
1791380893.308 1010528
1791380893.359 1010720
1791380893.411 1011104
1791380893.462 1124576
1791380893.515 1125536
1791380893.569 1125536
1791380893.622 1134560
1791380893.675 1159712
1791380893.728 1174688
1791380893.781 1180832
1791380893.834 1199840
1791380893.888 1217504
1791380893.941 1233056
1791380893.992 1247840
1791380894.044 1261280
1791380894.095 1274528
1791380894.146 1282784
1791380894.199 1284788
1791380894.250 1284788
1791380894.301 1284788
1791380894.353 1284788
1791380894.404 1284788
1791380894.456 1284788
1791380894.507 1284788
1791380894.559 1284788
1791380894.610 1284788
1791380894.661 1284788
1791380894.713 1284788
1791380894.764 1284788
1791380894.815 1284788
1791380894.866 1284788
1791380894.918 1290548
1791380894.969 1298804
1791380895.021 1306100
1791380895.072 1312244
1791380895.123 1318964
1791380895.175 1325300
1791380895.226 1333748
1791380895.277 1341812
1791380895.329 1349492
1791380895.380 1360628
1791380895.431 1367732
1791380895.483 1374836
1791380895.534 1381748
1791380895.585 1411508
1791380895.637 1411508
1791380895.688 1411508
1791380895.739 1411508
1791380895.790 1411508
1791380895.842 1411508
1791380895.893 1411508
1791380895.944 1411508
1791380895.996 1411508
1791380896.047 1411508
1791380896.098 1411508
1791380896.150 1411508
1791380896.201 1411508
1791380896.252 1411508
1791380896.304 1411508
1791380896.355 1411508
1791380896.407 1411508
1791380896.458 1411508
1791380896.509 1411508
1791380896.560 1411508
1791380896.612 1411508
1791380896.663 1411508
1791380896.714 1411508
1791380896.766 1411508
1791380896.817 1411508
1791380896.868 1411508
1791380896.920 1411508
1791380896.971 1411508
1791380897.022 1411508
1791380897.074 1414388
1791380897.125 1414388
1791380897.176 1416180
1791380897.227 1416180
1791380897.279 1416180
1791380897.330 1416180
1791380897.381 1416180
1791380897.433 1416180
1791380897.484 1416180
1791380897.535 1416180
1791380897.587 1416180
1791380897.638 1416180
1791380897.689 1416180
1791380897.741 1416180
1791380897.792 1416180
1791380897.843 1416180
1791380897.895 1416180
1791380897.946 1416180
1791380897.997 1416180
1791380898.049 1416180
1791380898.100 1416180
1791380898.151 1416372
1791380898.203 1416372
1791380898.254 1416372
1791380898.305 1416372
1791380898.357 1416372
1791380898.408 1416372
1791380898.459 1416372
1791380898.511 1416372
1791380898.562 1416372
1791380898.613 1416372
1791380898.665 1416372
1791380898.716 1416372
1791380898.767 1416372
1791380898.819 1416372
1791380898.870 1416372
1791380898.921 1416372
1791380898.973 1416372
1791380899.024 1416372
1791380899.075 1416564
1791380899.127 1416564
1791380899.178 1416564
1791380899.229 1419828
1791380899.281 1420212
1791380899.332 1420212
1791380899.383 1420212
1791380899.435 1420212
1791380899.486 1420596
1791380899.538 1424628
1791380899.589 1437492
1791380899.641 1450356
1791380899.693 1450356
1791380899.744 1450356
1791380899.795 1450356
1791380899.847 1450356
1791380899.898 1450356
1791380899.949 1450356
1791380900.000 1450356
1791380900.052 1450356
1791380900.103 1450356
1791380900.154 1450356
1791380900.206 1450356
1791380900.257 1450356
1791380900.308 1450356
1791380900.360 1450356
1791380900.411 1450356
1791380900.462 1450356
1791380900.514 1450356
1791380900.565 1450356
1791380900.616 1450356
1791380900.668 1450356
1791380900.719 1450356
1791380900.770 1450356
1791380900.822 1450356
1791380900.873 1450356
1791380900.924 1450356
1791380900.976 1450356
1791380901.027 1450356
1791380901.078 1450356
1791380901.130 1450356
1791380901.181 1450356
1791380901.232 1450356
1791380901.284 1450356
1791380901.335 1450356
1791380901.386 1450356
1791380901.437 1450356
1791380901.489 1450356
1791380901.540 1450356
1791380901.591 1450356
1791380901.643 1450356
1791380901.694 1450356
1791380901.745 1450356
1791380901.797 1450356
1791380901.848 1450356
1791380901.900 1450356
1791380901.951 1450356
1791380902.002 1450356
1791380902.053 1450356
1791380902.105 1450356
1791380902.156 1450356
1791380902.207 1453812
1791380902.261 1465908
1791380902.314 1546932
1791380902.368 1579956
1791380902.421 1631796
1791380902.475 1686708
1791380902.528 1727952
1791380902.581 1732560
1791380902.635 1735824
1791380902.686 1736400
1791380902.738 1736592
1791380902.789 1736592
1791380902.840 1736592
1791380902.892 1736592
1791380902.943 1736592
1791380902.994 1736592
1791380903.046 1736592
1791380903.097 1736592
1791380903.148 1736592
1791380903.200 1736592
1791380903.251 1696544
1791380903.302 1697504
1791380903.353 1719568
1791380903.405 1724752
1791380903.456 1727440
1791380903.509 1744144
1791380903.562 1744336
1791380903.615 1844560
1791380903.666 1914448
1791380903.718 2033488
1791380903.769 2145424
1791380903.822 2165200
1791380903.873 2165200
1791380903.926 2191312
1791380903.979 2208976
1791380904.030 2327632
1791380904.081 2454352
1791380904.132 2580496
1791380904.183 2700880
1791380904.235 2835664
1791380904.286 2968912
1791380904.337 3099664
1791380904.388 3162640
1791380904.439 3165520
1791380904.491 3224464
1791380904.542 3293200
1791380904.593 3373456
1791380904.645 3449296
1791380904.696 3708112
1791380904.749 3710224
1791380904.801 3713296
1791380904.852 3713296
1791380904.903 3713296
1791380904.955 3713296
1791380905.006 3713296
1791380905.059 4010512
1791380905.111 4066192
1791380905.163 4068496
1791380905.214 4172560
1791380905.267 4398352
1791380905.320 4398352
1791380905.373 4403728
1791380905.427 4556944
1791380905.482 4906000
1791380905.534 5021392
1791380905.586 5155408
1791380905.637 5265424
1791380905.689 5271952
1791380905.743 5490832
1791380905.794 5518096
1791380905.846 5524372
1791380905.897 5531476
1791380905.948 5538772
1791380906.000 5551128
1791380906.051 5586648
1791380906.102 5610264
1791380906.154 5617560
1791380906.205 5628876
1791380906.257 5640780
1791380906.309 5653260
1791380906.360 5675916
1791380906.411 5714124
1791380906.463 5753484
1791380906.514 5772492
1791380906.565 5804556
1791380906.617 5812044
1791380906.668 5814732
1791380906.721 5917836
1791380906.773 5918220
1791380906.825 5918220
1791380906.876 5918220
1791380906.928 5918220
1791380906.979 5918220
1791380907.030 5918220
1791380907.082 5918220
1791380907.133 5918220
1791380907.185 5918220
1791380907.236 5918412
1791380907.287 5918796
1791380907.338 5918796
1791380907.390 5918796
1791380907.445 5918796
1791380907.500 5918796
1791380907.555 5918796
1791380907.610 5918796
1791380907.665 5918796
1791380907.720 5918796
1791380907.775 5918796
1791380907.830 5918796
1791380907.885 5918796
1791380907.940 5918796
1791380907.995 5918796
1791380908.050 5918796
1791380908.104 5918796
1791380908.159 5918796
1791380908.214 5918796
1791380908.269 5871240
1791380908.323 5871240
1791380908.378 5871240
1791380908.433 5871240
1791380908.488 5871240
1791380908.543 5871240
1791380908.594 5871240
1791380908.649 5871240
1791380908.704 5871240
1791380908.759 5871240
1791380908.813 5871240
1791380908.868 5871240
1791380908.923 5871240
1791380908.978 5871240
1791380909.033 5871240
1791380909.088 5871240
1791380909.142 5871240
1791380909.194 5871240
1791380909.249 5871240
1791380909.304 5871240
1791380909.359 5871240
1791380909.413 5871240
1791380909.468 5871240
1791380909.523 5871240
1791380909.578 5871240
1791380909.632 5871240
1791380909.687 5871240
1791380909.742 5871240
1791380909.797 5871240
1791380909.852 5871240
1791380909.906 5871240
1791380909.961 5871240
1791380910.016 5871240
1791380910.071 5871240
1791380910.126 5871240
1791380910.181 5871240
1791380910.235 5871240
1791380910.290 5871240
1791380910.345 5871240
1791380910.400 5871240
1791380910.455 5871240
1791380910.509 5871240
1791380910.564 5871240
1791380910.615 5871240
1791380910.667 5871240
1791380910.719 5871240
1791380910.773 5871240
1791380910.828 5871240
1791380910.883 5871240
1791380910.938 5871240
1791380910.991 5871240
1791380911.042 5871240
1791380911.097 5871240
1791380911.152 5871240
1791380911.207 5871240
1791380911.262 5871240
1791380911.317 5871240
1791380911.372 5871240
1791380911.426 5871240
1791380911.481 5871240
1791380911.536 5871240
1791380911.589 5871240
1791380911.644 5871240
1791380911.699 5871240
1791380911.753 5871240
1791380911.808 5871240
1791380911.863 5871240
1791380911.918 5871240
1791380911.973 5871240
1791380912.027 5871240
1791380912.078 5872584
1791380912.130 5872776
1791380912.184 5872776
1791380912.239 5872776
1791380912.294 5872776
1791380912.349 5872776
1791380912.403 5872776
1791380912.458 5872776
1791380912.513 5872776
1791380912.568 5872776
1791380912.623 5872776
1791380912.677 5872776
1791380912.732 5872776
1791380912.787 5872776
1791380912.842 5872776
1791380912.897 5872776
1791380912.950 5872776
1791380913.004 5872776
1791380913.059 5872776
1791380913.114 5872776
1791380913.168 5872776
1791380913.223 5872776
1791380913.278 5872776
1791380913.333 5872776
1791380913.388 5872776
1791380913.442 5872776
1791380913.497 5872776
1791380913.552 5872776
1791380913.607 5872776
1791380913.661 5872776
1791380913.714 5872776
1791380913.769 5872776
1791380913.824 5872776
1791380913.879 5872776
1791380913.933 5872776
1791380913.988 5872776
1791380914.043 5872776
1791380914.098 5872776
1791380914.153 5872776
1791380914.207 5872776
1791380914.262 5872776
1791380914.317 5872776
1791380914.372 5872776
1791380914.427 5872776
1791380914.482 5872776
1791380914.536 5872776
1791380914.591 5872776
1791380914.646 5872776
1791380914.701 5872776
1791380914.756 5872776
1791380914.810 5872776
1791380914.865 5872776
1791380914.920 5872776
1791380914.975 5872776
1791380915.030 5872776
1791380915.084 5872776
1791380915.139 5872776
1791380915.194 5872776
1791380915.249 5872776
1791380915.304 5872776
1791380915.358 5872776
1791380915.413 5872776
1791380915.468 5872776
1791380915.523 5872776
1791380915.575 5872776
1791380915.630 5872776
1791380915.685 5872776
1791380915.739 5872776
1791380915.794 5872776
1791380915.849 5872776
1791380915.904 5872776
1791380915.959 5872776
1791380916.013 5872776
1791380916.066 5872776
1791380916.118 5872776
1791380916.173 5872776
1791380916.228 5872776
1791380916.282 5872776
1791380916.337 5872776
1791380916.392 5872776
1791380916.447 5872776
1791380916.502 5872776
1791380916.556 5872776
1791380916.611 5872776
1791380916.666 5872776
1791380916.721 5872776
1791380916.776 5872776
1791380916.830 5872776
1791380916.885 5872776
1791380916.940 5872776
1791380916.995 5872776
1791380917.049 5872776
1791380917.104 5872776
1791380917.155 5872776
1791380917.210 5872776
1791380917.265 5872776
1791380917.320 5872776
1791380917.375 5872776
1791380917.427 5872776
1791380917.482 5872776
1791380917.536 5872776
1791380917.591 5872776
1791380917.646 5872776
1791380917.701 5872776
1791380917.756 5872776
1791380917.810 5872776
1791380917.865 5872776
1791380917.920 5872776
1791380917.975 5872776
1791380918.030 5872776
1791380918.084 5872776
1791380918.137 5872776
1791380918.191 5872776
1791380918.246 5872776
1791380918.301 5872776
1791380918.356 5872776
1791380918.411 5872776
1791380918.465 5872776
1791380918.520 5872776
1791380918.575 5872776
1791380918.630 5872776
1791380918.685 5872776
1791380918.739 5872776
1791380918.794 5872776
1791380918.849 5872776
1791380918.903 5872968
1791380918.958 5872968
1791380919.009 5872968
1791380919.064 5872968
1791380919.119 5872968
1791380919.174 5872968
1791380919.229 5872968
1791380919.284 5872968
1791380919.339 5872968
1791380919.393 5872968
1791380919.448 5872968
1791380919.503 5872968
1791380919.558 5872968
1791380919.613 5872968
1791380919.667 5872968
1791380919.722 5872968
1791380919.777 5872968
1791380919.832 5872968
1791380919.887 5872968
1791380919.941 5872968
1791380919.996 5872968
1791380920.051 5872968
1791380920.106 5872968
1791380920.161 5872968
1791380920.215 5872968
1791380920.270 5872968
1791380920.325 5872968
1791380920.380 5872968
1791380920.434 5872968
1791380920.489 5872968
1791380920.544 5872968
1791380920.599 5872968
1791380920.654 5872968
1791380920.709 5872968
1791380920.763 5872968
1791380920.818 5872968
1791380920.873 5872968
1791380920.928 5872968
1791380920.983 5872968
1791380921.037 5872968
1791380921.092 5872968
1791380921.147 5872968
1791380921.202 5872968
1791380921.256 5872968
1791380921.311 5872968
1791380921.366 5872968
1791380921.421 5872968
1791380921.473 5872968
1791380921.528 5872968
1791380921.583 5872968
1791380921.637 5872968
1791380921.692 5872968
1791380921.747 5872968
1791380921.802 5872968
1791380921.857 5872968
1791380921.912 5872968
1791380921.966 5872968
1791380922.021 5872968
1791380922.076 5872968
1791380922.131 5872968
1791380922.186 5872968
1791380922.241 5872968
1791380922.295 5873160
1791380922.347 5873160
1791380922.398 5873160
1791380922.449 5873160
1791380922.500 5873160
1791380922.552 5873160
1791380922.603 5873160
1791380922.654 5873160
1791380922.705 5873160
1791380922.756 5873160
1791380922.811 5873160
1791380922.866 5873160
1791380922.921 5873160
1791380922.976 5873160
1791380923.031 5873160
1791380923.086 5873160
1791380923.140 5873160
1791380923.195 5873160
1791380923.250 5873160
1791380923.305 5873160
1791380923.360 5873160
1791380923.414 5873160
1791380923.469 5873160
1791380923.524 5873160
1791380923.579 5873160
1791380923.634 5873160
1791380923.688 5873160
1791380923.743 5873160
1791380923.798 5873160
1791380923.853 5873160
1791380923.908 5873160
1791380923.963 5873160
1791380924.017 5873160
1791380924.072 5873160
1791380924.127 5873160
1791380924.182 5873160
1791380924.237 5873160
1791380924.292 5873160
1791380924.346 5873160
1791380924.398 5873160
1791380924.452 5873160
1791380924.507 5873160
1791380924.563 5873160
1791380924.618 5873160
1791380924.672 5873160
1791380924.727 5873160
1791380924.782 5873160
1791380924.837 5873160
1791380924.892 5873160
1791380924.946 5873160
1791380925.001 5873160
1791380925.053 5873160
1791380925.108 5873160
1791380925.163 5873160
1791380925.218 5873160
1791380925.273 5873160
1791380925.327 5873160
1791380925.382 5873160
1791380925.437 5873160
1791380925.492 5873160
1791380925.547 5873160
1791380925.602 5873160
1791380925.656 5873160
1791380925.711 5873160
1791380925.766 5873160
1791380925.821 5873160
1791380925.876 5873160
1791380925.930 5873160
1791380925.985 5873160
1791380926.040 5873160
1791380926.095 5873160
1791380926.150 5873160
1791380926.204 5873160
1791380926.259 5873160
1791380926.314 5873160
1791380926.369 5873160
1791380926.423 5873160
1791380926.478 5873160
1791380926.531 5875272
1791380926.586 5875272
1791380926.641 5875272
1791380926.696 5875272
1791380926.751 5875272
1791380926.805 5875272
1791380926.860 5875272
1791380926.915 5875272
1791380926.970 5875272
1791380927.028 5875272
1791380927.085 5875272
1791380927.139 5875272
1791380927.194 5875272
1791380927.249 5875272
1791380927.304 5875272
1791380927.359 5875272
1791380927.414 5875272
1791380927.469 5875272
1791380927.523 5875272
1791380927.578 5875272
1791380927.633 5875272
1791380927.688 5875272
1791380927.743 5875272
1791380927.798 5875272
1791380927.852 5875272
1791380927.907 5875272
1791380927.962 5875272
1791380928.017 5875272
1791380928.072 5875272
1791380928.127 5875272
1791380928.181 5875272
1791380928.236 5875272
1791380928.291 5875272
1791380928.346 5875272
1791380928.401 5875272
1791380928.456 5875272
1791380928.511 5875272
1791380928.567 5875272
1791380928.621 5875272
1791380928.676 5875272
1791380928.731 5875272
1791380928.786 5875272
1791380928.840 5875272
1791380928.895 5875272
1791380928.950 5875272
1791380929.005 5875272
1791380929.060 5875272
1791380929.115 5875272
1791380929.170 5875272
1791380929.224 5875272
1791380929.279 5875272
1791380929.334 5875272
1791380929.389 5875272
1791380929.443 5875272
1791380929.498 5875272
1791380929.553 5875272
1791380929.608 5875272
1791380929.663 5875272
1791380929.718 5875272
1791380929.772 5875272
1791380929.827 5875272
1791380929.882 5875272
1791380929.937 5875272
1791380929.992 5875272
1791380930.046 5875272
1791380930.101 5875272
1791380930.156 5875272
1791380930.211 5875272
1791380930.265 5875272
1791380930.320 5875272
1791380930.375 5875272
1791380930.430 5875272
1791380930.484 5875272
1791380930.539 5875272
1791380930.594 5875272
1791380930.649 5875272
1791380930.703 5875272
1791380930.758 5875272
1791380930.813 5875272
1791380930.867 5875272
1791380930.922 5875272
1791380930.977 5875272
1791380931.032 5875272
1791380931.086 5875272
1791380931.141 5875272
1791380931.196 5875272
1791380931.251 5875272
1791380931.305 5875272
1791380931.360 5875272
1791380931.415 5875272
1791380931.470 5875272
1791380931.524 5875272
1791380931.579 5875272
1791380931.634 5875272
1791380931.688 5875272
1791380931.743 5875272
1791380931.798 5875272
1791380931.853 5875272
1791380931.907 5875272
1791380931.962 5875272
1791380932.017 5875272
1791380932.071 5875272
1791380932.126 5875272
1791380932.181 5875272
1791380932.236 5875272
1791380932.291 5875272
1791380932.346 5875272
1791380932.401 5875272
1791380932.455 5875272
1791380932.510 5875272
1791380932.565 5875272
1791380932.620 5875272
1791380932.675 5875272
1791380932.729 5875272
1791380932.784 5875272
1791380932.839 5875272
1791380932.894 5875272
1791380932.949 5875272
1791380933.003 5875272
1791380933.058 5875272
1791380933.112 5875272
1791380933.164 5875272
1791380933.215 5875272
1791380933.270 5875272
1791380933.325 5875272
1791380933.379 5875272
1791380933.433 5875656
1791380933.486 5876040
1791380933.537 5876040
1791380933.588 5876040
1791380933.643 5876424
1791380933.697 5876808
1791380933.748 5877000
1791380933.799 5877192
1791380933.853 5877576
1791380933.904 5877768
1791380933.956 5878152
1791380934.008 5880264
1791380934.059 5880840
1791380934.111 5880840
1791380934.162 5880840
1791380934.214 5880840
1791380934.269 5880840
1791380934.324 5881032
1791380934.379 5881032
1791380934.430 5881032
1791380934.481 5881032
1791380934.532 5881224
1791380934.584 5881224
1791380934.636 5881224
1791380934.690 5881608
1791380934.744 5881608
1791380934.795 5881800
1791380934.846 5881800
1791380934.898 5881800
1791380934.952 5881992
1791380935.006 5882184
1791380935.061 5882184
1791380935.114 5882184
1791380935.168 5882184
1791380935.222 5882184
1791380935.273 5882376
1791380935.326 5882568
1791380935.377 5882568
1791380935.429 5882568
1791380935.484 5882568
1791380935.539 5882568
1791380935.590 5882760
1791380935.643 5882760
1791380935.695 5882760
1791380935.746 5882760
1791380935.801 5882760
1791380935.855 5882952
1791380935.908 5882952
1791380935.963 5882952
1791380936.018 5882952
1791380936.073 5882952
1791380936.127 5882952
1791380936.179 5882952
1791380936.232 5882952
1791380936.283 5882952
1791380936.338 5882952
1791380936.392 5882952
1791380936.447 5882952
1791380936.502 5882952
1791380936.553 5882952
1791380936.605 5882952
1791380936.662 5882952
1791380936.726 5882952
1791380936.786 5882952
1791380936.841 5882952
1791380936.896 5882952
1791380936.951 5882952
1791380937.006 5882952
1791380937.061 5882952
1791380937.116 5882952
1791380937.171 5882952
1791380937.223 5882952
1791380937.274 5882952
1791380937.326 5882952
1791380937.379 5882952
1791380937.434 5882952
1791380937.489 5882952
1791380937.544 5882952
1791380937.599 5882952
1791380937.654 5882952
1791380937.708 5882952
1791380937.763 5882952
1791380937.818 5882952
1791380937.873 5882952
1791380937.928 5882952
1791380937.983 5882952
1791380938.038 5882952
1791380938.089 5882952
1791380938.141 5882952
1791380938.192 5882952
1791380938.245 5882952
1791380938.298 5882952
1791380938.353 5882952
1791380938.406 5882952
1791380938.457 5882952
1791380938.511 5882952
1791380938.566 5882952
1791380938.618 5882952
1791380938.673 5882952
1791380938.728 5882952
1791380938.783 5882952
1791380938.837 5882952
1791380938.892 5882952
1791380938.947 5882952
1791380939.002 5882952
1791380939.057 5882952
1791380939.111 5882952
1791380939.166 5882952
1791380939.221 5882952
1791380939.276 5882952
1791380939.330 5882952
1791380939.385 5882952
1791380939.440 5882952
1791380939.495 5882952
1791380939.550 5882952
1791380939.605 5882952
1791380939.660 5882952
1791380939.714 5883336
1791380939.767 5887752
1791380939.818 5898120
1791380939.870 5900040
1791380939.921 5900040
1791380939.975 5900040
1791380940.030 5900040
1791380940.085 5900040
1791380940.140 5900040
1791380940.195 5900040
1791380940.249 5900040
1791380940.304 5900040
1791380940.359 5900040
1791380940.414 5900040
1791380940.469 5900040
1791380940.524 5900040
1791380940.579 5900040
1791380940.634 5900040
1791380940.689 5900040
1791380940.745 5900040
1791380940.800 5900040
1791380940.855 5900040
1791380940.910 5900040
1791380940.965 5900040
1791380941.020 5900040
1791380941.075 5900040
1791380941.130 5900040
1791380941.185 5900040
1791380941.240 5900040
1791380941.295 5900040
1791380941.350 5900040
1791380941.405 5900040
1791380941.460 5900040
1791380941.515 5900040
1791380941.570 5900040
1791380941.625 5900040
1791380941.680 5900040
1791380941.735 5900040
1791380941.790 5900040
1791380941.845 5900040
1791380941.900 5900040
1791380941.955 5900040
1791380942.010 5900040
1791380942.065 5900040
1791380942.120 5900040
1791380942.175 5900040
1791380942.230 5900040
1791380942.285 5900040
1791380942.339 5900040
1791380942.394 5900040
1791380942.449 5900040
1791380942.504 5900040
1791380942.559 5900040
1791380942.614 5900040
1791380942.669 5900040
1791380942.724 5900040
1791380942.779 5900040
1791380942.834 5900040
1791380942.886 5900040
1791380942.940 5900040
1791380942.995 5900040
1791380943.050 5900040
1791380943.105 5900040
1791380943.160 5900040
1791380943.215 5900040
1791380943.270 5900040
1791380943.325 5900040
1791380943.380 5900040
1791380943.435 5900040
1791380943.490 5900040
1791380943.545 5900040
1791380943.600 5900040
1791380943.655 5900040
1791380943.710 5900040
1791380943.765 5900040
1791380943.820 5900040
1791380943.874 5900040
1791380943.926 5900040
1791380943.981 5900040
1791380944.036 5900040
1791380944.091 5900040
1791380944.146 5900040
1791380944.201 5900040
1791380944.256 5900040
1791380944.311 5900040
1791380944.366 5900040
1791380944.421 5900040
1791380944.476 5900040
1791380944.531 5900040
1791380944.586 5900040
1791380944.641 5900040
1791380944.696 5900040
1791380944.751 5900040
1791380944.806 5900040
1791380944.860 5900040
1791380944.915 5900040
1791380944.970 5900040
1791380945.025 5900040
1791380945.080 5900040
1791380945.135 5900040
1791380945.190 5900040
1791380945.245 5900040
1791380945.300 5900040
1791380945.351 5900040
1791380945.402 5900040
1791380945.454 5900040
1791380945.507 5900040
1791380945.561 5900040
1791380945.616 5900040
1791380945.671 5900040
1791380945.726 5900040
1791380945.781 5900040
1791380945.836 5900040
1791380945.891 5900040
1791380945.946 5900040
1791380946.001 5900040
1791380946.056 5900040
1791380946.109 5900040
1791380946.160 5900040
1791380946.212 5900040
1791380946.263 5900040
1791380946.318 5900040
1791380946.373 5900040
1791380946.428 5900040
1791380946.483 5900040
1791380946.538 5900040
1791380946.593 5900040
1791380946.648 5900040
1791380946.703 5900040
1791380946.758 5900040
1791380946.813 5900040
1791380946.868 5900040
1791380946.923 5900040
1791380946.977 5900040
1791380947.032 5900040
1791380947.087 5900040
1791380947.142 5900040
1791380947.197 5900040
1791380947.252 5900040
1791380947.307 5900040
1791380947.362 5900040
1791380947.417 5900040
1791380947.472 5900040
1791380947.527 5900040
1791380947.582 5900040
1791380947.637 5900040
1791380947.692 5900040
1791380947.747 5900040
1791380947.802 5900040
1791380947.855 5900040
1791380947.910 5900040
1791380947.965 5900040
1791380948.020 5900040
1791380948.075 5900040
1791380948.130 5900040
1791380948.185 5900040
1791380948.240 5900040
1791380948.295 5900040
1791380948.350 5900040
1791380948.405 5892404
1791380948.460 5892404
1791380948.515 5892404
1791380948.571 5892404
1791380948.626 5892404
1791380948.681 5892404
1791380948.736 5892404
1791380948.791 5892404
1791380948.846 5892404
1791380948.901 5892404
1791380948.956 5892404
1791380949.011 5892404
1791380949.066 5892404
1791380949.121 5892404
1791380949.176 5892404
1791380949.231 5892404
1791380949.286 5892404
1791380949.341 5892404
1791380949.396 5892404
1791380949.451 5892404
1791380949.506 5892404
1791380949.561 5892404
1791380949.616 5892404
1791380949.671 5892404
1791380949.726 5892404
1791380949.781 5892404
1791380949.836 5892404
1791380949.891 5892404
1791380949.945 5892404
1791380950.000 5892404
1791380950.055 5892404
1791380950.110 5892404
1791380950.165 5892404
1791380950.220 5892404
1791380950.275 5892404
1791380950.330 5892404
1791380950.385 5892404
1791380950.440 5892404
1791380950.495 5892404
1791380950.550 5892404
1791380950.605 5892404
1791380950.660 5892404
1791380950.715 5892404
1791380950.770 5892404
1791380950.824 5892404
1791380950.879 5892404
1791380950.934 5892404
1791380950.989 5892404
1791380951.044 5892404
1791380951.099 5892404
1791380951.154 5892404
1791380951.209 5892404
1791380951.264 5892404
1791380951.319 5892404
1791380951.374 5892404
1791380951.429 5892404
1791380951.484 5892404
1791380951.539 5892404
1791380951.594 5892404
1791380951.648 5892404
1791380951.703 5892404
1791380951.756 5892404
1791380951.811 5892404
1791380951.865 5892404
1791380951.920 5892404
1791380951.975 5892404
1791380952.030 5892404
1791380952.085 5892404
1791380952.140 5892404
1791380952.195 5892404
1791380952.250 5892404
1791380952.305 5892404
1791380952.360 5892404
1791380952.415 5892404
1791380952.470 5892404
1791380952.525 5892404
1791380952.580 5892404
1791380952.635 5892404
1791380952.689 5892404
1791380952.744 5892404
1791380952.799 5892404
1791380952.854 5892404
1791380952.909 5892404
1791380952.964 5892404
1791380953.019 5892404
1791380953.074 5892404
1791380953.129 5892404
1791380953.184 5892404
1791380953.239 5892404
1791380953.294 5892404
1791380953.349 5892404
1791380953.404 5892404
1791380953.459 5892404
1791380953.513 5892404
1791380953.568 5892404
1791380953.623 5892404
1791380953.678 5892404
1791380953.733 5892404
1791380953.788 5892404
1791380953.843 5892404
1791380953.898 5892404
1791380953.953 5892404
1791380954.008 5892404
1791380954.063 5892404
1791380954.118 5892404
1791380954.173 5892404
1791380954.228 5892404
1791380954.282 5892404
1791380954.337 5892404
1791380954.392 5892404
1791380954.447 5892404
1791380954.502 5892404
1791380954.557 5892404
1791380954.612 5892404
1791380954.667 5892404
1791380954.722 5892404
1791380954.776 5892404
1791380954.831 5892404
1791380954.886 5892404
1791380954.941 5892404
1791380954.996 5892404
1791380955.051 5892404
1791380955.106 5892404
1791380955.161 5892404
1791380955.216 5892404
1791380955.271 5892404
1791380955.326 5892404
1791380955.381 5892404
1791380955.436 5892404
1791380955.490 5892404
1791380955.545 5892404
1791380955.600 5892404
1791380955.655 5892404
1791380955.710 5892404
1791380955.765 5892404
1791380955.820 5892404
1791380955.875 5892404
1791380955.930 5892404
1791380955.985 5892404
1791380956.040 5892404
1791380956.095 5892404
1791380956.150 5892404
1791380956.205 5892404
1791380956.259 5892404
1791380956.314 5892404
1791380956.369 5892404
1791380956.424 5892404
1791380956.479 5892404
1791380956.534 5892404
1791380956.589 5892404
1791380956.644 5892404
1791380956.699 5892404
1791380956.750 5892404
1791380956.805 5892404
1791380956.860 5892404
1791380956.915 5892404
1791380956.970 5892404
1791380957.025 5892404
1791380957.080 5892404
1791380957.135 5892404
1791380957.190 5892404
1791380957.245 5892404
1791380957.300 5892404
1791380957.355 5892404
1791380957.410 5892404
1791380957.465 5892404
1791380957.520 5892404
1791380957.575 5892404
1791380957.630 5892404
1791380957.685 5892404
1791380957.740 5892404
1791380957.795 5892404
1791380957.849 5892404
1791380957.904 5892404
1791380957.959 5892404
1791380958.014 5892404
1791380958.069 5892404
1791380958.124 5892404
1791380958.178 5892404
1791380958.233 5892404
1791380958.288 5892404
1791380958.343 5892404
1791380958.398 5892404
1791380958.453 5892404
1791380958.508 5892404
1791380958.563 5892404
1791380958.618 5892404
1791380958.673 5892404
1791380958.728 5892404
1791380958.783 5892404
1791380958.838 5892404
1791380958.892 5892404
1791380958.947 5892404
1791380959.002 5892404
1791380959.057 5892404
1791380959.112 5892404
1791380959.167 5892404
1791380959.222 5892404
1791380959.277 5892404
1791380959.332 5892404
1791380959.386 5892404
1791380959.441 5892404
1791380959.496 5892404
1791380959.551 5892404
1791380959.606 5892404
1791380959.661 5892404
1791380959.716 5892404
1791380959.771 5892404
1791380959.826 5892404
1791380959.881 5892404
1791380959.936 5892404
1791380959.991 5892404
1791380960.045 5892404
1791380960.100 5892404
1791380960.155 5892404
1791380960.210 5892404
1791380960.265 5892404
1791380960.320 5892404
1791380960.375 5892404
1791380960.430 5892404
1791380960.485 5892404
1791380960.540 5892404
1791380960.595 5892404
1791380960.649 5892404
1791380960.701 5892404
1791380960.756 5892404
1791380960.811 5892404
1791380960.866 5892404
1791380960.921 5892404
1791380960.976 5892404
1791380961.031 5892404
1791380961.086 5892404
1791380961.141 5892404
1791380961.198 5892404
1791380961.253 5892404
1791380961.309 5892404
1791380961.364 5892404
1791380961.419 5892404
1791380961.474 5892404
1791380961.529 5892404
1791380961.584 5892404
1791380961.639 5892404
1791380961.694 5892404
1791380961.749 5892404
1791380961.804 5892404
1791380961.859 5892404
1791380961.914 5892404
1791380961.969 5892404
1791380962.024 5892404
1791380962.079 5892404
1791380962.135 5892404
1791380962.187 5892404
1791380962.242 5892404
1791380962.297 5892404
1791380962.351 5892404
1791380962.403 5892404
1791380962.454 5892404
1791380962.509 5892404
1791380962.563 5892404
1791380962.618 5892404
1791380962.673 5892404
1791380962.728 5892404
1791380962.783 5892404
1791380962.838 5892404
1791380962.893 5892404
1791380962.947 5892404
1791380963.002 5892404
1791380963.057 5892404
1791380963.112 5892404
1791380963.167 5892404
1791380963.221 5892404
1791380963.276 5892404
1791380963.330 5892404
1791380963.388 5892404
1791380963.449 5892404
1791380963.504 5892404
1791380963.559 5892404
1791380963.614 5892404
1791380963.669 5892404
1791380963.723 5892404
1791380963.777 5892404
1791380963.831 5892404
1791380963.886 5892404
1791380963.941 5892404
1791380963.996 5892404
1791380964.050 5892404
1791380964.105 5892404
1791380964.160 5892404
1791380964.215 5892404
1791380964.270 5892404
1791380964.325 5892404
1791380964.380 5892404
1791380964.435 5892404
1791380964.488 5892404
1791380964.543 5892404
1791380964.597 5892404
1791380964.652 5892404
1791380964.707 5892404
1791380964.762 5892404
1791380964.817 5892404
1791380964.872 5892404
1791380964.927 5892404
1791380964.982 5892404
1791380965.037 5892404
1791380965.092 5892404
1791380965.147 5892404
1791380965.201 5892404
1791380965.256 5892404
1791380965.311 5892404
1791380965.365 5892404
1791380965.420 5892404
1791380965.475 5892404
1791380965.530 5892404
1791380965.586 5892404
1791380965.641 5892404
1791380965.696 5892404
1791380965.751 5892404
1791380965.806 5892404
1791380965.861 5892404
1791380965.916 5892404
1791380965.971 5892404
1791380966.025 5892404
1791380966.080 5892404
1791380966.135 5892404
1791380966.190 5892404
1791380966.245 5892404
1791380966.300 5892404
1791380966.355 5892404
1791380966.410 5892404
1791380966.465 5892404
1791380966.520 5892404
1791380966.574 5892404
1791380966.629 5892404
1791380966.684 5892404
1791380966.739 5892404
1791380966.794 5892404
1791380966.849 5892404
1791380966.904 5892404
1791380966.959 5892404
1791380967.014 5892404
1791380967.066 5892404
1791380967.121 5892404
1791380967.176 5892404
1791380967.231 5892404
1791380967.286 5892404
1791380967.341 5892404
1791380967.396 5892404
1791380967.451 5892404
1791380967.506 5892404
1791380967.561 5892404
1791380967.616 5892404
1791380967.671 5892404
1791380967.726 5892404
1791380967.781 5892404
1791380967.835 5892404
1791380967.890 5892404
1791380967.945 5892404
1791380968.000 5892404
1791380968.055 5892404
1791380968.110 5892404
1791380968.165 5892404
1791380968.220 5892404
1791380968.275 5892404
1791380968.330 5892404
1791380968.385 5892404
1791380968.440 5892404
1791380968.495 5892404
1791380968.550 5892404
1791380968.603 5892404
1791380968.655 5892404
1791380968.710 5892404
1791380968.765 5892404
1791380968.820 5892404
1791380968.875 5892404
1791380968.930 5892404
1791380968.985 5892404
1791380969.040 5892404
1791380969.095 5892404
1791380969.150 5892404
1791380969.205 5892404
1791380969.260 5892404
1791380969.315 5892404
1791380969.370 5892404
1791380969.425 5892404
1791380969.480 5892404
1791380969.535 5892404
1791380969.590 5892404
1791380969.645 5892404
1791380969.700 5892404
1791380969.755 5892404
1791380969.810 5892404
1791380969.865 5892404
1791380969.920 5892404
1791380969.975 5892404
1791380970.030 5892404
1791380970.085 5892404
1791380970.140 5892404
1791380970.195 5892404
1791380970.250 5892404
1791380970.302 5892404
1791380970.353 5892404
1791380970.404 5892404
1791380970.456 5892404
1791380970.507 5892404
1791380970.559 5892404
1791380970.612 5892404
1791380970.667 5892404
1791380970.722 5892404
1791380970.777 5892404
1791380970.832 5892404
1791380970.887 5892404
1791380970.942 5892404
1791380970.997 5892404
1791380971.052 5892404
1791380971.104 5892404
1791380971.159 5892404
1791380971.214 5892404
1791380971.269 5892404
1791380971.324 5892404
1791380971.379 5892404
1791380971.434 5892404
1791380971.489 5892404
1791380971.544 5892404
1791380971.599 5892404
1791380971.654 5892404
1791380971.709 5892404
1791380971.764 5892404
1791380971.819 5892404
1791380971.874 5892404
1791380971.928 5892404
1791380971.983 5892404
1791380972.038 5892404
1791380972.093 5892404
1791380972.148 5892404
1791380972.203 5892404
1791380972.258 5892404
1791380972.313 5892404
1791380972.368 5892404
1791380972.423 5892404
1791380972.478 5892404
1791380972.533 5892404
1791380972.588 5892404
1791380972.643 5892404
1791380972.698 5892404
1791380972.753 5892404
1791380972.808 5892404
1791380972.863 5892404
1791380972.918 5892404
1791380972.973 5892404
1791380973.028 5892404
1791380973.083 5892404
1791380973.138 5892404
1791380973.193 5892404
1791380973.248 5892404
1791380973.303 5892404
1791380973.358 5892404
1791380973.413 5892404
1791380973.468 5892404
1791380973.522 5892404
1791380973.577 5892404
1791380973.632 5892404
1791380973.687 5892404
1791380973.742 5892404
1791380973.797 5892404
1791380973.852 5892404
1791380973.907 5892404
1791380973.962 5892404
1791380974.017 5892404
1791380974.072 5892404
1791380974.127 5892404
1791380974.182 5892404
1791380974.237 5892404
1791380974.292 5892404
1791380974.347 5892404
1791380974.402 5892404
1791380974.457 5892404
1791380974.512 5892404
1791380974.567 5892404
1791380974.622 5892404
1791380974.677 5892404
1791380974.732 5892404
1791380974.786 5892404
1791380974.841 5892404
1791380974.896 5892404
1791380974.951 5892404
1791380975.006 5892404
1791380975.061 5892404
1791380975.116 5892404
1791380975.171 5892404
1791380975.226 5892404
1791380975.281 5892404
1791380975.335 5892404
1791380975.390 5892404
1791380975.445 5892404
1791380975.500 5892404
1791380975.555 5892404
1791380975.610 5892404
1791380975.665 5892404
1791380975.720 5892404
1791380975.775 5892404
1791380975.830 5892404
1791380975.885 5892404
1791380975.940 5892404
1791380975.995 5892404
1791380976.050 5892404
1791380976.105 5892404
1791380976.160 5892404
1791380976.215 5892404
1791380976.269 5892404
1791380976.324 5892404
1791380976.379 5892404
1791380976.434 5892404
1791380976.490 5892404
1791380976.545 5892404
1791380976.600 5892404
1791380976.655 5892404
1791380976.710 5892404
1791380976.765 5892404
1791380976.821 5892404
1791380976.876 5892404
1791380976.931 5892404
1791380976.982 5892404
1791380977.034 5892404
1791380977.085 5892404
1791380977.136 5892404
1791380977.188 5892404
1791380977.239 5892404
1791380977.290 5892404
1791380977.341 5892404
1791380977.393 5892404
1791380977.444 5892404
1791380977.495 5892404
1791380977.547 5892404
1791380977.598 5892404
1791380977.649 5892404
1791380977.701 5892404
1791380977.752 5892404
1791380977.804 5892404
1791380977.856 5892404
1791380977.911 5892404
1791380977.966 5892404
1791380978.021 5892404
1791380978.076 5892404
1791380978.131 5892404
1791380978.186 5892404
1791380978.241 5892404
1791380978.296 5892404
1791380978.351 5892404
1791380978.406 5892404
1791380978.460 5892404
1791380978.515 5892404
1791380978.570 5892404
1791380978.625 5892404
1791380978.680 5892404
1791380978.735 5892404
1791380978.790 5892404
1791380978.841 5892404
1791380978.893 5892404
1791380978.944 5892404
1791380978.995 5892404
1791380979.046 5892404
1791380979.098 5892404
1791380979.149 5892404
1791380979.200 5892404
1791380979.255 5892404
1791380979.310 5892404
1791380979.365 5892404
1791380979.420 5892404
1791380979.476 5892404
1791380979.531 5892404
1791380979.582 5892404
1791380979.637 5892404
1791380979.692 5892404
1791380979.747 5892404
1791380979.802 5892404
1791380979.858 5892404
1791380979.913 5892404
1791380979.970 5892404
1791380980.026 5892404
1791380980.081 5892404
1791380980.136 5892404
1791380980.191 5892404
1791380980.246 5892404
1791380980.300 5892404
1791380980.352 5892404
1791380980.403 5892404
1791380980.458 5892404
1791380980.513 5892404
1791380980.568 5892404
1791380980.623 5892404
1791380980.678 5892404
1791380980.733 5892404
1791380980.788 5892404
1791380980.843 5892404
1791380980.898 5892404
1791380980.953 5892404
1791380981.007 5892404
1791380981.059 5892404
1791380981.114 5892404
1791380981.169 5892404
1791380981.224 5892404
1791380981.279 5892404
1791380981.334 5892404
1791380981.389 5892404
1791380981.444 5892404
1791380981.499 5892404
1791380981.554 5892404
1791380981.609 5892404
1791380981.664 5892404
1791380981.719 5892404
1791380981.774 5892404
1791380981.829 5892404
1791380981.884 5892404
1791380981.938 5892404
1791380981.993 5892404
1791380982.048 5892404
1791380982.103 5892404
1791380982.158 5892404
1791380982.213 5892404
1791380982.268 5892404
1791380982.323 5892404
1791380982.378 5892404
1791380982.433 5892404
1791380982.489 5892404
1791380982.544 5892404
1791380982.599 5892404
1791380982.654 5892404
1791380982.709 5892404
1791380982.763 5892404
1791380982.818 5892404
1791380982.874 5892404
1791380982.929 5892404
1791380982.984 5892404
1791380983.039 5892404
1791380983.094 5892404
1791380983.148 5892404
1791380983.203 5892404
1791380983.258 5892404
1791380983.313 5892404
1791380983.368 5892404
1791380983.423 5892404
1791380983.478 5892404
1791380983.533 5892404
1791380983.588 5892404
1791380983.643 5892404
1791380983.698 5892404
1791380983.753 5892404
1791380983.808 5892404
1791380983.863 5892404
1791380983.918 5892404
1791380983.973 5892404
1791380984.028 5892404
1791380984.083 5892404
1791380984.138 5892404
1791380984.193 5892404
1791380984.248 5892404
1791380984.303 5892404
1791380984.358 5892404
1791380984.413 5892404
1791380984.468 5892404
1791380984.523 5892404
1791380984.578 5892404
1791380984.633 5892404
1791380984.688 5892404
1791380984.743 5892404
1791380984.798 5892404
1791380984.853 5892404
1791380984.908 5892404
1791380984.962 5892404
1791380985.017 5892404
1791380985.072 5892404
1791380985.127 5892404
1791380985.182 5892404
1791380985.237 5892404
1791380985.292 5892404
1791380985.347 5892404
1791380985.402 5892404
1791380985.457 5892404
1791380985.512 5892404
1791380985.567 5892404
1791380985.622 5892404
1791380985.677 5892404
1791380985.732 5892404
1791380985.787 5892404
1791380985.842 5892404
1791380985.897 5892404
1791380985.952 5892404
1791380986.007 5892404
1791380986.062 5892404
1791380986.117 5892404
1791380986.172 5892404
1791380986.227 5892404
1791380986.282 5892404
1791380986.337 5892404
1791380986.391 5892404
1791380986.446 5892404
1791380986.501 5892404
1791380986.556 5892404
1791380986.611 5892404
1791380986.666 5892404
1791380986.721 5892404
1791380986.776 5892404
1791380986.831 5892404
1791380986.886 5892404
1791380986.941 5892404
1791380986.996 5892404
1791380987.051 5892404
1791380987.106 5892404
1791380987.161 5892404
1791380987.216 5892404
1791380987.271 5892404
1791380987.326 5892404
1791380987.381 5892404
1791380987.436 5892404
1791380987.491 5892404
1791380987.546 5892404
1791380987.601 5892404
1791380987.656 5892404
1791380987.711 5892404
1791380987.766 5892404
1791380987.821 5892404
1791380987.876 5892404
1791380987.931 5892404
1791380987.986 5892404
1791380988.041 5892404
1791380988.096 5892404
1791380988.152 5892404
1791380988.207 5892404
1791380988.262 5892404
1791380988.317 5892404
1791380988.372 5892404
1791380988.427 5892404
1791380988.482 5892404
1791380988.537 5892404
1791380988.593 5892404
1791380988.648 5892404
1791380988.703 5892404
1791380988.758 5892404
1791380988.813 5892404
1791380988.868 5892404
1791380988.923 5892404
1791380988.978 5892404
1791380989.033 5892404
1791380989.088 5892404
1791380989.142 5892404
1791380989.197 5892404
1791380989.252 5892404
1791380989.307 5892404
1791380989.362 5892404
1791380989.417 5892404
1791380989.472 5892404
1791380989.527 5892404
1791380989.582 5892404
1791380989.637 5892404
1791380989.692 5892404
1791380989.747 5892404
1791380989.802 5892404
1791380989.856 5892404
1791380989.911 5892404
1791380989.966 5892404
1791380990.021 5892404
1791380990.076 5892404
1791380990.131 5892404
1791380990.186 5892404
1791380990.241 5892404
1791380990.296 5892404
1791380990.351 5892404
1791380990.406 5892404
1791380990.461 5892404
1791380990.516 5892404
1791380990.571 5892404
1791380990.626 5892404
1791380990.681 5892404
1791380990.736 5892404
1791380990.791 5892404
1791380990.846 5892404
1791380990.901 5892404
1791380990.956 5892404
1791380991.011 5892404
1791380991.066 5892404
1791380991.121 5892404
1791380991.176 5892404
1791380991.231 5892404
1791380991.286 5892404
1791380991.341 5892404
1791380991.396 5892404
1791380991.451 5892404
1791380991.505 5892404
1791380991.560 5892404
1791380991.615 5892404
1791380991.670 5892404
1791380991.725 5892404
1791380991.780 5892404
1791380991.835 5892404
1791380991.890 5892404
1791380991.945 5892404
1791380992.000 5892404
1791380992.055 5892404
1791380992.110 5892404
1791380992.165 5892404
1791380992.220 5892404
1791380992.275 5892404
1791380992.330 5892404
1791380992.385 5892404
1791380992.440 5892404
1791380992.495 5892404
1791380992.550 5892404
1791380992.605 5892404
1791380992.660 5892404
1791380992.715 5892404
1791380992.769 5892404
1791380992.824 5892404
1791380992.879 5892404
1791380992.934 5892404
1791380992.989 5892404
1791380993.044 5892404
1791380993.099 5892404
1791380993.154 5892404
1791380993.209 5892404
1791380993.264 5892404
1791380993.319 5892404
1791380993.374 5892404
1791380993.429 5892404
1791380993.483 5892404
1791380993.539 5892404
1791380993.594 5892404
1791380993.648 5892404
1791380993.704 5892404
1791380993.758 5892404
1791380993.813 5892404
1791380993.868 5892404
1791380993.923 5892404
1791380993.978 5892404
1791380994.033 5892404
1791380994.088 5892404
1791380994.143 5892404
1791380994.198 5892404
1791380994.253 5892404
1791380994.308 5892404
1791380994.363 5892404
1791380994.418 5892404
1791380994.473 5892404
1791380994.528 5892404
1791380994.583 5892404
1791380994.637 5892404
1791380994.692 5892404
1791380994.747 5892404
1791380994.802 5892404
1791380994.856 5892404
1791380994.911 5892404
1791380994.966 5892404
1791380995.021 5892404
1791380995.076 5892404
1791380995.131 5892404
1791380995.186 5892404
1791380995.241 5892404
1791380995.296 5892404
1791380995.351 5892404
1791380995.406 5892404
1791380995.460 5892404
1791380995.515 5892404
1791380995.570 5892404
1791380995.625 5892404
1791380995.680 5892404
1791380995.735 5892404
1791380995.790 5892404
1791380995.845 5892404
1791380995.900 5892404
1791380995.955 5892404
1791380996.010 5892404
1791380996.065 5892404
1791380996.120 5892404
1791380996.175 5892404
1791380996.230 5892404
1791380996.284 5892404
1791380996.339 5892404
1791380996.394 5892404
1791380996.449 5892404
1791380996.504 5892404
1791380996.559 5892404
1791380996.614 5892404
1791380996.669 5892404
1791380996.724 5892404
1791380996.779 5892404
1791380996.834 5892404
1791380996.889 5892404
1791380996.944 5892404
1791380996.999 5892404
1791380997.056 5892404
1791380997.111 5892404
1791380997.166 5892404
1791380997.221 5892404
1791380997.276 5892404
1791380997.331 5892404
1791380997.386 5892404
1791380997.441 5892404
1791380997.496 5892404
1791380997.551 5892404
1791380997.605 5892404
1791380997.661 5892404
1791380997.715 5892404
1791380997.770 5892404
1791380997.825 5892404
1791380997.880 5892404
1791380997.935 5892404
1791380997.990 5892404
1791380998.045 5892404
1791380998.100 5892404
1791380998.155 5892404
1791380998.210 5892404
1791380998.265 5892404
1791380998.320 5892404
1791380998.375 5892404
1791380998.430 5892404
1791380998.485 5892404
1791380998.540 5892404
1791380998.595 5892404
1791380998.646 5892404
1791380998.701 5892404
1791380998.756 5892404
1791380998.811 5892404
1791380998.866 5892404
1791380998.921 5892404
1791380998.976 5892404
1791380999.031 5892404
1791380999.086 5892404
1791380999.141 5892404
1791380999.196 5892404
1791380999.251 5892404
1791380999.306 5892404
1791380999.361 5892404
1791380999.416 5892404
1791380999.470 5892404
1791380999.525 5892404
1791380999.580 5892404
1791380999.635 5892404
1791380999.690 5892404
1791380999.745 5892404
1791380999.800 5892404
1791380999.855 5892404
1791380999.910 5892404
1791380999.965 5892404
1791381000.020 5892404
1791381000.075 5892404
1791381000.129 5892404
1791381000.184 5892404
1791381000.239 5892404
1791381000.294 5892404
1791381000.349 5892404
1791381000.404 5892404
1791381000.459 5892404
1791381000.514 5892404
1791381000.568 5892404
1791381000.623 5892404
1791381000.678 5892404
1791381000.733 5892404
1791381000.788 5892404
1791381000.843 5892404
1791381000.898 5892404
1791381000.953 5892404
1791381001.008 5892404
1791381001.063 5892404
1791381001.117 5892404
1791381001.172 5892404
1791381001.227 5892404
1791381001.282 5892404
1791381001.337 5892404
1791381001.392 5892404
1791381001.447 5892404
1791381001.502 5892404
1791381001.557 5892404
1791381001.611 5892404
1791381001.666 5892404
1791381001.721 5892404
1791381001.776 5892404
1791381001.831 5892404
1791381001.886 5892404
1791381001.941 5892404
1791381001.996 5892404
1791381002.051 5892404
1791381002.105 5892404
1791381002.160 5892404
1791381002.215 5892404
1791381002.270 5892404
1791381002.325 5892404
1791381002.380 5892404
1791381002.435 5892404
1791381002.490 5892404
1791381002.544 5892404
1791381002.600 5892404
1791381002.655 5892404
1791381002.710 5892404
1791381002.765 5892404
1791381002.819 5892404
1791381002.874 5892404
1791381002.929 5892404
1791381002.984 5892404
1791381003.039 5892404
1791381003.094 5892404
1791381003.149 5892404
1791381003.204 5892404
1791381003.259 5892404
1791381003.314 5892404
1791381003.368 5892404
1791381003.423 5892404
1791381003.478 5892404
1791381003.533 5892404
1791381003.586 5892404
1791381003.641 5892404
1791381003.696 5892404
1791381003.751 5892404
1791381003.805 5892404
1791381003.860 5892404
1791381003.915 5892404
1791381003.970 5892404
1791381004.022 5892404
1791381004.075 5892404
1791381004.130 5892404
1791381004.185 5892404
1791381004.240 5892404
1791381004.295 5892404
1791381004.350 5892404
1791381004.405 5892404
1791381004.460 5892404
1791381004.515 5892404
1791381004.570 5892404
1791381004.624 5892404
1791381004.679 5892404
1791381004.734 5892404
1791381004.789 5892404
1791381004.844 5892404
1791381004.899 5892404
1791381004.954 5892404
1791381005.009 5892404
1791381005.064 5892404
1791381005.118 5892404
1791381005.173 5892404
1791381005.228 5892404
1791381005.283 5892404
1791381005.338 5892404
1791381005.393 5892404
1791381005.448 5892404
1791381005.503 5892404
1791381005.557 5892404
1791381005.612 5892404
1791381005.667 5892404
1791381005.722 5892404
1791381005.777 5892404
1791381005.832 5892404
1791381005.887 5892404
1791381005.942 5892404
1791381005.997 5892404
1791381006.052 5892404
1791381006.104 5892404
1791381006.159 5892404
1791381006.214 5892404
1791381006.269 5892404
1791381006.324 5892404
1791381006.378 5892404
1791381006.433 5892404
1791381006.488 5892404
1791381006.543 5892404
1791381006.598 5892404
1791381006.653 5892404
1791381006.708 5892404
1791381006.763 5892404
1791381006.818 5892404
1791381006.872 5892404
1791381006.927 5892404
1791381006.982 5892404
1791381007.037 5892404
1791381007.088 5892404
1791381007.140 5892404
1791381007.195 5892404
1791381007.251 5892404
1791381007.306 5892404
1791381007.361 5892404
1791381007.416 5892404
1791381007.470 5892404
1791381007.525 5892404
1791381007.580 5892404
1791381007.635 5892404
1791381007.690 5892404
1791381007.741 5892404
1791381007.795 5892404
1791381007.851 5892404
1791381007.905 5892404
1791381007.960 5892404
1791381008.015 5892404
1791381008.070 5892404
1791381008.125 5892404
1791381008.180 5892404
1791381008.235 5892404
1791381008.290 5892404
1791381008.345 5892404
1791381008.400 5892404
1791381008.455 5892404
1791381008.509 5892404
1791381008.564 5892404
1791381008.619 5892404
1791381008.674 5892404
1791381008.729 5892404
1791381008.784 5892404
1791381008.839 5892404
1791381008.893 5892404
1791381008.948 5892404
1791381009.003 5892404
1791381009.058 5892404
1791381009.113 5892404
1791381009.168 5892404
1791381009.223 5892404
1791381009.278 5892404
1791381009.333 5892404
1791381009.388 5892404
1791381009.442 5892404
1791381009.497 5892404
1791381009.552 5892404
1791381009.607 5892404
1791381009.662 5892404
1791381009.717 5892404
1791381009.772 5892404
1791381009.827 5892404
1791381009.882 5892404
1791381009.936 5892404
1791381009.991 5892404
1791381010.046 5892404
1791381010.101 5892404
1791381010.156 5892404
1791381010.211 5892404
1791381010.266 5892404
1791381010.321 5892404
1791381010.376 5892404
1791381010.430 5892404
1791381010.485 5892404
1791381010.540 5892404
1791381010.595 5892404
1791381010.650 5892404
1791381010.705 5892404
1791381010.760 5892404
1791381010.815 5892404
1791381010.870 5892404
1791381010.924 5892404
1791381010.979 5892404
1791381011.034 5892404
1791381011.089 5892404
1791381011.144 5892404
1791381011.198 5892404
1791381011.253 5892404
1791381011.308 5892404
1791381011.363 5892404
1791381011.418 5892404
1791381011.473 5892404
1791381011.528 5892404
1791381011.582 5892404
1791381011.637 5892404
1791381011.692 5892404
1791381011.747 5892404
1791381011.802 5892404
1791381011.857 5892404
1791381011.912 5892404
1791381011.967 5892404
1791381012.021 5892404
1791381012.076 5892404
1791381012.131 5892404
1791381012.186 5892404
1791381012.241 5892404
1791381012.296 5892404
1791381012.351 5892404
1791381012.406 5892404
1791381012.460 5892404
1791381012.515 5892404
1791381012.570 5892404
1791381012.625 5892404
1791381012.680 5892404
1791381012.735 5892404
1791381012.790 5892404
1791381012.845 5892404
1791381012.900 5892404
1791381012.954 5892404
1791381013.009 5892404
1791381013.064 5892404
1791381013.119 5892404
1791381013.174 5892404
1791381013.229 5892404
1791381013.284 5892404
1791381013.338 5892404
1791381013.393 5892404
1791381013.448 5892404
1791381013.503 5892404
1791381013.558 5892404
1791381013.613 5892404
1791381013.664 5892404
1791381013.719 5892404
1791381013.774 5892404
1791381013.829 5892404
1791381013.884 5892404
1791381013.939 5892404
1791381013.995 5892404
1791381014.050 5892404
1791381014.105 5892404
1791381014.159 5892404
1791381014.214 5892404
1791381014.269 5892404
1791381014.324 5892404
1791381014.379 5892404
1791381014.434 5892404
1791381014.489 5892404
1791381014.544 5892404
1791381014.599 5892404
1791381014.654 5892404
1791381014.709 5892404
1791381014.764 5892404
1791381014.819 5892596
1791381014.871 5892596
1791381014.926 5892596
1791381014.981 5892596
1791381015.037 5892596
1791381015.092 5892596
1791381015.147 5892596
1791381015.202 5892596
1791381015.257 5892596
1791381015.312 5892596
1791381015.366 5892596
1791381015.420 5892596
1791381015.473 5892596
1791381015.526 5893748
1791381015.580 5893748
1791381015.633 5893748
1791381015.685 5893748
1791381015.740 5893748
1791381015.795 5893748
1791381015.850 5893748
1791381015.905 5893748
1791381015.960 5893748
1791381016.015 5893748
1791381016.070 5893748
1791381016.125 5893748
1791381016.180 5893748
1791381016.234 5893748
1791381016.289 5893748
1791381016.344 5893748
1791381016.399 5893748
1791381016.454 5893748
1791381016.509 5893748
1791381016.564 5893748
1791381016.619 5893748
1791381016.674 5893748
1791381016.727 5893748
1791381016.782 5893748
1791381016.837 5893748
1791381016.892 5893748
1791381016.947 5893748
1791381017.002 5893748
1791381017.057 5893748
1791381017.112 5893748
1791381017.167 5893748
1791381017.222 5893748
1791381017.277 5893748
1791381017.328 5893748
1791381017.379 5894708
1791381017.431 5894708
1791381017.482 5894708
1791381017.533 5897396
1791381017.584 5897396
1791381017.636 5897588
1791381017.687 5897588
1791381017.738 5897588
1791381017.790 5897588
1791381017.841 5897588
1791381017.892 5897588
1791381017.943 5897780
1791381017.994 5897780
1791381018.045 5897780
1791381018.097 5897780
1791381018.148 5897780
1791381018.199 5897780
1791381018.250 5897780
1791381018.301 5897780
1791381018.353 5897780
1791381018.404 5897780
1791381018.455 5897780
1791381018.506 5897780
1791381018.558 5897780
1791381018.609 5897972
1791381018.660 5897972
1791381018.711 5898164
1791381018.762 5898164
1791381018.814 5898164
1791381018.865 5898164
1791381018.916 5898164
1791381018.967 5898164
1791381019.019 5898164
1791381019.070 5898164
1791381019.121 5898164
1791381019.172 5898164
1791381019.223 5898164
1791381019.275 5898164
1791381019.326 5898164
1791381019.378 5898164
1791381019.429 5898164
1791381019.480 5898164
1791381019.531 5898164
1791381019.582 5898164
1791381019.634 5898164
1791381019.685 5898164
1791381019.736 5898164
1791381019.787 5898164
1791381019.838 5898164
1791381019.889 5898164
1791381019.940 5898164
1791381019.991 5898164
1791381020.043 5898164
1791381020.094 5898356
1791381020.145 5898356
1791381020.196 5898356
1791381020.247 5898356
1791381020.298 5898356
1791381020.349 5898548
1791381020.400 5898548
1791381020.451 5898548
1791381020.502 5898548
1791381020.554 5898548
1791381020.605 5898548
1791381020.656 5898548
1791381020.707 5898932
1791381020.758 5898932
1791381020.814 5898932
1791381020.869 5898932
1791381020.924 5898932
1791381020.980 5898932
1791381021.035 5898932
1791381021.090 5898932
1791381021.142 5898932
1791381021.197 5898932
1791381021.252 5898932
1791381021.308 5898932
1791381021.363 5898932
1791381021.418 5898932
1791381021.473 5898932
1791381021.529 5898932
1791381021.584 5898932
1791381021.639 5898932
1791381021.694 5898932
1791381021.750 5898932
1791381021.805 5898932
1791381021.860 5898932
1791381021.915 5898932
1791381021.970 5898932
1791381022.026 5898932
1791381022.081 5898932
1791381022.136 5898932
1791381022.188 5898932
1791381022.239 5898932
1791381022.290 5898932
1791381022.341 5898932
1791381022.393 5898932
1791381022.444 5898932
1791381022.495 5898932
1791381022.547 5898932
1791381022.598 5898932
1791381022.650 5898932
1791381022.701 5898932
1791381022.753 5898932
1791381022.805 5898932
1791381022.856 5898932
1791381022.907 5898932
1791381022.959 5898932
1791381023.011 5898932
1791381023.062 5898932
1791381023.118 5898932
1791381023.173 5898932
1791381023.229 5898932
1791381023.284 5898932
1791381023.339 5898932
1791381023.395 5898932
1791381023.450 5898932
1791381023.505 5898932
1791381023.560 5898932
1791381023.613 5898932
1791381023.668 5898932
1791381023.723 5898932
1791381023.778 5898932
1791381023.834 5898932
1791381023.889 5898932
1791381023.944 5898932
1791381023.995 5898932
1791381024.047 5898932
1791381024.098 5898932
1791381024.149 5898932
1791381024.201 5898932
1791381024.252 5898932
1791381024.303 5898932
1791381024.355 5898932
1791381024.410 5898932
1791381024.465 5898932
1791381024.521 5898932
1791381024.576 5898932
1791381024.631 5898932
1791381024.686 5898932
1791381024.741 5898932
1791381024.796 5898932
1791381024.851 5898932
1791381024.907 5898932
1791381024.962 5898932
1791381025.017 5898932
1791381025.072 5898932
1791381025.127 5898932
1791381025.183 5898932
1791381025.238 5898932
1791381025.293 5898932
1791381025.348 5898932
1791381025.403 5898932
1791381025.459 5898932
1791381025.514 5898932
1791381025.569 5898932
1791381025.624 5898932
1791381025.679 5898932
1791381025.734 5898932
1791381025.790 5898932
1791381025.845 5898932
1791381025.900 5898932
1791381025.955 5898932
1791381026.010 5898932
1791381026.065 5898932
1791381026.120 5898932
1791381026.176 5898932
1791381026.231 5898932
1791381026.286 5898932
1791381026.341 5898932
1791381026.396 5898932
1791381026.451 5898932
1791381026.506 5898932
1791381026.562 5898932
1791381026.617 5898932
1791381026.672 5898932
1791381026.727 5898932
1791381026.782 5898932
1791381026.837 5898932
1791381026.893 5898932
1791381026.948 5898932
1791381027.003 5898932
1791381027.058 5898932
1791381027.113 5898932
1791381027.168 5898932
1791381027.223 5898932
1791381027.279 5898932
1791381027.334 5898932
1791381027.389 5898932
1791381027.444 5898932
1791381027.499 5898932
1791381027.554 5898932
1791381027.610 5898932
1791381027.665 5898932
1791381027.720 5898932
1791381027.775 5898932
1791381027.830 5898932
1791381027.885 5898932
1791381027.940 5898932
1791381027.995 5898932
1791381028.050 5898932
1791381028.105 5898932
1791381028.156 5898932
1791381028.211 5898932
1791381028.266 5898932
1791381028.321 5898932
1791381028.376 5898932
1791381028.431 5898932
1791381028.486 5898932
1791381028.541 5898932
1791381028.596 5898932
1791381028.647 5898932
1791381028.703 5898932
1791381028.758 5898932
1791381028.813 5898932
1791381028.868 5898932
1791381028.923 5898932
1791381028.978 5898932
1791381029.033 5898932
1791381029.088 5898932
1791381029.143 5898932
1791381029.198 5898932
1791381029.253 5898932
1791381029.308 5898932
1791381029.363 5898932
1791381029.418 5898932
1791381029.473 5898932
1791381029.528 5898932
1791381029.583 5898932
1791381029.638 5898932
1791381029.693 5898932
1791381029.748 5898932
1791381029.803 5898932
1791381029.858 5898932
1791381029.913 5898932
1791381029.968 5898932
1791381030.023 5898932
1791381030.078 5898932
1791381030.132 5898932
1791381030.187 5898932
1791381030.242 5898932
1791381030.297 5898932
1791381030.352 5898932
1791381030.407 5898932
1791381030.462 5898932
1791381030.517 5898932
1791381030.572 5898932
1791381030.627 5898932
1791381030.682 5898932
1791381030.737 5898932
1791381030.792 5898932
1791381030.847 5898932
1791381030.902 5898932
1791381030.957 5898932
1791381031.012 5898932
1791381031.067 5898932
1791381031.122 5898932
1791381031.177 5898932
1791381031.232 5898932
1791381031.287 5898932
1791381031.342 5898932
1791381031.396 5898932
1791381031.451 5898932
1791381031.506 5898932
1791381031.561 5898932
1791381031.616 5898932
1791381031.671 5898932
1791381031.726 5898932
1791381031.781 5898932
1791381031.836 5898932
1791381031.891 5898932
1791381031.946 5898932
1791381032.001 5898932
1791381032.056 5898932
1791381032.111 5898932
1791381032.166 5898932
1791381032.221 5898932
1791381032.276 5898932
1791381032.331 5898932
1791381032.386 5898932
1791381032.441 5898932
1791381032.496 5898932
1791381032.551 5898932
1791381032.606 5898932
1791381032.661 5898932
1791381032.716 5898932
1791381032.771 5898932
1791381032.825 5898932
1791381032.881 5898932
1791381032.936 5898932
1791381032.991 5898932
1791381033.046 5898932
1791381033.101 5898932
1791381033.156 5898932
1791381033.212 5898932
1791381033.267 5898932
1791381033.322 5898932
1791381033.376 5898932
1791381033.431 5898932
1791381033.487 5898932
1791381033.542 5898932
1791381033.597 5898932
1791381033.652 5898932
1791381033.706 5898932
1791381033.762 5898932
1791381033.816 5898932
1791381033.871 5898932
1791381033.926 5898932
1791381033.981 5898932
1791381034.037 5898932
1791381034.092 5898932
1791381034.146 5898932
1791381034.201 5898932
1791381034.256 5898932
1791381034.311 5898932
1791381034.366 5898932
1791381034.422 5898932
1791381034.476 5898932
1791381034.531 5898932
1791381034.586 5898932
1791381034.641 5898932
1791381034.696 5898932
1791381034.751 5898932
1791381034.806 5898932
1791381034.861 5898932
1791381034.916 5898932
1791381034.971 5898932
1791381035.026 5898932
1791381035.081 5898932
1791381035.136 5898932
1791381035.191 5898932
1791381035.246 5898932
1791381035.301 5898932
1791381035.356 5898932
1791381035.411 5898932
1791381035.466 5898932
1791381035.521 5898932
1791381035.576 5898932
1791381035.631 5898932
1791381035.686 5898932
1791381035.741 5898932
1791381035.796 5898932
1791381035.851 5898932
1791381035.906 5898932
1791381035.961 5898932
1791381036.016 5898932
1791381036.071 5898932
1791381036.126 5898932
1791381036.181 5898932
1791381036.236 5898932
1791381036.290 5898932
1791381036.345 5898932
1791381036.400 5898932
1791381036.455 5898932
1791381036.510 5898932
1791381036.565 5898932
1791381036.620 5898932
1791381036.675 5898932
1791381036.730 5898932
1791381036.785 5898932
1791381036.840 5898932
1791381036.895 5898932
1791381036.951 5898932
1791381037.006 5898932
1791381037.060 5898932
1791381037.112 5898932
1791381037.163 5898932
1791381037.218 5898932
1791381037.273 5898932
1791381037.328 5898932
1791381037.383 5898932
1791381037.437 5898932
1791381037.492 5898932
1791381037.547 5898932
1791381037.602 5898932
1791381037.657 5898932
1791381037.712 5898932
1791381037.767 5898932
1791381037.822 5898932
1791381037.877 5898932
1791381037.932 5898932
1791381037.987 5898932
1791381038.042 5898932
1791381038.097 5898932
1791381038.152 5898932
1791381038.207 5898932
1791381038.259 5898932
1791381038.314 5898932
1791381038.369 5898932
1791381038.424 5898932
1791381038.479 5898932
1791381038.534 5898932
1791381038.589 5898932
1791381038.644 5898932
1791381038.699 5898932
1791381038.754 5898932
1791381038.809 5898932
1791381038.864 5898932
1791381038.919 5898932
1791381038.974 5898932
1791381039.029 5898932
1791381039.084 5898932
1791381039.139 5898932
1791381039.194 5898932
1791381039.249 5898932
1791381039.304 5898932
1791381039.359 5898932
1791381039.414 5898932
1791381039.469 5898932
1791381039.524 5898932
1791381039.579 5898932
1791381039.634 5898932
1791381039.688 5898932
1791381039.743 5898932
1791381039.798 5898932
1791381039.853 5898932
1791381039.908 5898932
1791381039.964 5898932
1791381040.019 5898932
1791381040.074 5898932
1791381040.129 5898932
1791381040.184 5898932
1791381040.239 5898932
1791381040.294 5898932
1791381040.349 5898932
1791381040.403 5898932
1791381040.458 5898932
1791381040.513 5898932
1791381040.568 5898932
1791381040.623 5898932
1791381040.678 5898932
1791381040.733 5898932
1791381040.788 5898932
1791381040.843 5898932
1791381040.898 5898932
1791381040.953 5898932
1791381041.008 5898932
1791381041.063 5898932
1791381041.118 5898932
1791381041.173 5898932
1791381041.228 5898932
1791381041.283 5898932
1791381041.338 5898932
1791381041.391 5898932
1791381041.446 5898932
1791381041.501 5898932
1791381041.556 5898932
1791381041.611 5898932
1791381041.666 5898932
1791381041.721 5898932
1791381041.776 5898932
1791381041.831 5898932
1791381041.886 5898932
1791381041.941 5898932
1791381041.996 5898932
1791381042.051 5898932
1791381042.106 5898932
1791381042.157 5898932
1791381042.212 5898932
1791381042.267 5898932
1791381042.322 5898932
1791381042.377 5898932
1791381042.432 5898932
1791381042.487 5898932
1791381042.542 5898932
1791381042.597 5898932
1791381042.652 5898932
1791381042.707 5898932
1791381042.762 5898932
1791381042.817 5898932
1791381042.872 5898932
1791381042.927 5898932
1791381042.982 5898932
1791381043.037 5898932
1791381043.092 5898932
1791381043.147 5898932
1791381043.202 5898932
1791381043.257 5898932
1791381043.312 5898932
1791381043.367 5898932
1791381043.418 5898932
1791381043.473 5898932
1791381043.528 5898932
1791381043.583 5898932
1791381043.638 5898932
1791381043.693 5898932
1791381043.748 5898932
1791381043.803 5898932
1791381043.858 5898932
1791381043.913 5898932
1791381043.968 5898932
1791381044.023 5898932
1791381044.078 5898932
1791381044.133 5898932
1791381044.188 5898932
1791381044.243 5898932
1791381044.298 5898932
1791381044.353 5898932
1791381044.408 5898932
1791381044.463 5898932
1791381044.518 5898932
1791381044.573 5898932
1791381044.628 5898932
1791381044.683 5898932
1791381044.738 5898932
1791381044.793 5898932
1791381044.848 5898932
1791381044.903 5898932
1791381044.958 5898932
1791381045.013 5898932
1791381045.068 5898932
1791381045.123 5898932
1791381045.178 5898932
1791381045.233 5898932
1791381045.288 5898932
1791381045.343 5898932
1791381045.398 5898932
1791381045.453 5898932
1791381045.508 5898932
1791381045.563 5898932
1791381045.618 5898932
1791381045.673 5898932
1791381045.728 5898932
1791381045.782 5898932
1791381045.837 5898932
1791381045.892 5898932
1791381045.947 5898932
1791381046.002 5898932
1791381046.058 5898932
1791381046.112 5898932
1791381046.167 5898932
1791381046.222 5898932
1791381046.277 5898932
1791381046.332 5898932
1791381046.387 5898932
1791381046.442 5898932
1791381046.498 5898932
1791381046.553 5898932
1791381046.608 5898932
1791381046.663 5898932
1791381046.718 5898932
1791381046.773 5898932
1791381046.828 5898932
1791381046.883 5898932
1791381046.938 5898932
1791381046.993 5898932
1791381047.048 5898932
1791381047.103 5898932
1791381047.158 5898932
1791381047.213 5898932
1791381047.268 5898932
1791381047.322 5898932
1791381047.377 5898932
1791381047.432 5898932
1791381047.487 5898932
1791381047.542 5898932
1791381047.597 5898932
1791381047.652 5898932
1791381047.707 5898932
1791381047.762 5898932
1791381047.817 5898932
1791381047.872 5898932
1791381047.927 5898932
1791381047.982 5898932
1791381048.037 5898932
1791381048.092 5898932
1791381048.147 5898932
1791381048.202 5898932
1791381048.257 5898932
1791381048.312 5898932
1791381048.367 5898932
1791381048.422 5898932
1791381048.477 5898932
1791381048.532 5898932
1791381048.587 5898932
1791381048.642 5898932
1791381048.697 5898932
1791381048.752 5898932
1791381048.807 5898932
1791381048.862 5898932
1791381048.914 5898932
1791381048.968 5898932
1791381049.024 5898932
1791381049.078 5898932
1791381049.133 5898932
1791381049.188 5898932
1791381049.243 5898932
1791381049.298 5898932
1791381049.353 5898932
1791381049.408 5898932
1791381049.463 5898932
1791381049.518 5898932
1791381049.573 5898932
1791381049.628 5898932
1791381049.683 5898932
1791381049.738 5898932
1791381049.793 5898932
1791381049.848 5898932
1791381049.903 5898932
1791381049.958 5898932
1791381050.013 5898932
1791381050.068 5898932
1791381050.123 5898932
1791381050.178 5898932
1791381050.233 5898932
1791381050.288 5898932
1791381050.343 5898932
1791381050.398 5898932
1791381050.453 5898932
1791381050.508 5898932
1791381050.563 5898932
1791381050.618 5898932
1791381050.673 5898932
1791381050.728 5898932
1791381050.783 5898932
1791381050.838 5898932
1791381050.893 5898932
1791381050.948 5898932
1791381051.003 5898932
1791381051.058 5898932
1791381051.113 5898932
1791381051.168 5898932
1791381051.223 5898932
1791381051.278 5898932
1791381051.333 5898932
1791381051.388 5898932
1791381051.443 5899316
1791381051.494 5899316
1791381051.549 5899316
1791381051.604 5899316
1791381051.659 5899316
1791381051.714 5899316
1791381051.769 5899316
1791381051.824 5899316
1791381051.880 5899316
1791381051.935 5899316
1791381051.990 5899316
1791381052.045 5899316
1791381052.100 5899316
1791381052.155 5899316
1791381052.210 5899316
1791381052.265 5899316
1791381052.316 5899316
1791381052.372 5899316
1791381052.427 5899316
1791381052.482 5899316
1791381052.537 5899316
1791381052.592 5899316
1791381052.647 5899316
1791381052.702 5899316
1791381052.757 5899316
1791381052.812 5899316
1791381052.867 5899508
1791381052.919 5899508
1791381052.972 5899508
1791381053.027 5899508
1791381053.082 5899508
1791381053.137 5899508
1791381053.192 5899508
1791381053.247 5899508
1791381053.302 5899508
1791381053.358 5899508
1791381053.413 5899508
1791381053.468 5899508
1791381053.523 5899508
1791381053.577 5899508
1791381053.630 5899508
1791381053.685 5899508
1791381053.740 5899508
1791381053.795 5899508
1791381053.850 5899508
1791381053.905 5899508
1791381053.960 5899508
1791381054.015 5899508
1791381054.070 5899508
1791381054.125 5899508
1791381054.180 5899508
1791381054.235 5899508
1791381054.290 5899508
1791381054.345 5899508
1791381054.400 5899508
1791381054.455 5899508
1791381054.510 5899508
1791381054.565 5899508
1791381054.616 5899700
1791381054.667 5906228
1791381054.719 5917556
1791381054.770 5917556
1791381054.825 5917556
1791381054.881 5917556
1791381054.936 5917556
1791381054.991 5917556
1791381055.046 5917556
1791381055.101 5917556
1791381055.157 5917556
1791381055.211 5917556
1791381055.265 5917556
1791381055.320 5917556
1791381055.375 5917556
1791381055.430 5917556
1791381055.481 5917556
1791381055.536 5917556
1791381055.591 5917556
1791381055.646 5917556
1791381055.701 5917556
1791381055.756 5917556
1791381055.811 5917556
1791381055.866 5917556
1791381055.918 5917556
1791381055.969 5917556
1791381056.021 5917556
1791381056.072 5917556
1791381056.124 5917556
1791381056.180 5917556
1791381056.235 5917556
1791381056.290 5917556
1791381056.345 5917556
1791381056.400 5917556
1791381056.455 5917556
1791381056.510 5917556
1791381056.565 5917556
1791381056.620 5917556
1791381056.675 5917556
1791381056.731 5917556
1791381056.786 5917556
1791381056.841 5917556
1791381056.896 5917556
1791381056.951 5917556
1791381057.006 5917556
1791381057.061 5917556
1791381057.116 5917556
1791381057.171 5917556
1791381057.226 5917556
1791381057.281 5917556
1791381057.336 5917556
1791381057.390 5917556
1791381057.445 5917556
1791381057.500 5917556
1791381057.555 5917556
1791381057.610 5917556
1791381057.665 5917556
1791381057.720 5917556
1791381057.775 5917556
1791381057.830 5917556
1791381057.885 5917556
1791381057.940 5917556
1791381057.995 5917556
1791381058.050 5917556
1791381058.105 5917556
1791381058.160 5917556
1791381058.215 5917556
1791381058.270 5917556
1791381058.325 5917556
1791381058.380 5917556
1791381058.435 5917556
1791381058.490 5917556
1791381058.545 5917556
1791381058.600 5917556
1791381058.651 5917556
1791381058.703 5913244
1791381058.758 5913244
1791381058.814 5913244
1791381058.869 5913244
1791381058.924 5913244
1791381058.979 5913244
1791381059.034 5913244
1791381059.089 5913244
1791381059.144 5913244
1791381059.198 5913244
1791381059.253 5913244
1791381059.308 5913244
1791381059.363 5913244
1791381059.418 5913244
1791381059.473 5913244
1791381059.528 5913244
1791381059.583 5913244
1791381059.638 5913244
1791381059.693 5913244
1791381059.748 5913244
1791381059.803 5913244
1791381059.858 5913244
1791381059.913 5913244
1791381059.968 5913244
1791381060.023 5913244
1791381060.078 5913244
1791381060.133 5913244
1791381060.188 5913244
1791381060.243 5913244
1791381060.298 5913244
1791381060.353 5913244
1791381060.408 5913244
1791381060.461 5913244
1791381060.517 5913244
1791381060.572 5913244
1791381060.627 5913244
1791381060.682 5913244
1791381060.737 5913244
1791381060.792 5913244
1791381060.847 5913244
1791381060.901 5913244
1791381060.956 5913244
1791381061.011 5913244
1791381061.066 5913244
1791381061.121 5913244
1791381061.176 5913244
1791381061.231 5913244
1791381061.286 5913244
1791381061.341 5913244
1791381061.396 5913244
1791381061.451 5913244
1791381061.506 5913244
1791381061.561 5913244
1791381061.616 5913244
1791381061.671 5913244
1791381061.726 5913244
1791381061.781 5913244
1791381061.836 5913244
1791381061.891 5913244
1791381061.946 5913244
1791381062.001 5913244
1791381062.056 5913244
1791381062.111 5913244
1791381062.166 5913244
1791381062.221 5913244
1791381062.276 5913244
1791381062.331 5913244
1791381062.386 5913244
1791381062.441 5913244
1791381062.496 5913244
1791381062.551 5913244
1791381062.606 5913244
1791381062.661 5913244
1791381062.716 5913244
1791381062.771 5913244
1791381062.826 5913244
1791381062.881 5913244
1791381062.936 5913244
1791381062.991 5913244
1791381063.046 5913244
1791381063.101 5913244
1791381063.156 5913244
1791381063.211 5913244
1791381063.265 5913244
1791381063.320 5913244
1791381063.375 5913244
1791381063.430 5913244
1791381063.485 5913244
1791381063.536 5913244
1791381063.591 5913244
1791381063.646 5913244
1791381063.701 5913244
1791381063.756 5913244
1791381063.811 5913244
1791381063.866 5913244
1791381063.921 5913244
1791381063.976 5913244
1791381064.031 5913244
1791381064.086 5913244
1791381064.141 5913244
1791381064.193 5913244
1791381064.254 5913244
1791381064.314 5913244
1791381064.369 5913244
1791381064.424 5913244
1791381064.479 5913244
1791381064.534 5913244
1791381064.589 5913244
1791381064.644 5913244
1791381064.699 5913244
1791381064.754 5913244
1791381064.809 5913244
1791381064.864 5913244
1791381064.919 5913244
1791381064.974 5913244
1791381065.029 5913244
1791381065.084 5913244
1791381065.139 5913244
1791381065.194 5913244
1791381065.249 5913244
1791381065.304 5913244
1791381065.359 5913244
1791381065.414 5913244
1791381065.469 5913244
1791381065.524 5913244
1791381065.579 5913244
1791381065.634 5913244
1791381065.689 5913244
1791381065.744 5913244
1791381065.799 5913244
1791381065.854 5913244
1791381065.909 5913244
1791381065.964 5913244
1791381066.019 5913244
1791381066.074 5913244
1791381066.130 5913244
1791381066.185 5913244
1791381066.241 5913244
1791381066.296 5913244
1791381066.351 5913244
1791381066.406 5913244
1791381066.461 5913244
1791381066.516 5913244
1791381066.571 5913244
1791381066.626 5913244
1791381066.681 5913244
1791381066.736 5913244
1791381066.791 5913244
1791381066.846 5913244
1791381066.901 5913244
1791381066.956 5913244
1791381067.011 5913244
1791381067.066 5913244
1791381067.121 5913244
1791381067.176 5913244
1791381067.231 5913244
1791381067.286 5913244
1791381067.341 5913244
1791381067.396 5913244
1791381067.451 5913244
1791381067.506 5913244
1791381067.561 5913244
1791381067.616 5913244
1791381067.671 5913244
1791381067.726 5913244
1791381067.781 5913244
1791381067.836 5913244
1791381067.891 5913244
1791381067.946 5913244
1791381068.001 5913244
1791381068.056 5913244
1791381068.111 5913244
1791381068.166 5913244
1791381068.221 5913244
1791381068.276 5913244
1791381068.331 5913244
1791381068.386 5913244
1791381068.441 5913244
1791381068.496 5913244
1791381068.551 5913244
1791381068.606 5913244
1791381068.661 5913244
1791381068.716 5913244
1791381068.771 5913244
1791381068.826 5913244
1791381068.881 5913244
1791381068.935 5913244
1791381068.990 5913244
1791381069.046 5913244
1791381069.101 5913244
1791381069.156 5913244
1791381069.211 5913244
1791381069.266 5913244
1791381069.321 5913244
1791381069.375 5913244
1791381069.430 5913244
1791381069.485 5913244
1791381069.540 5913244
1791381069.595 5913244
1791381069.650 5913244
1791381069.705 5913244
1791381069.760 5913244
1791381069.815 5913244
1791381069.870 5913244
1791381069.925 5913244
1791381069.980 5913244
1791381070.035 5913244
1791381070.090 5913244
1791381070.145 5913244
1791381070.200 5913244
1791381070.255 5913244
1791381070.310 5913244
1791381070.365 5913244
1791381070.420 5913244
1791381070.475 5913244
1791381070.530 5913244
1791381070.585 5913244
1791381070.640 5913244
1791381070.694 5913244
1791381070.749 5913244
1791381070.804 5913244
1791381070.859 5913244
1791381070.914 5913244
1791381070.969 5913244
1791381071.024 5913244
1791381071.079 5913244
1791381071.134 5913244
1791381071.189 5913244
1791381071.244 5913244
1791381071.299 5913244
1791381071.354 5913244
1791381071.409 5913244
1791381071.464 5913244
1791381071.519 5913244
1791381071.574 5913244
1791381071.629 5913244
1791381071.683 5913244
1791381071.738 5913244
1791381071.793 5913244
1791381071.848 5913244
1791381071.903 5913244
1791381071.958 5913244
1791381072.013 5913244
1791381072.068 5913244
1791381072.123 5913244
1791381072.178 5913244
1791381072.233 5913244
1791381072.288 5913244
1791381072.343 5913244
1791381072.398 5913244
1791381072.453 5913244
1791381072.508 5913244
1791381072.563 5913244
1791381072.614 5913244
1791381072.665 5913244
1791381072.717 5913244
1791381072.768 5913244
1791381072.819 5913244
1791381072.874 5913244
1791381072.929 5913244
1791381072.984 5913244
1791381073.039 5913244
1791381073.094 5913244
1791381073.149 5913244
1791381073.204 5913244
1791381073.259 5913244
1791381073.314 5913244
1791381073.369 5913244
1791381073.424 5913244
1791381073.479 5913244
1791381073.534 5913244
1791381073.589 5913244
1791381073.644 5913244
1791381073.699 5913244
1791381073.754 5913244
1791381073.809 5913244
1791381073.864 5913244
1791381073.916 5913244
1791381073.971 5913244
1791381074.026 5913244
1791381074.081 5913244
1791381074.136 5913244
1791381074.191 5913244
1791381074.246 5913244
1791381074.301 5913244
1791381074.356 5913244
1791381074.411 5913244
1791381074.466 5913244
1791381074.521 5913244
1791381074.576 5913244
1791381074.631 5913244
1791381074.686 5913244
1791381074.741 5913244
1791381074.797 5913244
1791381074.852 5913244
1791381074.907 5913244
1791381074.962 5913244
1791381075.016 5913244
1791381075.071 5913244
1791381075.126 5913244
1791381075.181 5913244
1791381075.236 5913244
1791381075.291 5913244
1791381075.346 5913244
1791381075.401 5913244
1791381075.456 5913244
1791381075.511 5913244
1791381075.566 5913244
1791381075.621 5913244
1791381075.676 5913244
1791381075.731 5913244
1791381075.787 5913244
1791381075.841 5913244
1791381075.896 5913244
1791381075.951 5913244
1791381076.006 5913244
1791381076.062 5913244
1791381076.117 5913244
1791381076.176 5913244
1791381076.231 5913244
1791381076.286 5913244
1791381076.342 5913244
1791381076.397 5913244
1791381076.452 5913244
1791381076.507 5913244
1791381076.562 5913244
1791381076.617 5913244
1791381076.672 5913244
1791381076.727 5913244
1791381076.782 5913244
1791381076.837 5913244
1791381076.892 5913244
1791381076.947 5913244
1791381077.002 5913244
1791381077.057 5913244
1791381077.112 5913244
1791381077.167 5913244
1791381077.222 5913244
1791381077.277 5913244
1791381077.332 5913244
1791381077.387 5913244
1791381077.442 5913244
1791381077.497 5913244
1791381077.552 5913244
1791381077.607 5913244
1791381077.662 5913244
1791381077.717 5913244
1791381077.772 5913244
1791381077.827 5913244
1791381077.882 5913244
1791381077.937 5913244
1791381077.992 5913244
1791381078.047 5913244
1791381078.102 5913244
1791381078.157 5913244
1791381078.212 5913244
1791381078.264 5913244
1791381078.319 5913244
1791381078.374 5913244
1791381078.429 5913244
1791381078.484 5913244
1791381078.539 5913244
1791381078.593 5913244
1791381078.648 5913244
1791381078.703 5913244
1791381078.758 5908424
1791381078.813 5908424
1791381078.868 5908424
1791381078.923 5908424
1791381078.979 5908424
1791381079.034 5908424
1791381079.089 5908424
1791381079.140 5908424
1791381079.191 5908424
1791381079.243 5908424
1791381079.294 5908424
1791381079.345 5908424
1791381079.400 5908424
1791381079.455 5908424
1791381079.510 5908424
1791381079.565 5908424
1791381079.617 5908424
1791381079.672 5908424
1791381079.727 5908424
1791381079.782 5908424
1791381079.837 5908424
1791381079.891 5908424
1791381079.945 5908424
1791381080.000 5908424
1791381080.055 5908424
1791381080.110 5908424
1791381080.166 5908424
1791381080.221 5908424
1791381080.275 5908424
1791381080.330 5908424
1791381080.385 5908424
1791381080.440 5908424
1791381080.495 5908424
1791381080.550 5908424
1791381080.605 5908424
1791381080.660 5908424
1791381080.715 5908424
1791381080.770 5908424
1791381080.825 5908424
1791381080.880 5908424
1791381080.935 5908424
1791381080.990 5908424
1791381081.045 5908424
1791381081.100 5908424
1791381081.155 5908424
1791381081.210 5908424
1791381081.265 5908424
1791381081.320 5908424
1791381081.375 5908424
1791381081.430 5908424
1791381081.485 5908424
1791381081.540 5908424
1791381081.595 5908424
1791381081.649 5908424
1791381081.704 5908424
1791381081.759 5908424
1791381081.814 5908424
1791381081.869 5908424
1791381081.924 5908424
1791381081.979 5908424
1791381082.034 5908424
1791381082.089 5908424
1791381082.144 5908424
1791381082.199 5908424
1791381082.254 5908424
1791381082.309 5908424
1791381082.364 5908424
1791381082.419 5908424
1791381082.474 5908424
1791381082.529 5908424
1791381082.584 5908424
1791381082.639 5908424
1791381082.694 5908424
1791381082.749 5908424
1791381082.804 5908424
1791381082.859 5908424
1791381082.914 5908424
1791381082.969 5908424
1791381083.023 5908424
1791381083.078 5908424
1791381083.133 5908424
1791381083.188 5908424
1791381083.243 5908424
1791381083.298 5908424
1791381083.353 5908424
1791381083.408 5908424
1791381083.463 5908424
1791381083.518 5908424
1791381083.573 5908424
1791381083.628 5908424
1791381083.683 5908424
1791381083.738 5908424
1791381083.793 5908424
1791381083.848 5908424
1791381083.903 5908424
1791381083.958 5908424
1791381084.013 5908424
1791381084.068 5908424
1791381084.123 5908424
1791381084.178 5908424
1791381084.233 5908424
1791381084.288 5908424
1791381084.343 5908424
1791381084.397 5908424
1791381084.452 5908424
1791381084.507 5908424
1791381084.562 5908424
1791381084.617 5908616
1791381084.673 5908616
1791381084.728 5908616
1791381084.783 5908616
1791381084.838 5908616
1791381084.893 5908616
1791381084.947 5908616
1791381085.002 5908616
1791381085.058 5908616
1791381085.113 5908616
1791381085.167 5908616
1791381085.222 5908616
1791381085.277 5908616
1791381085.332 5908616
1791381085.387 5908616
1791381085.441 5908616
1791381085.496 5908616
1791381085.551 5908616
1791381085.606 5908616
1791381085.661 5908616
1791381085.716 5908616
1791381085.771 5908616
1791381085.826 5908616
1791381085.881 5908616
1791381085.936 5908616
1791381085.991 5908616
1791381086.046 5908616
1791381086.101 5908616
1791381086.156 5908616
1791381086.211 5909000
1791381086.262 5919560
1791381086.313 5919560
1791381086.369 5919560
1791381086.424 5919560
1791381086.480 5919560
1791381086.535 5919560
1791381086.590 5919560
1791381086.645 5919560
1791381086.701 5919560
1791381086.756 5919560
1791381086.811 5919560
1791381086.867 5919560
1791381086.922 5919560
1791381086.977 5919560
1791381087.032 5919560
1791381087.088 5919560
1791381087.143 5919560
1791381087.198 5919560
1791381087.254 5919560
1791381087.309 5919560
1791381087.364 5919560
1791381087.420 5919560
1791381087.475 5919560
1791381087.530 5919560
1791381087.586 5919560
1791381087.641 5919560
1791381087.696 5919560
1791381087.751 5919560
1791381087.807 5919560
1791381087.862 5919560
1791381087.917 5919560
1791381087.973 5919560
1791381088.028 5919560
1791381088.083 5919560
1791381088.139 5919560
1791381088.194 5919560
1791381088.249 5919560
1791381088.304 5919560
1791381088.360 5919560
1791381088.415 5919560
1791381088.470 5919560
1791381088.522 5919560
1791381088.577 5919560
1791381088.632 5919560
1791381088.688 5919560
1791381088.742 5919560
1791381088.797 5919560
1791381088.853 5919560
1791381088.908 5919560
1791381088.963 5919560
1791381089.019 5919560
1791381089.074 5919560
1791381089.128 5919560
1791381089.183 5919560
1791381089.238 5919560
1791381089.294 5919560
1791381089.349 5919560
1791381089.403 5919560
1791381089.458 5919560
1791381089.514 5919560
1791381089.569 5919560
1791381089.625 5919560
1791381089.680 5919560
1791381089.735 5919560
1791381089.790 5919560
1791381089.845 5919560
1791381089.901 5919560
1791381089.956 5919560
1791381090.011 5919560
1791381090.067 5919560
1791381090.122 5919560
1791381090.177 5919560
1791381090.232 5919560
1791381090.288 5919560
1791381090.343 5919560
1791381090.399 5919560
1791381090.454 5919560
1791381090.509 5919560
1791381090.565 5919560
1791381090.620 5919560
1791381090.675 5919560
1791381090.730 5919560
1791381090.786 5919560
1791381090.841 5919560
1791381090.896 5919560
1791381090.952 5919560
1791381091.007 5919560
1791381091.062 5919560
1791381091.118 5919560
1791381091.173 5919560
1791381091.233 5919560
1791381091.288 5919560
1791381091.343 5919560
1791381091.398 5919560
1791381091.454 5919560
1791381091.509 5919560
1791381091.564 5919560
1791381091.619 5919560
1791381091.674 5919560
1791381091.729 5919560
1791381091.785 5919560
1791381091.840 5919560
1791381091.895 5919560
1791381091.950 5919560
1791381092.005 5919560
1791381092.056 5919560
1791381092.111 5919560
1791381092.167 5919560
1791381092.222 5919560
1791381092.277 5919560
1791381092.332 5919560
1791381092.387 5919560
1791381092.443 5919560
1791381092.498 5919560
1791381092.553 5919560
1791381092.608 5919560
1791381092.663 5919560
1791381092.718 5919560
1791381092.774 5919560
1791381092.829 5919560
1791381092.884 5919560
1791381092.939 5919560
1791381092.994 5919560
1791381093.050 5919560
1791381093.105 5919560
1791381093.160 5919560
1791381093.215 5919560
1791381093.270 5919560
1791381093.326 5919560
1791381093.381 5919560
1791381093.436 5919560
1791381093.491 5919560
1791381093.546 5919560
1791381093.602 5919560
1791381093.657 5919560
1791381093.712 5919560
1791381093.767 5919560
1791381093.822 5919560
1791381093.877 5919560
1791381093.932 5919560
1791381093.987 5919560
1791381094.042 5919560
1791381094.097 5919560
1791381094.155 5919560
1791381094.217 5919560
1791381094.273 5919560
1791381094.328 5919560
1791381094.383 5919560
1791381094.438 5919560
1791381094.493 5919560
1791381094.548 5919560
1791381094.603 5919560
1791381094.658 5919560
1791381094.713 5919560
1791381094.768 5919560
1791381094.823 5919560
1791381094.878 5919560
1791381094.929 5919560
1791381094.984 5919560
1791381095.039 5919560
1791381095.094 5919560
1791381095.149 5919560
1791381095.205 5919560
1791381095.260 5919560
1791381095.315 5919560
1791381095.370 5919560
1791381095.423 5919560
1791381095.478 5919560
1791381095.533 5919560
1791381095.589 5919560
1791381095.644 5919560
1791381095.699 5919560
1791381095.754 5919560
1791381095.809 5919560
1791381095.864 5919560
1791381095.919 5919560
1791381095.974 5919560
1791381096.029 5919560
1791381096.084 5919560
1791381096.139 5919560
1791381096.194 5919560
1791381096.249 5919560
1791381096.305 5919560
1791381096.360 5919560
1791381096.415 5919560
1791381096.470 5919560
1791381096.525 5919560
1791381096.580 5919560
1791381096.635 5919560
1791381096.690 5919560
1791381096.745 5919560
1791381096.800 5919560
1791381096.856 5919560
1791381096.911 5919560
1791381096.966 5919560
1791381097.021 5919560
1791381097.075 5919560
1791381097.127 5919560
1791381097.178 5919560
1791381097.229 5919560
1791381097.281 5919560
1791381097.333 5919560
1791381097.384 5919560
1791381097.435 5919560
1791381097.487 5919560
1791381097.540 5919560
1791381097.591 5919560
1791381097.643 5919560
1791381097.695 5919560
1791381097.747 5919560
1791381097.799 5919560
1791381097.851 5919560
1791381097.904 5919560
1791381097.955 5919560
1791381098.007 5919560
1791381098.060 5919560
1791381098.114 5919560
1791381098.169 5919560
1791381098.224 5919560
1791381098.279 5919560
1791381098.334 5919560
1791381098.389 5919560
1791381098.444 5919560
1791381098.499 5919560
1791381098.554 5919560
1791381098.609 5919560
1791381098.664 5919560
1791381098.719 5919560
1791381098.775 5919560
1791381098.830 5919560
1791381098.885 5919560
1791381098.940 5919560
1791381098.991 5919560
1791381099.043 5919560
1791381099.094 5919560
1791381099.145 5919560
1791381099.196 5919560
1791381099.247 5919560
1791381099.299 5919560
1791381099.350 5919560
1791381099.406 5919560
1791381099.461 5919560
1791381099.516 5919560
1791381099.571 5919560
1791381099.626 5919560
1791381099.681 5919560
1791381099.736 5919560
1791381099.791 5919560
1791381099.846 5919560
1791381099.901 5919560
1791381099.956 5919560
1791381100.012 5919560
1791381100.067 5919560
1791381100.123 5919560
1791381100.178 5919560
1791381100.233 5919560
1791381100.288 5919560
1791381100.343 5919560
1791381100.398 5919560
1791381100.453 5919560
1791381100.508 5919560
1791381100.563 5919560
1791381100.619 5919560
1791381100.674 5919560
1791381100.729 5919560
1791381100.784 5919560
1791381100.839 5919560
1791381100.894 5919560
1791381100.949 5919560
1791381101.005 5919560
1791381101.060 5919560
1791381101.115 5919560
1791381101.170 5919560
1791381101.230 5919560
1791381101.288 5919560
1791381101.339 5919560
1791381101.394 5919560
1791381101.449 5919560
1791381101.504 5919560
1791381101.559 5919560
1791381101.614 5919560
1791381101.669 5919560
1791381101.724 5919560
1791381101.775 5919560
1791381101.826 5919560
1791381101.881 5919560
1791381101.936 5919560
1791381101.991 5919560
1791381102.046 5919560
1791381102.101 5919560
1791381102.156 5919560
1791381102.211 5919560
1791381102.266 5919560
1791381102.322 5919560
1791381102.376 5919560
1791381102.431 5919560
1791381102.486 5919560
1791381102.541 5919560
1791381102.596 5919560
1791381102.647 5919752
1791381102.702 5920136
1791381102.754 5920136
1791381102.809 5920136
1791381102.864 5920136
1791381102.920 5920136
1791381102.975 5920136
1791381103.030 5920136
1791381103.085 5920136
1791381103.140 5920136
1791381103.196 5920136
1791381103.248 5920136
1791381103.303 5920136
1791381103.359 5920136
1791381103.414 5920136
1791381103.468 5920136
1791381103.523 5920136
1791381103.578 5920136
1791381103.629 5920136
1791381103.684 5920136
1791381103.740 5920136
1791381103.795 5920136
1791381103.850 5920136
1791381103.901 5920328
1791381103.956 5920328
1791381104.011 5920328
1791381104.066 5920328
1791381104.122 5920328
1791381104.177 5920328
1791381104.232 5920328
1791381104.287 5920328
1791381104.342 5920328
1791381104.397 5920328
1791381104.452 5920328
1791381104.507 5920328
1791381104.562 5920328
1791381104.617 5920328
1791381104.672 5920328
1791381104.727 5920328
1791381104.782 5920328
1791381104.833 5920328
1791381104.885 5920328
1791381104.940 5920328
1791381104.995 5920328
1791381105.050 5920328
1791381105.105 5920328
1791381105.161 5920328
1791381105.215 5920328
1791381105.270 5920328
1791381105.325 5920328
1791381105.381 5920328
1791381105.436 5920328
1791381105.491 5920328
1791381105.546 5920328
1791381105.602 5920328
1791381105.657 5920328
1791381105.712 5920328
1791381105.767 5920328
1791381105.822 5920328
1791381105.877 5920328
1791381105.932 5920328
1791381105.987 5920328
1791381106.043 5920328
1791381106.098 5920328
1791381106.153 5920328
1791381106.208 5920328
1791381106.263 5920328
1791381106.318 5920328
1791381106.373 5920328
1791381106.428 5920328
1791381106.483 5920328
1791381106.538 5920328
1791381106.593 5920328
1791381106.649 5920328
1791381106.704 5920328
1791381106.759 5920328
1791381106.814 5920328
1791381106.869 5920328
1791381106.924 5920328
1791381106.979 5920328
1791381107.034 5920328
1791381107.089 5920328
1791381107.144 5920328
1791381107.196 5920328
1791381107.251 5920328
1791381107.306 5920328
1791381107.361 5920328
1791381107.416 5920328
1791381107.471 5920328
1791381107.526 5920328
1791381107.581 5920328
1791381107.636 5920328
1791381107.691 5920328
1791381107.746 5920328
1791381107.801 5920328
1791381107.856 5920328
1791381107.911 5920328
1791381107.967 5920328
1791381108.022 5920328
1791381108.077 5920328
1791381108.132 5920328
1791381108.187 5920328
1791381108.242 5920328
1791381108.297 5920328
1791381108.353 5920328
1791381108.408 5920328
1791381108.463 5920328
1791381108.518 5920328
1791381108.573 5920328
1791381108.628 5920328
1791381108.679 5920328
1791381108.735 5920328
1791381108.790 5920328
1791381108.845 5920328
1791381108.900 5920328
1791381108.955 5920328
1791381109.010 5920328
1791381109.065 5920328
1791381109.120 5920328
1791381109.175 5920328
1791381109.230 5920328
1791381109.285 5920328
1791381109.340 5920328
1791381109.395 5920328
1791381109.450 5920328
1791381109.505 5920328
1791381109.561 5920328
1791381109.616 5920328
1791381109.671 5920328
1791381109.726 5920328
1791381109.781 5920328
1791381109.836 5920328
1791381109.891 5920328
1791381109.946 5920328
1791381110.002 5920328
1791381110.057 5920328
1791381110.112 5920328
1791381110.167 5920328
1791381110.222 5920328
1791381110.277 5920328
1791381110.332 5920328
1791381110.387 5920328
1791381110.442 5920328
1791381110.497 5920328
1791381110.552 5920328
1791381110.608 5920328
1791381110.663 5920328
1791381110.718 5920328
1791381110.772 5920328
1791381110.827 5920328
1791381110.882 5920328
1791381110.937 5920328
1791381110.992 5920328
1791381111.047 5920328
1791381111.102 5920328
1791381111.157 5920328
1791381111.212 5920328
1791381111.267 5920328
1791381111.322 5920328
1791381111.377 5920328
1791381111.432 5920328
1791381111.487 5920328
1791381111.542 5920328
1791381111.598 5920328
1791381111.653 5920328
1791381111.708 5920328
1791381111.763 5920328
1791381111.818 5920328
1791381111.873 5920328
1791381111.928 5920328
1791381111.983 5920328
1791381112.039 5920328
1791381112.094 5920328
1791381112.149 5920328
1791381112.204 5920328
1791381112.259 5920328
1791381112.314 5920328
1791381112.369 5920328
1791381112.424 5920328
1791381112.479 5920328
1791381112.534 5920328
1791381112.589 5920328
1791381112.644 5920328
1791381112.699 5920328
1791381112.754 5920328
1791381112.810 5920328
1791381112.865 5920328
1791381112.920 5920328
1791381112.975 5920328
1791381113.030 5920328
1791381113.085 5920328
1791381113.140 5920328
1791381113.195 5920328
1791381113.250 5920328
1791381113.305 5920328
1791381113.360 5920328
1791381113.415 5920328
1791381113.470 5920328
1791381113.526 5920328
1791381113.581 5920328
1791381113.636 5920328
1791381113.691 5920328
1791381113.745 5920328
1791381113.800 5920328
1791381113.855 5920328
1791381113.910 5920328
1791381113.963 5920328
1791381114.018 5920328
1791381114.073 5920328
1791381114.128 5920328
1791381114.183 5920328
1791381114.238 5920328
1791381114.293 5920328
1791381114.348 5920328
1791381114.403 5920328
1791381114.458 5920328
1791381114.513 5920328
1791381114.568 5920328
1791381114.623 5920328
1791381114.678 5920328
1791381114.734 5920328
1791381114.789 5920328
1791381114.844 5920328
1791381114.899 5920328
1791381114.954 5920328
1791381115.009 5920328
1791381115.064 5920328
1791381115.119 5920328
1791381115.174 5920328
1791381115.229 5920328
1791381115.284 5920328
1791381115.340 5920328
1791381115.395 5920328
1791381115.450 5920328
1791381115.505 5920328
1791381115.560 5920328
1791381115.615 5920328
1791381115.670 5920328
1791381115.725 5920328
1791381115.780 5920328
1791381115.835 5920328
1791381115.890 5920328
1791381115.945 5920328
1791381116.000 5920328
1791381116.056 5920328
1791381116.111 5920328
1791381116.166 5920328
1791381116.220 5920328
1791381116.275 5920328
1791381116.330 5920328
1791381116.385 5920328
1791381116.440 5920328
1791381116.496 5920328
1791381116.551 5920328
1791381116.606 5920328
1791381116.661 5920328
1791381116.716 5920328
1791381116.771 5920328
1791381116.829 5920328
1791381116.892 5920328
1791381116.948 5920328
1791381117.003 5920328
1791381117.058 5920328
1791381117.113 5920328
1791381117.169 5920328
1791381117.224 5920328
1791381117.279 5920328
1791381117.334 5920328
1791381117.389 5920328
1791381117.444 5920328
1791381117.499 5920328
1791381117.554 5920328
1791381117.609 5920328
1791381117.664 5920328
1791381117.720 5920328
1791381117.775 5920328
1791381117.830 5920328
1791381117.885 5920328
1791381117.940 5920328
1791381117.995 5920328
1791381118.050 5920328
1791381118.105 5920328
1791381118.160 5920328
1791381118.215 5920328
1791381118.270 5920328
1791381118.325 5920328
1791381118.380 5920328
1791381118.435 5920328
1791381118.491 5920328
1791381118.546 5920328
1791381118.601 5920328
1791381118.657 5920328
1791381118.713 5920328
1791381118.768 5920328
1791381118.823 5920328
1791381118.878 5920328
1791381118.933 5920328
1791381118.988 5920328
1791381119.043 5920328
1791381119.099 5920328
1791381119.154 5920328
1791381119.209 5920328
1791381119.264 5920328
1791381119.319 5920328
1791381119.374 5920328
1791381119.429 5920328
1791381119.485 5920328
1791381119.540 5920328
1791381119.595 5920328
1791381119.650 5920328
1791381119.705 5920328
1791381119.761 5920328
1791381119.816 5920328
1791381119.871 5920328
1791381119.926 5920328
1791381119.981 5920328
1791381120.036 5920328
1791381120.090 5920328
1791381120.145 5920328
1791381120.200 5920328
1791381120.255 5920328
1791381120.310 5920328
1791381120.365 5920328
1791381120.420 5920328
1791381120.475 5920328
1791381120.531 5920328
1791381120.586 5920328
1791381120.641 5920328
1791381120.696 5920328
1791381120.751 5920328
1791381120.803 5920328
1791381120.858 5920328
1791381120.913 5920328
1791381120.968 5920328
1791381121.023 5920328
1791381121.079 5920328
1791381121.134 5920328
1791381121.189 5920328
1791381121.244 5920328
1791381121.299 5920328
1791381121.355 5920328
1791381121.410 5920328
1791381121.465 5920328
1791381121.520 5920328
1791381121.575 5920328
1791381121.628 5920328
1791381121.681 5920328
1791381121.736 5920328
1791381121.792 5920328
1791381121.847 5920328
1791381121.902 5920328
1791381121.957 5920328
1791381122.012 5920328
1791381122.067 5920328
1791381122.123 5920328
1791381122.178 5920328
1791381122.237 5920328
1791381122.292 5920328
1791381122.347 5920328
1791381122.402 5920328
1791381122.458 5920328
1791381122.513 5920328
1791381122.568 5920328
1791381122.623 5920328
1791381122.677 5920328
1791381122.732 5920328
1791381122.788 5920328
1791381122.843 5920328
1791381122.898 5920520
1791381122.953 5920520
1791381123.008 5920520
1791381123.063 5920520
1791381123.118 5920520
1791381123.173 5920520
1791381123.228 5920520
1791381123.283 5920520
1791381123.338 5920520
1791381123.393 5920520
1791381123.448 5920520
1791381123.503 5920520
1791381123.558 5920520
1791381123.613 5920520
1791381123.668 5920520
1791381123.724 5920520
1791381123.779 5920520
1791381123.834 5920520
1791381123.889 5920520
1791381123.944 5920520
1791381123.999 5920520
1791381124.054 5920520
1791381124.109 5920520
1791381124.164 5920520
1791381124.219 5920520
1791381124.274 5920520
1791381124.326 5920520
1791381124.379 5920520
1791381124.434 5920520
1791381124.489 5920520
1791381124.545 5920520
1791381124.600 5920520
1791381124.655 5920520
1791381124.710 5920520
1791381124.765 5920520
1791381124.820 5920520
1791381124.875 5920520
1791381124.930 5920520
1791381124.985 5920520
1791381125.040 5920520
1791381125.095 5920520
1791381125.150 5920520
1791381125.205 5920520
1791381125.261 5920520
1791381125.316 5920520
1791381125.371 5920520
1791381125.426 5920520
1791381125.481 5920520
1791381125.536 5920520
1791381125.591 5920520
1791381125.646 5920520
1791381125.701 5920520
1791381125.756 5920520
1791381125.812 5920520
1791381125.867 5920520
1791381125.922 5920520
1791381125.973 5916768
1791381126.024 5920032
1791381126.076 5920032
1791381126.127 5920032
1791381126.178 5920032
1791381126.230 5920032
1791381126.283 5920032
1791381126.338 5920032
1791381126.394 5920032
1791381126.449 5920032
1791381126.505 5920032
1791381126.560 5920032
1791381126.615 5920032
1791381126.671 5920032
1791381126.726 5920032
1791381126.781 5920032
1791381126.836 5920032
1791381126.891 5920032
1791381126.947 5920032
1791381127.002 5920032
1791381127.057 5920032
1791381127.113 5920032
1791381127.168 5920032
1791381127.223 5920032
1791381127.274 5920032
1791381127.330 5920032
1791381127.385 5920032
1791381127.440 5920032
1791381127.496 5920032
1791381127.551 5920032
1791381127.606 5920032
1791381127.661 5920032
1791381127.717 5920032
1791381127.772 5920032
1791381127.827 5920032
1791381127.882 5920032
1791381127.935 5920032
1791381127.990 5920032
1791381128.045 5920032
1791381128.101 5920032
1791381128.156 5920032
1791381128.213 5920032
1791381128.268 5920032
1791381128.323 5920032
1791381128.379 5920032
1791381128.434 5920032
1791381128.489 5920032
1791381128.544 5920032
1791381128.599 5920032
1791381128.654 5920032
1791381128.709 5920032
1791381128.765 5920032
1791381128.820 5920032
1791381128.876 5913672
1791381128.931 5913672
1791381128.986 5913672
1791381129.042 5913672
1791381129.097 5913672
1791381129.152 5913672
1791381129.207 5913672
1791381129.263 5913672
1791381129.318 5913672
1791381129.373 5913672
1791381129.428 5913672
1791381129.484 5913672
1791381129.539 5913672
1791381129.594 5913672
1791381129.650 5913672
1791381129.705 5913672
1791381129.760 5913672
1791381129.816 5913672
1791381129.871 5913672
1791381129.926 5913672
1791381129.981 5913672
1791381130.037 5913672
1791381130.092 5913672
1791381130.147 5913672
1791381130.202 5913672
1791381130.257 5913672
1791381130.312 5913672
1791381130.368 5913672
1791381130.424 5913672
1791381130.479 5913672
1791381130.534 5913672
1791381130.589 5913672
1791381130.644 5913672
1791381130.699 5913672
1791381130.754 5913672
1791381130.810 5913672
1791381130.865 5913672
1791381130.920 5913672
1791381130.975 5913672
1791381131.030 5913672
1791381131.085 5913672
1791381131.139 5913672
1791381131.194 5913672
1791381131.249 5913672
1791381131.305 5913672
1791381131.360 5913672
1791381131.415 5913672
1791381131.470 5913672
1791381131.525 5913672
1791381131.580 5913672
1791381131.635 5913672
1791381131.691 5913672
1791381131.746 5913672
1791381131.801 5913672
1791381131.856 5913672
1791381131.911 5913672
1791381131.967 5913672
1791381132.022 5913672
1791381132.077 5913672
1791381132.132 5913672
1791381132.187 5913672
1791381132.243 5913672
1791381132.298 5913672
1791381132.353 5913672
1791381132.408 5913672
1791381132.463 5913672
1791381132.518 5913672
1791381132.574 5913672
1791381132.629 5913672
1791381132.684 5913672
1791381132.739 5913672
1791381132.794 5913672
1791381132.849 5913672
1791381132.905 5913672
1791381132.960 5913672
1791381133.015 5913672
1791381133.070 5913672
1791381133.125 5913672
1791381133.181 5913672
1791381133.232 5913672
1791381133.288 5913672
1791381133.343 5913672
1791381133.398 5913672
1791381133.453 5913672
1791381133.508 5913672
1791381133.563 5913672
1791381133.619 5913672
1791381133.674 5913672
1791381133.729 5913672
1791381133.785 5913672
1791381133.840 5913672
1791381133.895 5913672
1791381133.950 5913672
1791381134.005 5913672
1791381134.060 5913672
1791381134.115 5913672
1791381134.171 5913672
1791381134.226 5913672
1791381134.281 5913672
1791381134.336 5913672
1791381134.391 5913672
1791381134.446 5913672
1791381134.502 5913672
1791381134.557 5913672
1791381134.612 5913672
1791381134.667 5913672
1791381134.722 5913672
1791381134.777 5913672
1791381134.832 5913672
1791381134.887 5913672
1791381134.943 5913672
1791381134.998 5913672
1791381135.053 5913672
1791381135.108 5913672
1791381135.163 5913672
1791381135.219 5913672
1791381135.274 5913672
1791381135.329 5913672
1791381135.384 5913672
1791381135.439 5913672
1791381135.495 5913672
1791381135.550 5913672
1791381135.605 5913672
1791381135.660 5913672
1791381135.715 5913672
1791381135.771 5913672
1791381135.826 5913672
1791381135.881 5913672
1791381135.934 5913672
1791381135.989 5913672
1791381136.041 5913672
1791381136.096 5913672
1791381136.151 5913672
1791381136.206 5913672
1791381136.261 5913672
1791381136.316 5913672
1791381136.372 5913672
1791381136.428 5913672
1791381136.483 5913672
1791381136.538 5913672
1791381136.593 5913672
1791381136.648 5913672
1791381136.703 5913672
1791381136.758 5913672
1791381136.813 5913672
1791381136.868 5913672
1791381136.924 5913672
1791381136.979 5913672
1791381137.031 5913672
1791381137.083 5913672
1791381137.138 5913672
1791381137.193 5913672
1791381137.248 5913672
1791381137.304 5913672
1791381137.359 5913672
1791381137.414 5913672
1791381137.469 5913672
1791381137.524 5913672
1791381137.579 5913672
1791381137.634 5913672
1791381137.689 5913672
1791381137.744 5913672
1791381137.799 5913672
1791381137.854 5913672
1791381137.909 5913672
1791381137.965 5913672
1791381138.020 5913672
1791381138.075 5913672
1791381138.130 5913672
1791381138.185 5913672
1791381138.240 5913672
1791381138.296 5913672
1791381138.351 5913672
1791381138.406 5913672
1791381138.461 5913672
1791381138.517 5913672
1791381138.572 5913672
1791381138.627 5913672
1791381138.678 5913672
1791381138.730 5913672
1791381138.786 5913672
1791381138.841 5913672
1791381138.896 5913672
1791381138.951 5913672
1791381139.006 5913672
1791381139.058 5913672
1791381139.109 5913672
1791381139.164 5913672
1791381139.217 5913672
1791381139.269 5913672
1791381139.321 5913672
1791381139.376 5913672
1791381139.431 5913672
1791381139.486 5913672
1791381139.541 5913672
1791381139.596 5913672
1791381139.653 5913672
1791381139.708 5913672
1791381139.763 5913672
1791381139.818 5913672
1791381139.873 5913672
1791381139.928 5913672
1791381139.984 5913672
1791381140.039 5913672
1791381140.094 5913672
1791381140.149 5913672
1791381140.205 5913672
1791381140.260 5913672
1791381140.315 5913672
1791381140.370 5913672
1791381140.425 5913672
1791381140.480 5913672
1791381140.535 5913672
1791381140.590 5913672
1791381140.646 5913672
1791381140.701 5913672
1791381140.756 5913672
1791381140.812 5913672
1791381140.867 5913672
1791381140.922 5913672
1791381140.977 5913672
1791381141.032 5913672
1791381141.087 5913672
1791381141.142 5913672
1791381141.197 5913672
1791381141.253 5913672
1791381141.308 5913672
1791381141.363 5913672
1791381141.418 5913672
1791381141.474 5913672
1791381141.529 5913672
1791381141.584 5913672
1791381141.640 5913672
1791381141.695 5913672
1791381141.748 5913672
1791381141.803 5913672
1791381141.858 5913672
1791381141.914 5913672
1791381141.969 5913672
1791381142.024 5913672
1791381142.079 5913672
1791381142.136 5913672
1791381142.191 5913672
1791381142.246 5913672
1791381142.301 5913672
1791381142.357 5913672
1791381142.412 5913672
1791381142.467 5913672
1791381142.522 5913672
1791381142.578 5913672
1791381142.633 5913672
1791381142.688 5913672
1791381142.742 5913672
1791381142.797 5913672
1791381142.852 5913672
1791381142.908 5913672
1791381142.963 5913672
1791381143.018 5913672
1791381143.073 5913672
1791381143.128 5913672
1791381143.183 5913672
1791381143.238 5913672
1791381143.294 5913672
1791381143.349 5913672
1791381143.404 5913672
1791381143.459 5913672
1791381143.514 5913672
1791381143.569 5913672
1791381143.624 5913672
1791381143.679 5913672
1791381143.735 5913672
1791381143.790 5913672
1791381143.845 5913672
1791381143.899 5913672
1791381143.954 5913672
1791381144.009 5913672
1791381144.065 5913672
1791381144.120 5913672
1791381144.175 5913672
1791381144.230 5913672
1791381144.286 5913672
1791381144.341 5913672
1791381144.396 5913672
1791381144.451 5913672
1791381144.507 5913672
1791381144.562 5913672
1791381144.617 5913672
1791381144.673 5913672
1791381144.728 5913672
1791381144.783 5913672
1791381144.838 5913672
1791381144.893 5913672
1791381144.948 5913672
1791381145.004 5913672
1791381145.059 5913672
1791381145.114 5913672
1791381145.169 5913672
1791381145.224 5913672
1791381145.280 5913672
1791381145.335 5913672
1791381145.390 5913672
1791381145.445 5913672
1791381145.500 5913672
1791381145.555 5913672
1791381145.610 5913672
1791381145.665 5913672
1791381145.720 5913672
1791381145.775 5913672
1791381145.830 5913672
1791381145.886 5913672
1791381145.941 5913672
1791381145.996 5913672
1791381146.051 5913672
1791381146.106 5913672
1791381146.161 5913672
1791381146.216 5913672
1791381146.271 5913672
1791381146.327 5913672
1791381146.382 5913672
1791381146.437 5913672
1791381146.492 5913672
1791381146.547 5913672
1791381146.603 5913672
1791381146.658 5913672
1791381146.713 5913672
1791381146.768 5913672
1791381146.823 5913672
1791381146.878 5913672
1791381146.934 5913672
1791381146.989 5913672
1791381147.044 5913672
1791381147.099 5913672
1791381147.155 5913672
1791381147.210 5913672
1791381147.265 5913672
1791381147.320 5913672
1791381147.375 5913672
1791381147.431 5913672
1791381147.486 5913672
1791381147.541 5913672
1791381147.596 5913672
1791381147.651 5913672
1791381147.706 5913672
1791381147.761 5913672
1791381147.817 5913672
1791381147.872 5913672
1791381147.927 5913672
1791381147.982 5913672
1791381148.037 5913672
1791381148.089 5913672
1791381148.144 5913672
1791381148.195 5913672
1791381148.247 5917320
1791381148.299 5917320
1791381148.354 5917320
1791381148.406 5917320
1791381148.461 5917320
1791381148.516 5917320
1791381148.571 5917320
1791381148.626 5917320
1791381148.681 5917320
1791381148.736 5917320
1791381148.791 5917512
1791381148.846 5917512
1791381148.899 5917512
1791381148.954 5917512
1791381149.009 5917512
1791381149.064 5917512
1791381149.120 5917512
1791381149.175 5917512
1791381149.230 5917512
1791381149.285 5917512
1791381149.340 5917512
1791381149.395 5917512
1791381149.450 5917512
1791381149.505 5917512
1791381149.560 5917512
1791381149.615 5917512
1791381149.670 5917512
1791381149.726 5917512
1791381149.781 5917512
1791381149.836 5917512
1791381149.891 5917512
1791381149.942 5917704
1791381149.993 5919240
1791381150.045 5919240
1791381150.100 5919240
1791381150.155 5919240
1791381150.210 5919240
1791381150.265 5919240
1791381150.320 5919240
1791381150.376 5919240
1791381150.430 5919240
1791381150.485 5919240
1791381150.540 5919240
1791381150.595 5919240
1791381150.650 5919240
1791381150.704 5919240
1791381150.762 5919240
1791381150.817 5919240
1791381150.872 5919240
1791381150.927 5919240
1791381150.982 5919240
1791381151.037 5919240
1791381151.092 5919240
1791381151.147 5919240
1791381151.202 5919240
1791381151.257 5919240
1791381151.312 5919240
1791381151.368 5919240
1791381151.423 5919240
1791381151.478 5919240
1791381151.533 5919240
1791381151.588 5919240
1791381151.643 5919240
1791381151.698 5919240
1791381151.753 5919240
1791381151.808 5919240
1791381151.863 5919240
1791381151.918 5919240
1791381151.974 5919240
1791381152.029 5919240
1791381152.085 5919240
1791381152.140 5919240
1791381152.195 5919240
1791381152.250 5919240
1791381152.305 5919240
1791381152.361 5919240
1791381152.416 5919240
1791381152.471 5919240
1791381152.526 5919240
1791381152.582 5919240
1791381152.637 5919240
1791381152.692 5919240
1791381152.747 5919240
1791381152.803 5919240
1791381152.858 5919240
1791381152.913 5919240
1791381152.968 5919240
1791381153.024 5919240
1791381153.079 5919240
1791381153.134 5919240
1791381153.189 5919240
1791381153.244 5919240
1791381153.300 5919240
1791381153.355 5919240
1791381153.410 5919240
1791381153.465 5919240
1791381153.520 5919240
1791381153.575 5919240
1791381153.631 5919240
1791381153.686 5919240
1791381153.741 5919240
1791381153.796 5919240
1791381153.851 5919240
1791381153.907 5919240
1791381153.962 5913984
1791381154.017 5913984
1791381154.071 5913984
1791381154.134 5913984
1791381154.189 5913984
1791381154.244 5913984
1791381154.299 5913984
1791381154.354 5913984
1791381154.409 5913984
1791381154.464 5913984
1791381154.519 5913984
1791381154.574 5913984
1791381154.629 5913984
1791381154.684 5913984
1791381154.739 5913984
1791381154.795 5913984
1791381154.850 5913984
1791381154.905 5913984
1791381154.960 5913984
1791381155.015 5913984
1791381155.070 5913984
1791381155.125 5913984
1791381155.180 5913984
1791381155.235 5913984
1791381155.290 5913984
1791381155.345 5913984
1791381155.400 5913984
1791381155.455 5913984
1791381155.510 5913984
1791381155.565 5913984
1791381155.620 5913984
1791381155.675 5913984
1791381155.731 5913984
1791381155.786 5913984
1791381155.841 5913984
1791381155.896 5913984
1791381155.951 5913984
1791381156.006 5913984
1791381156.061 5913984
1791381156.112 5913984
1791381156.167 5913984
1791381156.222 5913984
1791381156.277 5913984
1791381156.332 5913984
1791381156.388 5913984
1791381156.443 5913984
1791381156.498 5913984
1791381156.553 5913984
1791381156.608 5913984
1791381156.663 5913984
1791381156.718 5913984
1791381156.773 5913984
1791381156.828 5913984
1791381156.883 5913984
1791381156.938 5913984
1791381156.993 5913984
1791381157.048 5913984
1791381157.103 5913984
1791381157.155 5913984
1791381157.210 5913984
1791381157.266 5913984
1791381157.321 5913984
1791381157.376 5913984
1791381157.428 5913984
1791381157.483 5913984
1791381157.538 5913984
1791381157.593 5913984
1791381157.649 5913984
1791381157.704 5913984
1791381157.759 5913984
1791381157.814 5913984
1791381157.869 5913984
1791381157.924 5913984
1791381157.979 5913984
1791381158.034 5913984
1791381158.089 5913984
1791381158.143 5913984
1791381158.198 5913984
1791381158.253 5913984
1791381158.308 5913984
1791381158.364 5913984
1791381158.419 5913984
1791381158.471 5913984
1791381158.527 5913984
1791381158.582 5913984
1791381158.637 5913984
1791381158.692 5913984
1791381158.747 5913984
1791381158.803 5913984
1791381158.858 5913984
1791381158.913 5913984
1791381158.968 5913984
1791381159.023 5913984
1791381159.078 5913984
1791381159.133 5913984
1791381159.188 5913984
1791381159.243 5913984
1791381159.299 5913984
1791381159.354 5913984
1791381159.409 5913984
1791381159.464 5913984
1791381159.519 5913984
1791381159.574 5913984
1791381159.629 5913984
1791381159.684 5913984
1791381159.739 5913984
1791381159.794 5913984
1791381159.850 5913984
1791381159.904 5913984
1791381159.960 5913984
1791381160.015 5913984
1791381160.070 5913984
1791381160.125 5913984
1791381160.180 5913984
1791381160.235 5913984
1791381160.290 5913984
1791381160.345 5913984
1791381160.400 5913984
1791381160.456 5913984
1791381160.511 5913984
1791381160.566 5913984
1791381160.621 5913984
1791381160.676 5913984
1791381160.731 5913984
1791381160.786 5913984
1791381160.842 5913984
1791381160.897 5913984
1791381160.952 5913984
1791381161.007 5913984
1791381161.062 5913984
1791381161.117 5913984
1791381161.172 5913984
1791381161.227 5913984
1791381161.282 5913984
1791381161.337 5913984
1791381161.392 5913984
1791381161.447 5913984
1791381161.502 5913984
1791381161.558 5913984
1791381161.613 5913984
1791381161.668 5913984
1791381161.723 5913984
1791381161.778 5913984
1791381161.833 5913984
1791381161.888 5913984
1791381161.943 5913984
1791381161.998 5913984
1791381162.053 5913984
1791381162.108 5913984
1791381162.164 5913984
1791381162.219 5913984
1791381162.274 5913984
1791381162.329 5913984
1791381162.384 5913984
1791381162.435 5913984
1791381162.490 5913984
1791381162.545 5913984
1791381162.600 5913984
1791381162.655 5913984
1791381162.710 5913984
1791381162.765 5913984
1791381162.820 5913984
1791381162.875 5913984
1791381162.931 5913984
1791381162.986 5913984
1791381163.041 5913984
1791381163.096 5913984
1791381163.151 5913984
1791381163.206 5913984
1791381163.261 5913984
1791381163.316 5913984
1791381163.371 5913984
1791381163.426 5913984
1791381163.482 5913984
1791381163.537 5913984
1791381163.592 5913984
1791381163.647 5913984
1791381163.702 5913984
1791381163.757 5913984
1791381163.812 5913984
1791381163.867 5913984
1791381163.922 5913984
1791381163.977 5913984
1791381164.032 5913984
1791381164.087 5913984
1791381164.142 5913984
1791381164.197 5913984
1791381164.253 5913984
1791381164.308 5913984
1791381164.363 5913984
1791381164.418 5913984
1791381164.473 5913984
1791381164.528 5913984
1791381164.583 5913984
1791381164.638 5913984
1791381164.693 5913984
1791381164.748 5913984
1791381164.803 5913984
1791381164.858 5913984
1791381164.914 5913984
1791381164.969 5913984
1791381165.024 5913984
1791381165.079 5913984
1791381165.134 5913984
1791381165.189 5913984
1791381165.244 5913984
1791381165.299 5913984
1791381165.354 5913984
1791381165.409 5913984
1791381165.465 5913984
1791381165.520 5913984
1791381165.575 5913984
1791381165.630 5913984
1791381165.685 5913984
1791381165.740 5913984
1791381165.795 5913984
1791381165.850 5913984
1791381165.905 5913984
1791381165.960 5913984
1791381166.015 5913984
1791381166.070 5913984
1791381166.125 5913984
1791381166.180 5913984
1791381166.236 5913984
1791381166.291 5913984
1791381166.346 5913984
1791381166.401 5913984
1791381166.456 5913984
1791381166.511 5913984
1791381166.566 5913984
1791381166.621 5913984
1791381166.677 5913984
1791381166.732 5913984
1791381166.787 5913984
1791381166.842 5913984
1791381166.897 5913984
1791381166.952 5913984
1791381167.007 5913984
1791381167.062 5913984
1791381167.117 5913984
1791381167.172 5913984
1791381167.227 5913984
1791381167.283 5913984
1791381167.338 5913984
1791381167.393 5913984
1791381167.448 5913984
1791381167.503 5913984
1791381167.558 5913984
1791381167.613 5913984
1791381167.668 5913984
1791381167.723 5913984
1791381167.779 5913984
1791381167.834 5913984
1791381167.889 5913984
1791381167.943 5913984
1791381167.998 5913984
1791381168.053 5913984
1791381168.109 5913984
1791381168.164 5913984
1791381168.219 5913984
1791381168.274 5913984
1791381168.329 5913984
1791381168.384 5913984
1791381168.439 5913984
1791381168.494 5913984
1791381168.549 5913984
1791381168.605 5913984
1791381168.660 5913984
1791381168.711 5913984
1791381168.764 5913984
1791381168.820 5913984
1791381168.875 5913984
1791381168.930 5913984
1791381168.985 5913984
1791381169.040 5913984
1791381169.095 5913984
1791381169.150 5913984
1791381169.206 5913984
1791381169.261 5913984
1791381169.316 5913984
1791381169.371 5913984
1791381169.426 5913984
1791381169.481 5913984
1791381169.536 5913984
1791381169.591 5913984
1791381169.646 5913984
1791381169.702 5913984
1791381169.757 5913984
1791381169.812 5913984
1791381169.867 5913984
1791381169.922 5913984
1791381169.977 5913984
1791381170.033 5913984
1791381170.088 5913984
1791381170.143 5913984
1791381170.198 5913984
1791381170.253 5913984
1791381170.309 5913984
1791381170.364 5913984
1791381170.419 5913984
1791381170.474 5913984
1791381170.529 5913984
1791381170.584 5913984
1791381170.639 5913984
1791381170.694 5913984
1791381170.749 5913984
1791381170.804 5913984
1791381170.860 5913984
1791381170.915 5913984
1791381170.970 5913984
1791381171.025 5913984
1791381171.080 5913984
1791381171.135 5913984
1791381171.190 5913984
1791381171.245 5913984
1791381171.301 5913984
1791381171.356 5913984
1791381171.411 5913984
1791381171.466 5913984
1791381171.521 5913984
1791381171.576 5913984
1791381171.631 5913984
1791381171.686 5913984
1791381171.742 5913984
1791381171.797 5913984
1791381171.852 5913984
1791381171.908 5913984
1791381171.963 5913984
1791381172.018 5913984
1791381172.073 5913984
1791381172.128 5913984
1791381172.183 5913984
1791381172.238 5913984
1791381172.293 5913984
1791381172.348 5913984
1791381172.403 5913984
1791381172.459 5913984
1791381172.514 5913984
1791381172.569 5913984
1791381172.624 5913984
1791381172.679 5913984
1791381172.734 5913984
1791381172.789 5913984
1791381172.844 5913984
1791381172.900 5913984
1791381172.955 5913984
1791381173.010 5913984
1791381173.065 5913984
1791381173.120 5913984
1791381173.175 5913984
1791381173.230 5913984
1791381173.285 5913984
1791381173.340 5913984
1791381173.396 5913984
1791381173.451 5913984
1791381173.506 5913984
1791381173.561 5913984
1791381173.616 5913984
1791381173.671 5913984
1791381173.726 5913984
1791381173.781 5913984
1791381173.837 5913984
1791381173.892 5913984
1791381173.948 5913984
1791381174.003 5913984
1791381174.058 5913984
1791381174.114 5913984
1791381174.169 5913984
1791381174.225 5913984
1791381174.280 5913984
1791381174.335 5913984
1791381174.390 5913984
1791381174.446 5913984
1791381174.502 5913984
1791381174.557 5913984
1791381174.612 5913984
1791381174.667 5913984
1791381174.720 5913984
1791381174.775 5913984
1791381174.831 5913984
1791381174.886 5913984
1791381174.941 5913984
1791381174.992 5922048
1791381175.043 5922432
1791381175.095 5931264
1791381175.146 5931264
1791381175.197 5931264
1791381175.252 5931264
1791381175.307 5931264
1791381175.363 5931264
1791381175.418 5931264
1791381175.473 5931264
1791381175.528 5931264
1791381175.583 5931264
1791381175.638 5931264
1791381175.693 5931264
1791381175.749 5931264
1791381175.804 5931264
1791381175.859 5931456
1791381175.914 5931456
1791381175.967 5931456
1791381176.019 5931456
1791381176.075 5931456
1791381176.130 5931456
1791381176.185 5931456
1791381176.240 5931456
1791381176.295 5931456
1791381176.350 5931456
1791381176.405 5931456
1791381176.461 5931456
1791381176.516 5931456
1791381176.571 5931456
1791381176.626 5931456
1791381176.681 5931456
1791381176.736 5931456
1791381176.791 5931456
1791381176.846 5931456
1791381176.901 5931456
1791381176.956 5931456
1791381177.011 5931456
1791381177.067 5931456
1791381177.118 5931648
1791381177.169 5931648
1791381177.225 5931648
1791381177.280 5931648
1791381177.335 5931648
1791381177.391 5931648
1791381177.446 5931648
1791381177.501 5931648
1791381177.556 5931648
1791381177.611 5931648
1791381177.666 5931648
1791381177.721 5931648
1791381177.777 5931648
1791381177.832 5931648
1791381177.887 5931648
1791381177.942 5931648
1791381177.997 5931648
1791381178.052 5931648
1791381178.110 5931648
1791381178.166 5931648
1791381178.221 5931648
1791381178.276 5931648
1791381178.331 5931648
1791381178.387 5931648
1791381178.442 5931648
1791381178.497 5931648
1791381178.552 5931648
1791381178.607 5931648
1791381178.662 5931648
1791381178.718 5931648
1791381178.773 5931648
1791381178.828 5931648
1791381178.883 5931648
1791381178.938 5931648
1791381178.993 5931648
1791381179.048 5916556
1791381179.104 5916556
1791381179.159 5916556
1791381179.214 5916556
1791381179.269 5916556
1791381179.324 5916556
1791381179.379 5916556
1791381179.435 5916556
1791381179.490 5916556
1791381179.545 5916556
1791381179.600 5916556
1791381179.655 5916556
1791381179.710 5916556
1791381179.765 5916556
1791381179.821 5916556
1791381179.876 5916556
1791381179.931 5916556
1791381179.986 5916556
1791381180.041 5916556
1791381180.096 5916556
1791381180.151 5916556
1791381180.207 5916556
1791381180.262 5916556
1791381180.317 5916556
1791381180.372 5916556
1791381180.427 5916556
1791381180.482 5916556
1791381180.538 5916556
1791381180.593 5916556
1791381180.648 5916556
1791381180.703 5916556
1791381180.758 5916556
1791381180.813 5916556
1791381180.869 5916556
1791381180.924 5916556
1791381180.979 5916556
1791381181.034 5916556
1791381181.089 5916556
1791381181.144 5916556
1791381181.199 5916556
1791381181.251 5916556
1791381181.306 5916556
1791381181.361 5916556
1791381181.416 5916556
1791381181.471 5916556
1791381181.526 5916556
1791381181.582 5916556
1791381181.637 5916556
1791381181.692 5916556
1791381181.747 5916556
1791381181.802 5916556
1791381181.857 5916556
1791381181.912 5916556
1791381181.968 5916556
1791381182.023 5916556
1791381182.078 5916556
1791381182.133 5916556
1791381182.188 5916556
1791381182.243 5916556
1791381182.298 5916556
1791381182.353 5916556
1791381182.409 5916556
1791381182.464 5916556
1791381182.519 5916556
1791381182.574 5916556
1791381182.629 5916556
1791381182.684 5916556
1791381182.739 5916556
1791381182.794 5916556
1791381182.849 5916556
1791381182.905 5916556
1791381182.960 5916556
1791381183.015 5916556
1791381183.070 5916556
1791381183.125 5916556
1791381183.180 5916556
1791381183.235 5916556
1791381183.290 5916556
1791381183.345 5916556
1791381183.401 5916556
1791381183.456 5916556
1791381183.511 5916556
1791381183.567 5916556
1791381183.622 5916556
1791381183.677 5916556
1791381183.732 5916556
1791381183.787 5916556
1791381183.842 5916556
1791381183.897 5916556
1791381183.952 5916556
1791381184.007 5916556
1791381184.062 5916556
1791381184.118 5916556
1791381184.173 5916556
1791381184.228 5916556
1791381184.283 5916556
1791381184.338 5916556
1791381184.393 5916556
1791381184.446 5916556
1791381184.498 5916556
1791381184.552 5916556
1791381184.607 5916556
1791381184.662 5916556
1791381184.717 5916556
1791381184.772 5916556
1791381184.828 5916556
1791381184.883 5916556
1791381184.938 5916556
1791381184.993 5916556
1791381185.048 5916556
1791381185.103 5916556
1791381185.158 5916556
1791381185.213 5916556
1791381185.268 5916556
1791381185.323 5916556
1791381185.378 5916556
1791381185.433 5916556
1791381185.488 5916556
1791381185.543 5916556
1791381185.598 5916556
1791381185.654 5916556
1791381185.709 5916556
1791381185.764 5916556
1791381185.819 5916556
1791381185.874 5916556
1791381185.929 5916556
1791381185.984 5916556
1791381186.039 5916556
1791381186.090 5916556
1791381186.142 5916556
1791381186.193 5916556
1791381186.247 5916556
1791381186.302 5916940
1791381186.360 5916940
1791381186.417 5916940
1791381186.472 5916940
1791381186.528 5916940
1791381186.583 5916940
1791381186.638 5916940
1791381186.693 5916940
1791381186.748 5916940
1791381186.803 5916940
1791381186.858 5916940
1791381186.913 5916940
1791381186.968 5916940
1791381187.023 5916940
1791381187.078 5916940
1791381187.133 5916940
1791381187.188 5916940
1791381187.243 5916940
1791381187.299 5916940
1791381187.354 5916940
1791381187.409 5916940
1791381187.464 5916940
1791381187.519 5916940
1791381187.574 5916940
1791381187.629 5916940
1791381187.684 5916940
1791381187.739 5916940
1791381187.794 5916940
1791381187.849 5916940
1791381187.905 5916940
1791381187.960 5916940
1791381188.015 5916940
1791381188.070 5916940
1791381188.125 5916940
1791381188.180 5916940
1791381188.235 5916940
1791381188.290 5916940
1791381188.345 5916940
1791381188.400 5916940
1791381188.455 5916940
1791381188.511 5916940
1791381188.566 5916940
1791381188.621 5916940
1791381188.676 5916940
1791381188.731 5916940
1791381188.786 5916940
1791381188.841 5916940
1791381188.896 5916940
1791381188.951 5916940
1791381189.007 5916940
1791381189.061 5916940
1791381189.116 5916940
1791381189.172 5916940
1791381189.227 5916940
1791381189.282 5916940
1791381189.337 5916940
1791381189.392 5916940
1791381189.447 5916940
1791381189.502 5916940
1791381189.557 5916940
1791381189.613 5916940
1791381189.668 5916940
1791381189.723 5916940
1791381189.778 5916940
1791381189.833 5916940
1791381189.888 5916940
1791381189.943 5916940
1791381189.998 5916940
1791381190.051 5916940
1791381190.106 5916940
1791381190.161 5916940
1791381190.216 5916940
1791381190.272 5916940
1791381190.327 5916940
1791381190.382 5916940
1791381190.437 5916940
1791381190.492 5916940
1791381190.547 5916940
1791381190.602 5916940
1791381190.657 5916940
1791381190.712 5916940
1791381190.767 5916940
1791381190.822 5916940
1791381190.877 5916940
1791381190.933 5916940
1791381190.988 5916940
1791381191.043 5916940
1791381191.098 5916940
1791381191.153 5916940
1791381191.208 5916940
1791381191.263 5916940
1791381191.318 5916940
1791381191.373 5916940
1791381191.428 5916940
1791381191.483 5916940
1791381191.538 5916940
1791381191.593 5916940
1791381191.649 5916940
1791381191.704 5916940
1791381191.759 5916940
1791381191.814 5916940
1791381191.869 5916940
1791381191.924 5916940
1791381191.979 5916940
1791381192.034 5916940
1791381192.089 5916940
1791381192.144 5916940
1791381192.199 5916940
1791381192.254 5917132
1791381192.307 5917132
1791381192.362 5917132
1791381192.417 5917132
1791381192.473 5917132
1791381192.528 5917132
1791381192.583 5917132
1791381192.638 5917132
1791381192.693 5917324
1791381192.748 5917324
1791381192.803 5917324
1791381192.857 5917324
1791381192.912 5917324
1791381192.967 5917324
1791381193.022 5917324
1791381193.077 5917324
1791381193.132 5917324
1791381193.187 5917324
1791381193.242 5917324
1791381193.298 5917324
1791381193.353 5917324
1791381193.408 5917324
1791381193.463 5917324
1791381193.515 5917324
1791381193.571 5917324
1791381193.626 5917324
1791381193.681 5917324
1791381193.736 5917324
1791381193.791 5917324
1791381193.846 5917324
1791381193.901 5917324
1791381193.956 5917324
1791381194.011 5917324
1791381194.067 5917324
1791381194.122 5917324
1791381194.177 5917324
1791381194.232 5917324
1791381194.287 5917324
1791381194.342 5917324
1791381194.398 5917324
1791381194.453 5917324
1791381194.508 5917324
1791381194.563 5917324
1791381194.618 5917324
1791381194.673 5917324
1791381194.728 5917324
1791381194.783 5917324
1791381194.838 5917324
1791381194.893 5917324
1791381194.949 5917324
1791381195.004 5917324
1791381195.059 5917324
1791381195.114 5917324
1791381195.169 5917324
1791381195.224 5917324
1791381195.279 5917324
1791381195.334 5917324
1791381195.389 5917324
1791381195.444 5917324
1791381195.499 5917324
1791381195.554 5917516
1791381195.610 5917516
1791381195.665 5917516
1791381195.720 5917516
1791381195.775 5917516
1791381195.830 5917516
1791381195.885 5917516
1791381195.940 5917516
1791381195.995 5917516
1791381196.050 5917516
1791381196.106 5917516
1791381196.161 5917516
1791381196.216 5917516
1791381196.271 5917516
1791381196.326 5917516
1791381196.380 5917516
1791381196.435 5917516
1791381196.490 5917516
1791381196.545 5917516
1791381196.600 5917516
1791381196.655 5917516
1791381196.710 5917516
1791381196.765 5917516
1791381196.821 5917516
1791381196.876 5917516
1791381196.931 5917516
1791381196.986 5917516
1791381197.041 5917516
1791381197.092 5917516
1791381197.147 5917516
1791381197.202 5917516
1791381197.258 5917516
1791381197.313 5917516
1791381197.368 5917516
1791381197.423 5917516
1791381197.478 5917516
1791381197.533 5917516
1791381197.588 5917516
1791381197.643 5917516
1791381197.698 5917516
1791381197.753 5917516
1791381197.808 5917516
1791381197.864 5917516
1791381197.919 5917516
1791381197.974 5917516
1791381198.029 5917516
1791381198.084 5917516
1791381198.139 5917516
1791381198.194 5917516
1791381198.249 5917516
1791381198.304 5917516
1791381198.359 5917516
1791381198.414 5917516
1791381198.469 5917516
1791381198.524 5917516
1791381198.578 5917516
1791381198.633 5917516
1791381198.687 5917516
1791381198.739 5917516
1791381198.794 5917516
1791381198.850 5917516
1791381198.905 5917516
1791381198.960 5917516
1791381199.015 5917516
1791381199.070 5917516
1791381199.125 5917516
1791381199.181 5917516
1791381199.236 5917516
1791381199.291 5917516
1791381199.346 5917516
1791381199.401 5917516
1791381199.456 5917516
1791381199.511 5917516
1791381199.566 5917516
1791381199.621 5917516
1791381199.676 5917516
1791381199.732 5917516
1791381199.787 5917516
1791381199.842 5917516
1791381199.897 5917516
1791381199.952 5917516
1791381200.007 5917516
1791381200.062 5917516
1791381200.117 5917516
1791381200.172 5917516
1791381200.227 5917516
1791381200.282 5917516
1791381200.337 5917516
1791381200.392 5917516
1791381200.447 5917516
1791381200.502 5917516
1791381200.557 5917516
1791381200.613 5917516
1791381200.668 5917516
1791381200.723 5917516
1791381200.778 5917516
1791381200.833 5917516
1791381200.888 5917516
1791381200.943 5917516
1791381200.998 5917516
1791381201.053 5917516
1791381201.108 5917516
1791381201.163 5917516
1791381201.218 5917516
1791381201.273 5917516
1791381201.328 5917516
1791381201.383 5917516
1791381201.439 5917516
1791381201.494 5917516
1791381201.549 5917516
1791381201.604 5917516
1791381201.656 5917516
1791381201.707 5917516
1791381201.759 5917516
1791381201.814 5917516
1791381201.869 5917516
1791381201.924 5917516
1791381201.979 5917516
1791381202.034 5917516
1791381202.089 5917516
1791381202.144 5917516
1791381202.199 5917516
1791381202.254 5917516
1791381202.310 5917516
1791381202.365 5917516
1791381202.420 5917516
1791381202.475 5917900
1791381202.532 5917900
1791381202.587 5917900
1791381202.643 5917900
1791381202.698 5917900
1791381202.753 5917900
1791381202.808 5917900
1791381202.863 5917900
1791381202.918 5917900
1791381202.974 5917900
1791381203.029 5917900
1791381203.084 5917900
1791381203.139 5917900
1791381203.194 5917900
1791381203.249 5917900
1791381203.304 5917900
1791381203.360 5917900
1791381203.415 5917900
1791381203.470 5917900
1791381203.525 5917900
1791381203.580 5917900
1791381203.635 5917900
1791381203.690 5917900
1791381203.745 5917900
1791381203.800 5917900
1791381203.855 5917900
1791381203.910 5917900
1791381203.965 5917900
1791381204.021 5917900
1791381204.076 5917900
1791381204.131 5917900
1791381204.186 5917900
1791381204.241 5917900
1791381204.296 5917900
1791381204.351 5917900
1791381204.406 5917900
1791381204.461 5917900
1791381204.516 5917900
1791381204.571 5917900
1791381204.626 5917900
1791381204.681 5917900
1791381204.737 5917900
1791381204.792 5917900
1791381204.847 5917900
1791381204.902 5917900
1791381204.957 5917900
1791381205.012 5917900
1791381205.067 5917900
1791381205.122 5917900
1791381205.177 5917900
1791381205.232 5917900
1791381205.287 5917900
1791381205.342 5917900
1791381205.398 5917900
1791381205.453 5917900
1791381205.508 5917900
1791381205.563 5917900
1791381205.618 5917900
1791381205.673 5917900
1791381205.728 5917900
1791381205.783 5917900
1791381205.838 5917900
1791381205.893 5917900
1791381205.948 5917900
1791381206.003 5917900
1791381206.059 5917900
1791381206.114 5917900
1791381206.169 5917900
1791381206.224 5917900
1791381206.279 5917900
1791381206.334 5917900
1791381206.389 5917900
1791381206.444 5917900
1791381206.499 5917900
1791381206.554 5917900
1791381206.609 5917900
1791381206.664 5917900
1791381206.719 5917900
1791381206.774 5917900
1791381206.829 5917900
1791381206.884 5917900
1791381206.939 5917900
1791381206.994 5917900
1791381207.049 5917900
1791381207.104 5917900
1791381207.159 5917900
1791381207.214 5917900
1791381207.270 5917900
1791381207.325 5917900
1791381207.380 5917900
1791381207.435 5917900
1791381207.490 5917900
1791381207.545 5917900
1791381207.600 5917900
1791381207.655 5917900
1791381207.710 5917900
1791381207.765 5917900
1791381207.821 5917900
1791381207.876 5917900
1791381207.931 5917900
1791381207.986 5917900
1791381208.041 5917900
1791381208.096 5917900
1791381208.151 5917900
1791381208.206 5917900
1791381208.261 5917900
1791381208.317 5917900
1791381208.372 5917900
1791381208.427 5917900
1791381208.482 5917900
1791381208.537 5917900
1791381208.592 5917900
1791381208.647 5917900
1791381208.703 5917900
1791381208.758 5917900
1791381208.809 5917900
1791381208.864 5917900
1791381208.919 5917900
1791381208.974 5917900
1791381209.029 5917900
1791381209.084 5917900
1791381209.139 5917900
1791381209.194 5917900
1791381209.246 5917900
1791381209.301 5918092
1791381209.356 5918092
1791381209.411 5918092
1791381209.466 5918092
1791381209.521 5918092
1791381209.577 5918092
1791381209.632 5918092
1791381209.687 5918092
1791381209.742 5918092
1791381209.797 5918092
1791381209.852 5918092
1791381209.907 5918092
1791381209.962 5918092
1791381210.017 5918092
1791381210.072 5918284
1791381210.127 5918284
1791381210.182 5918284
1791381210.238 5918284
1791381210.293 5918284
1791381210.348 5918284
1791381210.400 5918284
1791381210.455 5918284
1791381210.510 5918284
1791381210.566 5918284
1791381210.621 5918284
1791381210.676 5918284
1791381210.731 5918284
1791381210.786 5918284
1791381210.841 5918284
1791381210.896 5918284
1791381210.951 5918284
1791381211.006 5918284
1791381211.061 5918284
1791381211.116 5918284
1791381211.171 5918284
1791381211.227 5918284
1791381211.282 5918284
1791381211.337 5919628
1791381211.389 5920780
1791381211.444 5920780
1791381211.499 5920780
1791381211.554 5920780
1791381211.609 5920780
1791381211.664 5920780
1791381211.719 5920780
1791381211.774 5920780
1791381211.829 5920780
1791381211.885 5920780
1791381211.940 5920780
1791381211.995 5920780
1791381212.050 5920780
1791381212.105 5920780
1791381212.160 5920780
1791381212.216 5920780
1791381212.271 5920972
1791381212.326 5921932
1791381212.381 5921932
1791381212.436 5921932
1791381212.491 5921932
1791381212.546 5921932
1791381212.602 5921932
1791381212.657 5921932
1791381212.712 5921932
1791381212.767 5921932
1791381212.822 5921932
1791381212.877 5921932
1791381212.933 5921932
1791381212.988 5921932
1791381213.043 5921932
1791381213.098 5921932
1791381213.153 5921932
1791381213.208 5921932
1791381213.263 5921932
1791381213.318 5921932
1791381213.374 5921932
1791381213.429 5921932
1791381213.484 5921932
1791381213.539 5921932
1791381213.594 5921932
1791381213.649 5921932
1791381213.704 5921932
1791381213.760 5921932
1791381213.815 5921932
1791381213.870 5921932
1791381213.925 5921932
1791381213.980 5921932
1791381214.035 5921932
1791381214.090 5921932
1791381214.145 5921932
1791381214.200 5921932
1791381214.255 5921932
1791381214.311 5921932
1791381214.366 5921932
1791381214.421 5921932
1791381214.476 5921932
1791381214.531 5921932
1791381214.586 5921932
1791381214.641 5921932
1791381214.696 5921932
1791381214.751 5921932
1791381214.806 5921932
1791381214.862 5921932
1791381214.917 5921932
1791381214.972 5921932
1791381215.027 5921932
1791381215.082 5921932
1791381215.137 5921932
1791381215.192 5922700
1791381215.247 5922700
1791381215.302 5922700
1791381215.355 5922700
1791381215.410 5922700
1791381215.466 5922700
1791381215.521 5922700
1791381215.576 5922700
1791381215.631 5922700
1791381215.687 5922700
1791381215.742 5922700
1791381215.797 5922700
1791381215.852 5922700
1791381215.908 5922700
1791381215.963 5922700
1791381216.018 5922700
1791381216.073 5922700
1791381216.129 5922700
1791381216.184 5922700
1791381216.239 5922700
1791381216.294 5922700
1791381216.349 5922700
1791381216.404 5922700
1791381216.459 5922700
1791381216.515 5922700
1791381216.570 5922700
1791381216.625 5922700
1791381216.680 5922700
1791381216.740 5922700
1791381216.793 5922700
1791381216.846 5922700
1791381216.898 5922700
1791381216.953 5922700
1791381217.009 5922700
1791381217.064 5922700
1791381217.119 5922700
1791381217.170 5922700
1791381217.225 5922700
1791381217.281 5922700
1791381217.336 5922700
1791381217.391 5922700
1791381217.443 5922700
1791381217.498 5922700
1791381217.553 5922700
1791381217.608 5922700
1791381217.663 5922700
1791381217.718 5922700
1791381217.774 5922700
1791381217.829 5922700
1791381217.884 5922700
1791381217.939 5922700
1791381217.994 5922700
1791381218.049 5922700
1791381218.105 5922700
1791381218.156 5922700
1791381218.207 5922700
1791381218.259 5922700
1791381218.315 5922700
1791381218.370 5922700
1791381218.425 5922700
1791381218.480 5922700
1791381218.535 5922700
1791381218.590 5922700
1791381218.645 5922700
1791381218.700 5922700
1791381218.753 5922700
1791381218.808 5922700
1791381218.863 5922700
1791381218.918 5922700
1791381218.973 5922700
1791381219.028 5922700
1791381219.083 5922700
1791381219.139 5922700
1791381219.194 5922700
1791381219.249 5922700
1791381219.304 5922700
1791381219.359 5922700
1791381219.414 5922700
1791381219.469 5922700
1791381219.524 5922700
1791381219.579 5922700
1791381219.635 5922700
1791381219.690 5922700
1791381219.745 5922700
1791381219.800 5922700
1791381219.855 5922700
1791381219.910 5922700
1791381219.965 5922700
1791381220.020 5922700
1791381220.075 5922700
1791381220.130 5922700
1791381220.185 5922700
1791381220.240 5922700
1791381220.293 5922892
1791381220.348 5922892
1791381220.403 5922892
1791381220.459 5922892
1791381220.514 5922892
1791381220.570 5922892
1791381220.625 5922892
1791381220.680 5922892
1791381220.735 5922892
1791381220.790 5922892
1791381220.845 5922892
1791381220.900 5922892
1791381220.956 5922892
1791381221.011 5922892
1791381221.066 5922892
1791381221.121 5922892
1791381221.176 5922892
1791381221.231 5922892
1791381221.287 5922892
1791381221.342 5922892
1791381221.397 5922892
1791381221.453 5922892
1791381221.508 5922892
1791381221.559 5922892
1791381221.614 5922892
1791381221.670 5922892
1791381221.725 5922892
1791381221.780 5922892
1791381221.835 5922892
1791381221.890 5922892
1791381221.945 5922892
1791381222.000 5922892
1791381222.055 5922892
1791381222.111 5922892
1791381222.166 5922892
1791381222.221 5922892
1791381222.276 5923084
1791381222.331 5923084
1791381222.386 5923084
1791381222.441 5923084
1791381222.492 5923276
1791381222.546 5923276
1791381222.601 5923276
1791381222.655 5923276
1791381222.710 5923276
1791381222.765 5923468
1791381222.820 5923468
1791381222.875 5923468
1791381222.930 5923468
1791381222.985 5923468
1791381223.041 5923468
1791381223.096 5923468
1791381223.151 5923468
1791381223.206 5923468
1791381223.262 5923468
1791381223.317 5923468
1791381223.372 5923468
1791381223.427 5923468
1791381223.482 5923468
1791381223.537 5923468
1791381223.592 5923468
1791381223.647 5923468
1791381223.702 5923468
1791381223.757 5923468
1791381223.810 5923468
1791381223.861 5927500
1791381223.912 5934988
1791381223.964 5934988
1791381224.019 5934988
1791381224.074 5934988
1791381224.129 5934988
1791381224.184 5924216
1791381224.238 5924216
1791381224.293 5924216
1791381224.348 5924216
1791381224.403 5924216
1791381224.458 5924216
1791381224.513 5924216
1791381224.568 5924216
1791381224.623 5924216
1791381224.678 5924216
1791381224.733 5924216
1791381224.788 5924216
1791381224.843 5924216
1791381224.899 5924216
1791381224.954 5924216
1791381225.009 5924216
1791381225.062 5924216
1791381225.117 5924216
1791381225.172 5924216
1791381225.227 5924216
1791381225.282 5924216
1791381225.337 5924216
1791381225.392 5924216
1791381225.447 5924216
1791381225.502 5924216
1791381225.558 5924216
1791381225.613 5924216
1791381225.668 5924216
1791381225.723 5924216
1791381225.779 5924216
1791381225.834 5924216
1791381225.889 5924216
1791381225.944 5924216
1791381226.000 5924216
1791381226.055 5924216
1791381226.107 5924216
1791381226.162 5924216
1791381226.217 5924216
1791381226.272 5924216
1791381226.327 5924216
1791381226.382 5924216
1791381226.437 5924216
1791381226.492 5924216
1791381226.547 5924216
1791381226.603 5924216
1791381226.658 5924216
1791381226.713 5924216
1791381226.768 5924216
1791381226.823 5924216
1791381226.877 5924216
1791381226.932 5924216
1791381226.984 5924216
1791381227.035 5924216
1791381227.087 5924216
1791381227.138 5924216
1791381227.189 5924216
1791381227.241 5924216
1791381227.292 5924216
1791381227.343 5924216
1791381227.395 5924216
1791381227.446 5924216
1791381227.498 5924216
1791381227.549 5924216
1791381227.601 5924216
1791381227.652 5924216
1791381227.703 5924216
1791381227.755 5924216
1791381227.806 5924216
1791381227.861 5924216
1791381227.917 5924216
1791381227.972 5924216
1791381228.027 5924216
1791381228.082 5924216
1791381228.137 5924216
1791381228.192 5924216
1791381228.247 5924216
1791381228.302 5924216
1791381228.357 5924216
1791381228.413 5924216
1791381228.468 5924216
1791381228.523 5924216
1791381228.578 5924216
1791381228.633 5924216
1791381228.688 5924216
1791381228.741 5924216
1791381228.794 5924216
1791381228.846 5924216
1791381228.897 5924216
1791381228.948 5924216
1791381229.000 5924216
1791381229.051 5924216
1791381229.102 5924216
1791381229.158 5924216
1791381229.213 5924216
1791381229.268 5924216
1791381229.323 5924216
1791381229.378 5924216
1791381229.433 5924216
1791381229.488 5924216
1791381229.543 5924216
1791381229.598 5924216
1791381229.653 5924216
1791381229.708 5924216
1791381229.763 5924216
1791381229.819 5924216
1791381229.874 5924216
1791381229.929 5924216
1791381229.984 5924216
1791381230.037 5924216
1791381230.093 5924216
1791381230.148 5924216
1791381230.203 5924216
1791381230.258 5924216
1791381230.313 5924216
1791381230.368 5924216
1791381230.424 5924216
1791381230.479 5924216
1791381230.534 5924216
1791381230.590 5924216
1791381230.645 5924216
1791381230.700 5924216
1791381230.755 5924216
1791381230.810 5924216
1791381230.865 5924216
1791381230.920 5924216
1791381230.975 5924216
1791381231.030 5924216
1791381231.086 5924216
1791381231.141 5924216
1791381231.196 5924216
1791381231.251 5924408
1791381231.303 5924408
1791381231.358 5924408
1791381231.413 5924600
1791381231.466 5924792
1791381231.521 5924792
1791381231.576 5924792
1791381231.627 5924792
1791381231.679 5924792
1791381231.734 5924984
1791381231.789 5924984
1791381231.845 5925176
1791381231.900 5925176
1791381231.955 5925176
1791381232.010 5925176
1791381232.065 5925176
1791381232.120 5925176
1791381232.175 5925176
1791381232.230 5925176
1791381232.285 5925176
1791381232.340 5925752
1791381232.396 5927480
1791381232.449 5927480
1791381232.500 5927480
1791381232.556 5927480
1791381232.611 5927480
1791381232.666 5927672
1791381232.721 5927672
1791381232.776 5927672
1791381232.831 5927672
1791381232.886 5927672
1791381232.941 5927672
1791381232.996 5927672
1791381233.052 5927672
1791381233.107 5927672
1791381233.162 5927672
1791381233.217 5927672
1791381233.272 5927672
1791381233.327 5927672
1791381233.382 5927672
1791381233.437 5927672
1791381233.492 5927672
1791381233.547 5927672
1791381233.602 5927672
1791381233.657 5927672
1791381233.713 5927672
1791381233.769 5927672
1791381233.824 5927672
1791381233.879 5927672
1791381233.934 5927672
1791381233.990 5927672
1791381234.045 5927672
1791381234.100 5927672
1791381234.155 5927672
1791381234.210 5927672
1791381234.265 5927672
1791381234.320 5927672
1791381234.375 5927672
1791381234.430 5927672
1791381234.485 5927672
1791381234.540 5927672
1791381234.595 5927672
1791381234.650 5927672
1791381234.705 5927672
1791381234.760 5927672
1791381234.816 5927672
1791381234.871 5927672
1791381234.926 5927672
1791381234.981 5927672
1791381235.036 5927672
1791381235.091 5927672
1791381235.146 5927672
1791381235.201 5927672
1791381235.256 5927672
1791381235.311 5927672
1791381235.366 5927672
1791381235.421 5927672
1791381235.476 5927672
1791381235.531 5927672
1791381235.586 5927672
1791381235.641 5927672
1791381235.696 5927672
1791381235.751 5927672
1791381235.807 5927672
1791381235.862 5927672
1791381235.917 5927672
1791381235.972 5927672
1791381236.027 5927672
1791381236.082 5927672
1791381236.137 5927672
1791381236.192 5927672
1791381236.247 5927672
1791381236.302 5927672
1791381236.357 5927672
1791381236.412 5927672
1791381236.467 5927672
1791381236.522 5927672
1791381236.577 5927672
1791381236.632 5927672
1791381236.688 5927672
1791381236.743 5927672
1791381236.798 5927672
1791381236.853 5927672
1791381236.908 5927672
1791381236.963 5927672
1791381237.018 5928632
1791381237.072 5928824
1791381237.124 5928824
1791381237.179 5928824
1791381237.234 5928824
1791381237.289 5928824
1791381237.344 5928824
1791381237.399 5928824
1791381237.455 5928824
1791381237.510 5928824
1791381237.565 5928824
1791381237.620 5928824
1791381237.675 5928824
1791381237.730 5928824
1791381237.785 5928824
1791381237.840 5928824
1791381237.895 5928824
1791381237.950 5928824
1791381238.006 5928824
1791381238.061 5928824
1791381238.116 5928824
1791381238.171 5928824
1791381238.226 5928824
1791381238.281 5928824
1791381238.336 5928824
1791381238.391 5928824
1791381238.446 5928824
1791381238.501 5928824
1791381238.557 5928824
1791381238.612 5928824
1791381238.667 5928824
1791381238.722 5928824
1791381238.777 5928824
1791381238.833 5928824
1791381238.888 5928824
1791381238.943 5928824
1791381238.998 5928824
1791381239.053 5928824
1791381239.108 5928824
1791381239.163 5928824
1791381239.218 5928824
1791381239.273 5928824
1791381239.328 5928824
1791381239.383 5928824
1791381239.438 5928824
1791381239.493 5928824
1791381239.548 5928824
1791381239.603 5928824
1791381239.658 5928824
1791381239.714 5928824
1791381239.769 5928824
1791381239.824 5928824
1791381239.879 5928824
1791381239.934 5928824
1791381239.989 5928824
1791381240.044 5928824
1791381240.099 5928824
1791381240.154 5928824
1791381240.209 5928824
1791381240.264 5928824
1791381240.319 5928824
1791381240.374 5928824
1791381240.429 5928824
1791381240.484 5928824
1791381240.539 5928824
1791381240.594 5928824
1791381240.649 5928824
1791381240.705 5928824
1791381240.760 5928824
1791381240.815 5928824
1791381240.870 5928824
1791381240.925 5928824
1791381240.980 5928824
1791381241.035 5928824
1791381241.090 5928824
1791381241.145 5928824
1791381241.200 5928824
1791381241.255 5928824
1791381241.310 5928824
1791381241.366 5928824
1791381241.421 5928824
1791381241.476 5928824
1791381241.531 5928824
1791381241.586 5928824
1791381241.641 5928824
1791381241.696 5928824
1791381241.751 5928824
1791381241.806 5928824
1791381241.861 5928824
1791381241.917 5928824
1791381241.972 5928824
1791381242.027 5928824
1791381242.082 5928824
1791381242.137 5928824
1791381242.192 5928824
1791381242.247 5928824
1791381242.302 5928824
1791381242.357 5928824
1791381242.412 5928824
1791381242.467 5928824
1791381242.519 5928824
1791381242.574 5928824
1791381242.629 5928824
1791381242.684 5928824
1791381242.739 5928824
1791381242.794 5928824
1791381242.849 5928824
1791381242.904 5928824
1791381242.959 5928824
1791381243.014 5928824
1791381243.069 5928824
1791381243.125 5928824
1791381243.180 5928824
1791381243.235 5928824
1791381243.290 5928824
1791381243.345 5928824
1791381243.400 5928824
1791381243.455 5928824
1791381243.510 5928824
1791381243.565 5928824
1791381243.620 5928824
1791381243.675 5928824
1791381243.730 5928824
1791381243.786 5928824
1791381243.841 5928824
1791381243.896 5928824
1791381243.951 5928824
1791381244.006 5928824
1791381244.061 5928824
1791381244.116 5928824
1791381244.171 5928824
1791381244.226 5928824
1791381244.281 5928824
1791381244.336 5928824
1791381244.391 5928824
1791381244.442 5928824
1791381244.494 5928824
1791381244.545 5928824
1791381244.596 5928824
1791381244.647 5928824
1791381244.700 5928824
1791381244.751 5928824
1791381244.807 5928824
1791381244.862 5928824
1791381244.916 5928824
1791381244.968 5928824
1791381245.020 5928824
1791381245.071 5928824
1791381245.126 5928824
1791381245.182 5928824
1791381245.236 5928824
1791381245.293 5928824
1791381245.345 5928824
1791381245.396 5928824
1791381245.449 5928824
1791381245.505 5928824
1791381245.560 5928824
1791381245.615 5928824
1791381245.670 5928824
1791381245.725 5928824
1791381245.781 5928824
1791381245.836 5928824
1791381245.891 5928824
1791381245.946 5928824
1791381246.001 5928824
1791381246.056 5928824
1791381246.109 5928824
1791381246.164 5928824
1791381246.219 5928824
1791381246.274 5928824
1791381246.328 5928824
1791381246.380 5928824
1791381246.433 5928824
1791381246.485 5928824
1791381246.538 5928824
1791381246.590 5928824
1791381246.641 5928824
1791381246.696 5928824
1791381246.751 5928824
1791381246.807 5928824
1791381246.859 5928824
1791381246.915 5928824
1791381246.970 5928824
1791381247.025 5928824
1791381247.076 5928824
1791381247.131 5928824
1791381247.187 5928824
1791381247.242 5928824
1791381247.297 5928824
1791381247.352 5928824
1791381247.408 5928824
1791381247.463 5928824
1791381247.518 5928824
1791381247.573 5928824
1791381247.628 5928824
1791381247.679 5928824
1791381247.734 5928824
1791381247.790 5928824
1791381247.845 5928824
1791381247.900 5928824
1791381247.955 5928824
1791381248.010 5928824
1791381248.065 5928824
1791381248.120 5928824
1791381248.175 5928824
1791381248.230 5928824
1791381248.285 5928824
1791381248.340 5928824
1791381248.396 5928824
1791381248.451 5928824
1791381248.506 5928824
1791381248.562 5928824
1791381248.617 5928824
1791381248.672 5928824
1791381248.729 5928824
1791381248.784 5928824
1791381248.839 5928824
1791381248.894 5928824
1791381248.950 5928824
1791381249.005 5928824
1791381249.059 5928824
1791381249.115 5928824
1791381249.170 5928824
1791381249.225 5928824
1791381249.280 5928824
1791381249.335 5928824
1791381249.390 5928824
1791381249.446 5928824
1791381249.501 5928824
1791381249.556 5928824
1791381249.611 5928824
1791381249.666 5928824
1791381249.721 5928824
1791381249.776 5928824
1791381249.831 5928824
1791381249.887 5928824
1791381249.942 5928824
1791381249.997 5928824
1791381250.048 5928824
1791381250.103 5928824
1791381250.158 5928824
1791381250.213 5928824
1791381250.268 5928824
1791381250.323 5928824
1791381250.379 5928824
1791381250.437 5928824
1791381250.493 5928824
1791381250.548 5928824
1791381250.603 5928824
1791381250.658 5928824
1791381250.713 5928824
1791381250.768 5928824
1791381250.823 5928824
1791381250.878 5928824
1791381250.933 5928824
1791381250.988 5928824
1791381251.043 5928824
1791381251.098 5928824
1791381251.153 5928824
1791381251.209 5928824
1791381251.264 5928824
1791381251.319 5928824
1791381251.374 5928824
1791381251.429 5928824
1791381251.484 5928824
1791381251.539 5928824
1791381251.594 5928824
1791381251.649 5928824
1791381251.704 5928824
1791381251.759 5928824
1791381251.814 5928824
1791381251.869 5928824
1791381251.924 5928824
1791381251.979 5928824
1791381252.034 5928824
1791381252.089 5928824
1791381252.144 5928824
1791381252.200 5928824
1791381252.255 5928824
1791381252.310 5928824
1791381252.365 5928824
1791381252.420 5928824
1791381252.475 5928824
1791381252.530 5928824
1791381252.585 5928824
1791381252.640 5928824
1791381252.695 5928824
1791381252.750 5928824
1791381252.805 5928824
1791381252.860 5928824
1791381252.915 5928824
1791381252.970 5928824
1791381253.025 5928824
1791381253.080 5928824
1791381253.135 5928824
1791381253.190 5928824
1791381253.245 5928824
1791381253.300 5928824
1791381253.355 5928824
1791381253.411 5928824
1791381253.466 5928824
1791381253.521 5928824
1791381253.576 5928824
1791381253.631 5928824
1791381253.686 5928824
1791381253.741 5928824
1791381253.796 5928824
1791381253.851 5928824
1791381253.906 5928824
1791381253.961 5928824
1791381254.016 5928824
1791381254.072 5928824
1791381254.127 5928824
1791381254.182 5928824
1791381254.237 5928824
1791381254.292 5928824
1791381254.347 5928824
1791381254.402 5928824
1791381254.457 5928824
1791381254.512 5928824
1791381254.567 5928824
1791381254.622 5928824
1791381254.677 5928824
1791381254.732 5929016
1791381254.784 5929016
1791381254.836 5929016
1791381254.891 5929016
1791381254.946 5929016
1791381255.001 5929016
1791381255.056 5929016
1791381255.111 5929016
1791381255.166 5929016
1791381255.222 5929016
1791381255.273 5929016
1791381255.328 5929016
1791381255.381 5929016
1791381255.435 5929016
1791381255.490 5929016
1791381255.545 5929016
1791381255.600 5929016
1791381255.651 5929016
1791381255.706 5929016
1791381255.761 5929016
1791381255.816 5929016
1791381255.871 5929016
1791381255.926 5929016
1791381255.981 5929016
1791381256.037 5929016
1791381256.092 5929016
1791381256.146 5929016
1791381256.199 5929016
1791381256.251 5929016
1791381256.302 5929016
1791381256.356 5929016
1791381256.409 5929016
1791381256.461 5929016
1791381256.516 5929016
1791381256.569 5929016
1791381256.624 5929016
1791381256.679 5929016
1791381256.735 5929016
1791381256.790 5929016
1791381256.845 5929016
1791381256.900 5929016
1791381256.955 5929016
1791381257.011 5929016
1791381257.066 5929016
1791381257.117 5929016
1791381257.169 5929016
1791381257.224 5929016
1791381257.279 5929016
1791381257.334 5929016
1791381257.390 5929016
1791381257.445 5929016
1791381257.500 5929016
1791381257.555 5929016
1791381257.610 5929016
1791381257.665 5929016
1791381257.720 5929016
1791381257.771 5929016
1791381257.826 5929016
1791381257.881 5929016
1791381257.936 5929016
1791381257.991 5929016
1791381258.047 5929016
1791381258.102 5929016
1791381258.157 5929016
1791381258.212 5929016
1791381258.267 5929016
1791381258.322 5929016
1791381258.377 5929016
1791381258.432 5929016
1791381258.487 5929016
1791381258.542 5929016
1791381258.597 5929016
1791381258.652 5929016
1791381258.707 5929016
1791381258.759 5929016
1791381258.813 5929016
1791381258.868 5929016
1791381258.922 5929016
1791381258.976 5929016
1791381259.031 5929016
1791381259.085 5929016
1791381259.140 5929016
1791381259.195 5929016
1791381259.250 5929016
1791381259.305 5929016
1791381259.360 5929016
1791381259.415 5929016
1791381259.470 5929016
1791381259.525 5929016
1791381259.581 5929016
1791381259.636 5929016
1791381259.691 5929016
1791381259.746 5929016
1791381259.801 5929016
1791381259.856 5929016
1791381259.911 5929016
1791381259.966 5929016
1791381260.021 5929016
1791381260.077 5929016
1791381260.132 5929016
1791381260.188 5929016
1791381260.243 5929016
1791381260.298 5929016
1791381260.353 5929016
1791381260.408 5929016
1791381260.464 5929016
1791381260.519 5929016
1791381260.575 5929016
1791381260.630 5929016
1791381260.684 5929016
1791381260.739 5929016
1791381260.794 5929016
1791381260.849 5929016
1791381260.904 5929016
1791381260.960 5929016
1791381261.015 5929016
1791381261.070 5929016
1791381261.125 5929016
1791381261.180 5929016
1791381261.235 5929016
1791381261.290 5929016
1791381261.345 5929016
1791381261.400 5929016
1791381261.455 5929016
1791381261.511 5929016
1791381261.566 5929016
1791381261.621 5929016
1791381261.676 5929016
1791381261.731 5929016
1791381261.786 5929016
1791381261.841 5929016
1791381261.896 5929016
1791381261.951 5929016
1791381262.006 5929016
1791381262.061 5929016
1791381262.116 5929016
1791381262.171 5929016
1791381262.226 5929016
1791381262.282 5929016
1791381262.337 5929016
1791381262.392 5929016
1791381262.447 5929016
1791381262.502 5929016
1791381262.557 5929016
1791381262.609 5929016
1791381262.664 5929016
1791381262.720 5929016
1791381262.775 5929016
1791381262.830 5929016
1791381262.885 5929016
1791381262.940 5929016
1791381262.995 5929016
1791381263.050 5929016
1791381263.105 5929016
1791381263.160 5929016
1791381263.215 5929016
1791381263.270 5929016
1791381263.325 5929016
1791381263.380 5929016
1791381263.436 5929016
1791381263.491 5929016
1791381263.546 5929016
1791381263.601 5929016
1791381263.655 5929016
1791381263.711 5929016
1791381263.766 5929016
1791381263.821 5929016
1791381263.876 5929016
1791381263.931 5929016
1791381263.986 5929016
1791381264.041 5929016
1791381264.096 5929016
1791381264.147 5929016
1791381264.199 5929016
1791381264.250 5929016
1791381264.301 5929016
1791381264.353 5929016
1791381264.404 5929016
1791381264.455 5929016
1791381264.506 5929016
1791381264.558 5929016
1791381264.609 5929016
1791381264.661 5929016
1791381264.712 5929016
1791381264.764 5929016
1791381264.815 5929016
1791381264.866 5929016
1791381264.917 5929016
1791381264.969 5929016
1791381265.020 5929016
1791381265.074 5929016
1791381265.129 5929016
1791381265.184 5929016
1791381265.239 5929016
1791381265.294 5929016
1791381265.349 5929016
1791381265.405 5929016
1791381265.460 5929016
1791381265.515 5929016
1791381265.570 5929016
1791381265.625 5929016
1791381265.680 5929016
1791381265.735 5929016
1791381265.790 5929016
1791381265.841 5929016
1791381265.892 5929016
1791381265.944 5929016
1791381265.995 5929016
1791381266.047 5929016
1791381266.099 5929016
1791381266.151 5929016
1791381266.203 5929016
1791381266.255 5929016
1791381266.307 5929016
1791381266.358 5929016
1791381266.414 5929016
1791381266.469 5929016
1791381266.524 5929016
1791381266.579 5929016
1791381266.634 5929016
1791381266.689 5929016
1791381266.744 5929016
1791381266.799 5929016
1791381266.854 5929016
1791381266.907 5929016
1791381266.962 5929016
1791381267.017 5929016
1791381267.072 5929016
1791381267.127 5929016
1791381267.182 5929016
1791381267.237 5929016
1791381267.292 5929016
1791381267.347 5929016
1791381267.402 5929016
1791381267.457 5929016
1791381267.512 5929016
1791381267.568 5929016
1791381267.623 5929016
1791381267.678 5929016
1791381267.733 5929016
1791381267.788 5929016
1791381267.843 5929016
1791381267.898 5929016
1791381267.953 5929016
1791381268.008 5929016
1791381268.063 5929016
1791381268.117 5929016
1791381268.172 5929016
1791381268.224 5929016
1791381268.279 5929016
1791381268.334 5929016
1791381268.389 5929016
1791381268.443 5929016
1791381268.498 5929016
1791381268.554 5929016
1791381268.609 5929016
1791381268.664 5929016
1791381268.715 5929016
1791381268.769 5929016
1791381268.824 5929016
1791381268.879 5929016
1791381268.934 5929016
1791381268.989 5929016
1791381269.044 5929016
1791381269.100 5929016
1791381269.154 5929016
1791381269.210 5929016
1791381269.265 5929016
1791381269.320 5929016
1791381269.376 5929016
1791381269.431 5929016
1791381269.486 5929016
1791381269.541 5929016
1791381269.596 5929016
1791381269.651 5929016
1791381269.706 5929016
1791381269.761 5929016
1791381269.817 5929016
1791381269.872 5929016
1791381269.927 5929016
1791381269.982 5929016
1791381270.040 5929016
1791381270.095 5929016
1791381270.150 5929016
1791381270.206 5929016
1791381270.261 5929016
1791381270.316 5929016
1791381270.371 5929016
1791381270.426 5929016
1791381270.481 5929016
1791381270.536 5929016
1791381270.591 5929016
1791381270.646 5929016
1791381270.701 5929016
1791381270.757 5929016
1791381270.812 5929016
1791381270.867 5929016
1791381270.922 5929016
1791381270.977 5929016
1791381271.032 5929016
1791381271.087 5929016
1791381271.142 5929016
1791381271.196 5929016
1791381271.251 5929016
1791381271.306 5929016
1791381271.361 5929016
1791381271.416 5929016
1791381271.471 5929016
1791381271.526 5929016
1791381271.581 5929016
1791381271.636 5929016
1791381271.691 5929016
1791381271.746 5929016
1791381271.801 5929016
1791381271.856 5929016
1791381271.912 5929016
1791381271.967 5929016
1791381272.026 5929016
1791381272.090 5929016
1791381272.147 5929016
1791381272.202 5929016
1791381272.257 5929016
1791381272.312 5929016
1791381272.367 5929016
1791381272.422 5929016
1791381272.478 5929016
1791381272.533 5929016
1791381272.588 5929016
1791381272.643 5929016
1791381272.698 5929016
1791381272.753 5929016
1791381272.806 5929016
1791381272.859 5929016
1791381272.914 5929016
1791381272.970 5929016
1791381273.025 5929016
1791381273.080 5929016
1791381273.135 5929016
1791381273.190 5929016
1791381273.245 5929016
1791381273.300 5929016
1791381273.355 5929016
1791381273.410 5929016
1791381273.465 5929016
1791381273.520 5929016
1791381273.575 5929016
1791381273.630 5929016
1791381273.685 5929016
1791381273.741 5929016
1791381273.796 5929016
1791381273.848 5929016
1791381273.903 5929016
1791381273.954 5929016
1791381274.006 5929016
1791381274.062 5929016
1791381274.117 5929016
1791381274.172 5929016
1791381274.227 5929016
1791381274.279 5929016
1791381274.334 5929016
1791381274.389 5929016
1791381274.444 5929016
1791381274.500 5929016
1791381274.555 5929016
1791381274.610 5929016
1791381274.665 5929016
1791381274.720 5929016
1791381274.775 5929016
1791381274.830 5929016
1791381274.885 5929016
1791381274.940 5929016
1791381274.996 5929016
1791381275.051 5929016
1791381275.104 5929016
1791381275.160 5929016
1791381275.215 5929016
1791381275.270 5929016
1791381275.325 5929016
1791381275.380 5929016
1791381275.436 5929016
1791381275.491 5929016
1791381275.546 5929016
1791381275.601 5929016
1791381275.656 5929016
1791381275.711 5929016
1791381275.766 5929016
1791381275.821 5929016
1791381275.875 5929016
1791381275.930 5929016
1791381275.985 5929016
1791381276.041 5929016
1791381276.096 5929016
1791381276.151 5929016
1791381276.206 5929016
1791381276.261 5929016
1791381276.316 5929016
1791381276.371 5929016
1791381276.426 5929016
1791381276.481 5929016
1791381276.536 5929016
1791381276.591 5929016
1791381276.647 5929016
1791381276.702 5929016
1791381276.757 5929016
1791381276.812 5929016
1791381276.867 5929016
1791381276.922 5929016
1791381276.977 5929016
1791381277.032 5929016
1791381277.087 5929016
1791381277.144 5929016
1791381277.199 5929016
1791381277.254 5929016
1791381277.309 5929016
1791381277.364 5929016
1791381277.419 5929016
1791381277.474 5929016
1791381277.529 5929016
1791381277.580 5929016
1791381277.635 5929016
1791381277.690 5929016
1791381277.745 5929016
1791381277.801 5929016
1791381277.856 5929016
1791381277.911 5929016
1791381277.966 5929016
1791381278.021 5929016
1791381278.076 5929016
1791381278.131 5929016
1791381278.186 5929016
1791381278.241 5929016
1791381278.296 5929016
1791381278.351 5929016
1791381278.406 5929016
1791381278.461 5929016
1791381278.516 5929016
1791381278.571 5929016
1791381278.627 5929016
1791381278.682 5929016
1791381278.739 5929016
1791381278.794 5929016
1791381278.849 5929016
1791381278.904 5929016
1791381278.959 5929016
1791381279.014 5929016
1791381279.069 5929016
1791381279.125 5929016
1791381279.180 5929016
1791381279.235 5929016
1791381279.290 5929016
1791381279.345 5929016
1791381279.400 5929016
1791381279.455 5929016
1791381279.510 5929016
1791381279.565 5929016
1791381279.620 5929016
1791381279.675 5929016
1791381279.730 5929016
1791381279.785 5929016
1791381279.840 5929016
1791381279.895 5929016
1791381279.950 5929016
1791381280.005 5929016
1791381280.060 5929016
1791381280.115 5929016
1791381280.170 5929016
1791381280.226 5929016
1791381280.281 5929016
1791381280.336 5929016
1791381280.391 5929016
1791381280.446 5929016
1791381280.501 5929016
1791381280.556 5929016
1791381280.611 5929016
1791381280.666 5929016
1791381280.721 5929016
1791381280.776 5929016
1791381280.831 5929016
1791381280.886 5929016
1791381280.941 5929016
1791381280.997 5929016
1791381281.052 5929016
1791381281.107 5929016
1791381281.162 5929016
1791381281.217 5929016
1791381281.272 5929016
1791381281.327 5929016
1791381281.382 5929016
1791381281.437 5929016
1791381281.492 5929016
1791381281.547 5929016
1791381281.602 5929016
1791381281.657 5929016
1791381281.712 5929016
1791381281.767 5929016
1791381281.822 5929016
1791381281.877 5929016
1791381281.932 5929016
1791381281.987 5929016
1791381282.043 5929016
1791381282.098 5929016
1791381282.153 5929016
1791381282.208 5929016
1791381282.263 5929016
1791381282.318 5929016
1791381282.373 5929016
1791381282.428 5929016
1791381282.483 5929016
1791381282.538 5929016
1791381282.593 5929016
1791381282.648 5929016
1791381282.703 5929016
1791381282.758 5929016
1791381282.813 5929016
1791381282.868 5929016
1791381282.923 5929016
1791381282.979 5929016
1791381283.034 5929016
1791381283.089 5929016
1791381283.144 5929016
1791381283.199 5929016
1791381283.254 5929016
1791381283.309 5929016
1791381283.364 5929016
1791381283.419 5929016
1791381283.475 5929016
1791381283.530 5929016
1791381283.585 5929016
1791381283.640 5929016
1791381283.695 5929016
1791381283.750 5929016
1791381283.805 5929016
1791381283.860 5929016
1791381283.915 5929016
1791381283.970 5929016
1791381284.025 5929016
1791381284.080 5929016
1791381284.135 5929016
1791381284.190 5929016
1791381284.245 5929016
1791381284.300 5929016
1791381284.355 5929016
1791381284.411 5929016
1791381284.466 5929016
1791381284.521 5929016
1791381284.576 5929016
1791381284.631 5929016
1791381284.686 5929016
1791381284.741 5929016
1791381284.796 5929016
1791381284.851 5929016
1791381284.906 5929016
1791381284.961 5929016
1791381285.016 5929016
1791381285.071 5929016
1791381285.126 5929016
1791381285.181 5929016
1791381285.236 5929016
1791381285.292 5929016
1791381285.347 5929016
1791381285.402 5929016
1791381285.457 5929016
1791381285.512 5929016
1791381285.567 5929016
1791381285.622 5929016
1791381285.677 5929016
1791381285.732 5929016
1791381285.787 5929016
1791381285.842 5929016
1791381285.897 5929016
1791381285.952 5929016
1791381286.007 5929016
1791381286.062 5929016
1791381286.117 5929016
1791381286.172 5929016
1791381286.227 5929016
1791381286.282 5929016
1791381286.337 5929016
1791381286.392 5929016
1791381286.447 5929016
1791381286.503 5929016
1791381286.558 5929016
1791381286.613 5929016
1791381286.668 5929016
1791381286.723 5929016
1791381286.778 5929016
1791381286.833 5929016
1791381286.888 5929016
1791381286.943 5929016
1791381286.998 5929016
1791381287.053 5929016
1791381287.108 5929016
1791381287.163 5929016
1791381287.214 5929016
1791381287.269 5929016
1791381287.325 5929016
1791381287.380 5929016
1791381287.435 5929016
1791381287.490 5929016
1791381287.541 5929016
1791381287.594 5929016
1791381287.649 5929016
1791381287.704 5929016
1791381287.759 5929016
1791381287.814 5929016
1791381287.869 5929016
1791381287.924 5929016
1791381287.979 5929016
1791381288.034 5929016
1791381288.089 5929016
1791381288.144 5929016
1791381288.200 5929016
1791381288.255 5929016
1791381288.310 5929016
1791381288.365 5929016
1791381288.420 5929016
1791381288.475 5929016
1791381288.530 5929016
1791381288.585 5929016
1791381288.640 5929016
1791381288.695 5929016
1791381288.750 5929016
1791381288.801 5929016
1791381288.857 5929016
1791381288.912 5929016
1791381288.967 5929016
1791381289.022 5929016
1791381289.077 5929016
1791381289.132 5929016
1791381289.187 5929016
1791381289.242 5929016
1791381289.297 5929016
1791381289.352 5929016
1791381289.407 5929016
1791381289.463 5929016
1791381289.518 5929016
1791381289.573 5929016
1791381289.628 5929016
1791381289.683 5929016
1791381289.738 5929016
1791381289.793 5929016
1791381289.846 5929016
1791381289.901 5929016
1791381289.956 5929016
1791381290.011 5929016
1791381290.066 5929016
1791381290.121 5929016
1791381290.176 5929016
1791381290.232 5929016
1791381290.287 5929016
1791381290.342 5929016
1791381290.397 5929016
1791381290.452 5929016
1791381290.507 5929016
1791381290.562 5929016
1791381290.617 5929016
1791381290.672 5929016
1791381290.727 5929016
1791381290.782 5929016
1791381290.837 5929016
1791381290.892 5929016
1791381290.947 5929016
1791381291.002 5929016
1791381291.057 5929016
1791381291.112 5929016
1791381291.167 5929016
1791381291.222 5929016
1791381291.277 5929016
1791381291.333 5929016
1791381291.388 5929016
1791381291.443 5929016
1791381291.498 5929016
1791381291.553 5929016
1791381291.608 5929016
1791381291.663 5929016
1791381291.718 5929016
1791381291.773 5929016
1791381291.828 5929016
1791381291.883 5929016
1791381291.938 5929016
1791381291.993 5929016
1791381292.048 5929016
1791381292.103 5929016
1791381292.158 5929016
1791381292.213 5929016
1791381292.268 5929016
1791381292.323 5929016
1791381292.378 5929016
1791381292.434 5929016
1791381292.489 5929016
1791381292.544 5929016
1791381292.599 5929016
1791381292.654 5929016
1791381292.709 5929016
1791381292.764 5929016
1791381292.819 5929016
1791381292.874 5929016
1791381292.929 5929016
1791381292.984 5929016
1791381293.039 5929016
1791381293.094 5929016
1791381293.149 5929016
1791381293.204 5929016
1791381293.260 5929016
1791381293.315 5929016
1791381293.370 5929016
1791381293.425 5929016
1791381293.480 5929016
1791381293.535 5929016
1791381293.590 5929016
1791381293.645 5929016
1791381293.700 5929016
1791381293.755 5929016
1791381293.810 5929016
1791381293.865 5929016
1791381293.920 5929016
1791381293.976 5929016
1791381294.031 5929016
1791381294.086 5929016
1791381294.141 5929016
1791381294.196 5929016
1791381294.251 5929016
1791381294.302 5929016
1791381294.357 5929016
1791381294.412 5929016
1791381294.467 5929016
1791381294.523 5929016
1791381294.578 5929016
1791381294.633 5929016
1791381294.688 5929016
1791381294.743 5929016
1791381294.798 5929016
1791381294.853 5929016
1791381294.904 5929016
1791381294.957 5929016
1791381295.012 5929016
1791381295.067 5929016
1791381295.122 5929016
1791381295.177 5929016
1791381295.232 5929016
1791381295.287 5929016
1791381295.342 5929016
1791381295.397 5929016
1791381295.452 5929016
1791381295.507 5929016
1791381295.562 5929016
1791381295.617 5929016
1791381295.672 5929016
1791381295.727 5929016
1791381295.782 5929016
1791381295.838 5929016
1791381295.893 5929016
1791381295.948 5929016
1791381296.003 5929016
1791381296.058 5929016
1791381296.113 5929016
1791381296.168 5929016
1791381296.223 5929016
1791381296.278 5929016
1791381296.333 5929016
1791381296.389 5929016
1791381296.444 5929016
1791381296.499 5929016
1791381296.554 5929016
1791381296.609 5929016
1791381296.664 5929016
1791381296.719 5929016
1791381296.774 5929016
1791381296.829 5929016
1791381296.884 5929016
1791381296.939 5929016
1791381296.994 5929016
1791381297.049 5929016
1791381297.104 5929016
1791381297.159 5929016
1791381297.214 5929016
1791381297.269 5929016
1791381297.328 5929016
1791381297.388 5929016
1791381297.443 5929016
1791381297.499 5929016
1791381297.554 5929016
1791381297.609 5929016
1791381297.664 5929016
1791381297.717 5929016
1791381297.772 5929016
1791381297.827 5929016
1791381297.882 5929016
1791381297.937 5929016
1791381297.992 5929016
1791381298.047 5929016
1791381298.102 5929016
1791381298.157 5929016
1791381298.212 5929016
1791381298.267 5929016
1791381298.322 5929016
1791381298.377 5929016
1791381298.432 5929016
1791381298.487 5929016
1791381298.542 5929016
1791381298.597 5929016
1791381298.652 5929016
1791381298.707 5929016
1791381298.762 5929016
1791381298.817 5929016
1791381298.872 5929016
1791381298.927 5929016
1791381298.983 5929016
1791381299.038 5929016
1791381299.093 5929016
1791381299.148 5929016
1791381299.203 5929016
1791381299.257 5929016
1791381299.312 5929016
1791381299.367 5929016
1791381299.423 5929016
1791381299.478 5929016
1791381299.533 5929016
1791381299.588 5929016
1791381299.643 5929016
1791381299.698 5929016
1791381299.753 5929016
1791381299.808 5929016
1791381299.863 5929016
1791381299.918 5929016
1791381299.973 5929016
1791381300.028 5929016
1791381300.083 5929016
1791381300.138 5929016
1791381300.193 5929016
1791381300.248 5929016
1791381300.303 5929016
1791381300.359 5929016
1791381300.414 5929016
1791381300.468 5929016
1791381300.523 5929016
1791381300.578 5929016
1791381300.633 5929016
1791381300.688 5929016
1791381300.743 5929016
1791381300.798 5929016
1791381300.853 5929016
1791381300.909 5929016
1791381300.964 5929016
1791381301.019 5929016
1791381301.074 5929016
1791381301.129 5929016
1791381301.184 5929016
1791381301.239 5929016
1791381301.294 5929016
1791381301.349 5929016
1791381301.404 5929016
1791381301.459 5929016
1791381301.514 5929016
1791381301.569 5929016
1791381301.624 5929016
1791381301.679 5929016
1791381301.734 5929016
1791381301.789 5929016
1791381301.844 5929016
1791381301.899 5929016
1791381301.952 5929016
1791381302.003 5929016
1791381302.055 5929016
1791381302.110 5929016
1791381302.166 5929016
1791381302.221 5929016
1791381302.276 5929016
1791381302.331 5929016
1791381302.386 5929016
1791381302.441 5929016
1791381302.496 5929016
1791381302.551 5929016
1791381302.606 5929016
1791381302.661 5929016
1791381302.716 5929016
1791381302.771 5929016
1791381302.826 5929016
1791381302.881 5929016
1791381302.936 5929016
1791381302.991 5929016
1791381303.047 5929016
1791381303.102 5929016
1791381303.156 5929016
1791381303.211 5929016
1791381303.267 5929016
1791381303.322 5929016
1791381303.377 5929016
1791381303.432 5929016
1791381303.487 5929016
1791381303.542 5929016
1791381303.597 5929016
1791381303.652 5929016
1791381303.707 5929016
1791381303.762 5929016
1791381303.817 5929016
1791381303.872 5929016
1791381303.927 5929016
1791381303.982 5929016
1791381304.037 5929016
1791381304.092 5929016
1791381304.147 5929016
1791381304.202 5929016
1791381304.257 5929016
1791381304.312 5929016
1791381304.368 5929016
1791381304.423 5929016
1791381304.478 5929016
1791381304.533 5929016
1791381304.588 5929016
1791381304.643 5929016
1791381304.694 5929016
1791381304.746 5929016
1791381304.801 5929016
1791381304.856 5929016
1791381304.911 5929016
1791381304.967 5929016
1791381305.022 5929016
1791381305.077 5929016
1791381305.132 5929016
1791381305.187 5929016
1791381305.242 5929016
1791381305.297 5929016
1791381305.352 5929016
1791381305.407 5929016
1791381305.462 5929016
1791381305.517 5929016
1791381305.572 5929016
1791381305.627 5929016
1791381305.682 5929016
1791381305.737 5929016
1791381305.792 5929016
1791381305.847 5929016
1791381305.902 5929016
1791381305.957 5929016
1791381306.012 5929016
1791381306.067 5929016
1791381306.118 5929016
1791381306.170 5929016
1791381306.221 5929016
1791381306.273 5929016
1791381306.329 5929016
1791381306.384 5929016
1791381306.439 5929016
1791381306.494 5929016
1791381306.549 5929016
1791381306.604 5929016
1791381306.659 5929016
1791381306.714 5929016
1791381306.769 5929016
1791381306.824 5929016
1791381306.879 5929016
1791381306.934 5929016
1791381306.990 5929016
1791381307.045 5929016
1791381307.100 5929016
1791381307.155 5929016
1791381307.210 5929016
1791381307.265 5929016
1791381307.320 5929016
1791381307.375 5929016
1791381307.430 5929016
1791381307.485 5929016
1791381307.540 5929016
1791381307.595 5929016
1791381307.650 5929016
1791381307.705 5929016
1791381307.760 5929016
1791381307.815 5929016
1791381307.870 5929016
1791381307.925 5929016
1791381307.981 5929016
1791381308.036 5929016
1791381308.091 5929016
1791381308.146 5929016
1791381308.201 5929016
1791381308.256 5929016
1791381308.311 5929016
1791381308.366 5929016
1791381308.421 5929016
1791381308.476 5929016
1791381308.531 5929016
1791381308.586 5929016
1791381308.642 5929016
1791381308.697 5929016
1791381308.753 5929016
1791381308.808 5929016
1791381308.863 5929016
1791381308.918 5929016
1791381308.974 5929016
1791381309.029 5929016
1791381309.084 5929016
1791381309.139 5929016
1791381309.194 5929016
1791381309.249 5929016
1791381309.304 5929016
1791381309.360 5929016
1791381309.415 5929016
1791381309.470 5929016
1791381309.525 5929016
1791381309.580 5929016
1791381309.635 5929016
1791381309.690 5929016
1791381309.745 5929016
1791381309.800 5929016
1791381309.855 5929016
1791381309.910 5929016
1791381309.965 5929016
1791381310.020 5929016
1791381310.075 5929016
1791381310.130 5929016
1791381310.185 5929016
1791381310.240 5929016
1791381310.295 5929016
1791381310.350 5929016
1791381310.405 5929016
1791381310.460 5929016
1791381310.515 5929016
1791381310.570 5929016
1791381310.625 5929016
1791381310.680 5929016
1791381310.735 5929016
1791381310.790 5929016
1791381310.845 5929016
1791381310.900 5929016
1791381310.955 5929016
1791381311.010 5929016
1791381311.065 5929016
1791381311.120 5929016
1791381311.175 5929016
1791381311.230 5929016
1791381311.285 5929016
1791381311.340 5929016
1791381311.395 5929016
1791381311.450 5929016
1791381311.505 5929016
1791381311.561 5929016
1791381311.616 5929016
1791381311.671 5929016
1791381311.726 5929016
1791381311.781 5929016
1791381311.836 5929016
1791381311.891 5929016
1791381311.946 5929016
1791381312.001 5929016
1791381312.056 5929016
1791381312.111 5929016
1791381312.166 5929016
1791381312.221 5929016
1791381312.277 5929016
1791381312.332 5929016
1791381312.387 5929016
1791381312.442 5929016
1791381312.497 5929016
1791381312.552 5929016
1791381312.607 5929016
1791381312.662 5929016
1791381312.717 5929016
1791381312.772 5929016
1791381312.827 5929016
1791381312.882 5929016
1791381312.937 5929016
1791381312.990 5929016
1791381313.045 5929016
1791381313.100 5929016
1791381313.155 5929016
1791381313.210 5929016
1791381313.265 5929016
1791381313.320 5929016
1791381313.375 5929016
1791381313.430 5929016
1791381313.485 5929016
1791381313.540 5929016
1791381313.595 5929016
1791381313.650 5929016
1791381313.705 5929016
1791381313.760 5929016
1791381313.815 5929016
1791381313.870 5929016
1791381313.925 5929016
1791381313.980 5929016
1791381314.036 5929016
1791381314.091 5929208
1791381314.146 5929208
1791381314.201 5929208
1791381314.256 5929208
1791381314.311 5929208
1791381314.367 5929208
1791381314.422 5929208
1791381314.477 5929208
1791381314.532 5929208
1791381314.587 5929208
1791381314.642 5929208
1791381314.697 5929208
1791381314.752 5929208
1791381314.807 5929208
1791381314.862 5929208
1791381314.917 5929208
1791381314.972 5929208
1791381315.030 5929208
1791381315.084 5929208
1791381315.139 5929784
1791381315.190 5929784
1791381315.246 5929784
1791381315.301 5929784
1791381315.356 5929784
1791381315.411 5929784
1791381315.467 5929784
1791381315.522 5929784
1791381315.577 5929784
1791381315.633 5929784
1791381315.688 5929784
1791381315.743 5929784
1791381315.798 5929784
1791381315.853 5929784
1791381315.908 5929784
1791381315.964 5929784
1791381316.019 5929784
1791381316.074 5929784
1791381316.129 5929784
1791381316.184 5929976
1791381316.239 5929976
1791381316.294 5929976
1791381316.349 5929976
1791381316.404 5929976
1791381316.459 5929976
1791381316.514 5929976
1791381316.569 5929976
1791381316.625 5929976
1791381316.680 5929976
1791381316.735 5929976
1791381316.790 5929976
1791381316.845 5929976
1791381316.900 5929976
1791381316.951 5929976
1791381317.006 5929976
1791381317.061 5929976
1791381317.116 5929976
1791381317.171 5929976
1791381317.226 5929976
1791381317.281 5929976
1791381317.333 5929976
1791381317.388 5929976
1791381317.443 5929976
1791381317.498 5929976
1791381317.553 5929976
1791381317.608 5929976
1791381317.663 5929976
1791381317.718 5929976
1791381317.773 5929976
1791381317.829 5929976
1791381317.884 5929976
1791381317.939 5929976
1791381317.994 5929976
1791381318.049 5929976
1791381318.104 5929976
1791381318.159 5929976
1791381318.214 5929976
1791381318.269 5929976
1791381318.324 5929976
1791381318.379 5929976
1791381318.434 5929976
1791381318.490 5929976
1791381318.545 5929976
1791381318.600 5929976
1791381318.655 5929976
1791381318.710 5929976
1791381318.765 5929976
1791381318.816 5929976
1791381318.871 5929976
1791381318.926 5929976
1791381318.981 5929976
1791381319.037 5929976
1791381319.093 5929976
1791381319.148 5929976
1791381319.203 5929976
1791381319.258 5929976
1791381319.313 5929976
1791381319.368 5929976
1791381319.422 5929976
1791381319.477 5929976
1791381319.532 5929976
1791381319.587 5929976
1791381319.642 5929976
1791381319.697 5929976
1791381319.752 5929976
1791381319.807 5929976
1791381319.862 5929976
1791381319.917 5929976
1791381319.972 5929976
1791381320.027 5929976
1791381320.082 5929976
1791381320.137 5929976
1791381320.192 5929976
1791381320.247 5929976
1791381320.302 5929976
1791381320.357 5929976
1791381320.412 5929976
1791381320.467 5929976
1791381320.522 5929976
1791381320.577 5929976
1791381320.632 5929976
1791381320.687 5929976
1791381320.742 5929976
1791381320.798 5929976
1791381320.853 5929976
1791381320.908 5929976
1791381320.963 5929976
1791381321.018 5929976
1791381321.073 5929976
1791381321.128 5929976
1791381321.183 5929976
1791381321.238 5929976
1791381321.293 5929976
1791381321.348 5929976
1791381321.403 5929976
1791381321.458 5929976
1791381321.513 5929976
1791381321.568 5929976
1791381321.623 5929976
1791381321.678 5929976
1791381321.733 5929976
1791381321.788 5929976
1791381321.843 5929976
1791381321.898 5929976
1791381321.953 5929976
1791381322.008 5929976
1791381322.063 5929976
1791381322.119 5929976
1791381322.174 5929976
1791381322.229 5929976
1791381322.284 5929976
1791381322.339 5929976
1791381322.394 5929976
1791381322.449 5929976
1791381322.504 5929976
1791381322.559 5929976
1791381322.614 5929976
1791381322.669 5929976
1791381322.724 5929976
1791381322.779 5929976
1791381322.834 5929976
1791381322.889 5929976
1791381322.946 5929976
1791381323.001 5929976
1791381323.056 5929976
1791381323.111 5929976
1791381323.166 5929976
1791381323.221 5929976
1791381323.279 5929976
1791381323.334 5929976
1791381323.389 5929976
1791381323.444 5929976
1791381323.499 5929976
1791381323.554 5929976
1791381323.606 5929976
1791381323.661 5929976
1791381323.716 5929976
1791381323.771 5929976
1791381323.826 5929976
1791381323.881 5929976
1791381323.936 5929976
1791381323.991 5929976
1791381324.046 5929976
1791381324.102 5929976
1791381324.157 5929976
1791381324.212 5929976
1791381324.267 5929976
1791381324.322 5929976
1791381324.373 5929976
1791381324.428 5929976
1791381324.483 5929976
1791381324.538 5929976
1791381324.595 5929976
1791381324.654 5929976
1791381324.712 5929976
1791381324.767 5929976
1791381324.822 5929976
1791381324.877 5929976
1791381324.932 5929976
1791381324.987 5929976
1791381325.042 5929976
1791381325.097 5929976
1791381325.152 5929976
1791381325.207 5929976
1791381325.262 5929976
1791381325.317 5929976
1791381325.372 5929976
1791381325.427 5929976
1791381325.482 5929976
1791381325.537 5929976
1791381325.592 5929976
1791381325.647 5929976
1791381325.700 5929976
1791381325.755 5929976
1791381325.810 5929976
1791381325.865 5929976
1791381325.920 5929976
1791381325.975 5929976
1791381326.030 5929976
1791381326.085 5929976
1791381326.140 5929976
1791381326.195 5929976
1791381326.250 5929976
1791381326.305 5929976
1791381326.360 5929976
1791381326.415 5929976
1791381326.470 5929976
1791381326.525 5929976
1791381326.580 5929976
1791381326.635 5929976
1791381326.690 5929976
1791381326.745 5929976
1791381326.800 5929976
1791381326.855 5929976
1791381326.910 5929976
1791381326.965 5929976
1791381327.021 5929976
1791381327.076 5929976
1791381327.131 5929976
1791381327.186 5929976
1791381327.241 5929976
1791381327.296 5929976
1791381327.351 5929976
1791381327.406 5929976
1791381327.461 5929976
1791381327.516 5929976
1791381327.571 5929976
1791381327.626 5929976
1791381327.678 5929976
1791381327.733 5929976
1791381327.788 5929976
1791381327.843 5929976
1791381327.898 5929976
1791381327.953 5929976
1791381328.007 5929976
1791381328.062 5929976
1791381328.118 5929976
1791381328.173 5929976
1791381328.229 5929976
1791381328.284 5929976
1791381328.339 5929976
1791381328.392 5929976
1791381328.447 5929976
1791381328.503 5929976
1791381328.558 5929976
1791381328.613 5929976
1791381328.668 5929976
1791381328.723 5929976
1791381328.779 5929976
1791381328.834 5929976
1791381328.889 5929976
1791381328.944 5929976
1791381328.999 5929976
1791381329.055 5929976
1791381329.110 5929976
1791381329.165 5929976
1791381329.220 5929976
1791381329.275 5929976
1791381329.330 5929976
1791381329.386 5929976
1791381329.441 5929976
1791381329.496 5929976
1791381329.551 5929976
1791381329.606 5929976
1791381329.661 5929976
1791381329.716 5929976
1791381329.771 5929976
1791381329.826 5929976
1791381329.881 5929976
1791381329.936 5929976
1791381329.991 5929976
1791381330.046 5929976
1791381330.102 5929976
1791381330.157 5929976
1791381330.212 5929976
1791381330.267 5929976
1791381330.322 5929976
1791381330.377 5929976
1791381330.432 5929976
1791381330.487 5929976
1791381330.542 5929976
1791381330.597 5929976
1791381330.652 5929976
1791381330.707 5929976
1791381330.762 5929976
1791381330.817 5929976
1791381330.872 5929976
1791381330.927 5929976
1791381330.982 5929976
1791381331.037 5929976
1791381331.093 5929976
1791381331.148 5929976
1791381331.203 5929976
1791381331.258 5929976
1791381331.314 5929976
1791381331.369 5929976
1791381331.424 5929976
1791381331.479 5929976
1791381331.534 5929976
1791381331.589 5929976
1791381331.644 5929976
1791381331.699 5929976
1791381331.754 5929976
1791381331.809 5929976
1791381331.864 5929976
1791381331.919 5929976
1791381331.974 5929976
1791381332.029 5929976
1791381332.084 5929976
1791381332.139 5929976
1791381332.194 5929976
1791381332.250 5929976
1791381332.305 5929976
1791381332.360 5929976
1791381332.415 5929976
1791381332.470 5929976
1791381332.525 5929976
1791381332.580 5929976
1791381332.635 5929976
1791381332.690 5929976
1791381332.745 5929976
1791381332.800 5929976
1791381332.855 5929976
1791381332.910 5929976
1791381332.965 5929976
1791381333.020 5929976
1791381333.076 5929976
1791381333.131 5929976
1791381333.186 5929976
1791381333.241 5929976
1791381333.296 5929976
1791381333.351 5929976
1791381333.406 5929976
1791381333.461 5929976
1791381333.516 5929976
1791381333.571 5929976
1791381333.626 5929976
1791381333.681 5929976
1791381333.736 5929976
1791381333.791 5929976
1791381333.846 5929976
1791381333.902 5929976
1791381333.957 5929976
1791381334.012 5929976
1791381334.067 5929976
1791381334.122 5929976
1791381334.177 5929976
1791381334.232 5929976
1791381334.287 5929976
1791381334.342 5929976
1791381334.398 5929976
1791381334.453 5929976
1791381334.508 5929976
1791381334.563 5929976
1791381334.618 5929976
1791381334.673 5929976
1791381334.728 5929976
1791381334.783 5929976
1791381334.838 5929976
1791381334.893 5929976
1791381334.948 5929976
1791381335.003 5929976
1791381335.058 5929976
1791381335.113 5929976
1791381335.168 5929976
1791381335.223 5929976
1791381335.278 5929976
1791381335.334 5929976
1791381335.389 5929976
1791381335.444 5929976
1791381335.499 5929976
1791381335.554 5929976
1791381335.609 5929976
1791381335.664 5929976
1791381335.719 5929976
1791381335.774 5929976
1791381335.829 5929976
1791381335.884 5929976
1791381335.939 5929976
1791381335.994 5929976
1791381336.049 5929976
1791381336.104 5929976
1791381336.159 5929976
1791381336.214 5929976
1791381336.265 5929976
1791381336.317 5929976
1791381336.368 5929976
1791381336.419 5929976
1791381336.470 5929976
1791381336.522 5929976
1791381336.573 5929976
1791381336.624 5929976
1791381336.676 5929976
1791381336.727 5929976
1791381336.778 5929976
1791381336.830 5929976
1791381336.881 5929976
1791381336.933 5929976
1791381336.985 5929976
1791381337.038 5929976
1791381337.090 5929976
1791381337.141 5929976
1791381337.197 5929976
1791381337.252 5929976
1791381337.307 5929976
1791381337.363 5929976
1791381337.418 5929976
1791381337.473 5929976
1791381337.528 5929976
1791381337.583 5929976
1791381337.638 5929976
1791381337.694 5929976
1791381337.749 5929976
1791381337.804 5929976
1791381337.859 5929976
1791381337.914 5929976
1791381337.969 5929976
1791381338.024 5929976
1791381338.079 5929976
1791381338.130 5929976
1791381338.181 5929976
1791381338.233 5929976
1791381338.284 5929976
1791381338.335 5929976
1791381338.387 5929976
1791381338.438 5929976
1791381338.489 5929976
1791381338.545 5929976
1791381338.600 5929976
1791381338.655 5929976
1791381338.710 5929976
1791381338.766 5929976
1791381338.821 5929976
1791381338.876 5929976
1791381338.931 5929976
1791381338.986 5929976
1791381339.041 5929976
1791381339.096 5929976
1791381339.151 5929976
1791381339.206 5929976
1791381339.261 5929976
1791381339.317 5929976
1791381339.372 5929976
1791381339.427 5929976
1791381339.482 5929976
1791381339.537 5929976
1791381339.592 5929976
1791381339.647 5929976
1791381339.702 5929976
1791381339.757 5929976
1791381339.812 5929976
1791381339.867 5929976
1791381339.922 5929976
1791381339.978 5929976
1791381340.033 5929976
1791381340.088 5929976
1791381340.143 5929976
1791381340.198 5929976
1791381340.250 5929976
1791381340.301 5929976
1791381340.356 5929976
1791381340.411 5929976
1791381340.466 5929976
1791381340.521 5929976
1791381340.577 5929976
1791381340.632 5929976
1791381340.687 5929976
1791381340.742 5929976
1791381340.797 5929976
1791381340.852 5929976
1791381340.907 5929976
1791381340.962 5929976
1791381341.017 5929976
1791381341.073 5929976
1791381341.128 5929976
1791381341.183 5929976
1791381341.238 5929976
1791381341.293 5929976
1791381341.348 5929976
1791381341.403 5929976
1791381341.458 5929976
1791381341.513 5929976
1791381341.565 5929976
1791381341.620 5929976
1791381341.675 5929976
1791381341.730 5929976
1791381341.785 5929976
1791381341.840 5929976
1791381341.895 5929976
1791381341.951 5929976
1791381342.005 5929976
1791381342.060 5929976
1791381342.115 5929976
1791381342.170 5929976
1791381342.225 5929976
1791381342.280 5929976
1791381342.335 5929976
1791381342.390 5929976
1791381342.445 5929976
1791381342.500 5929976
1791381342.556 5929976
1791381342.611 5929976
1791381342.666 5929976
1791381342.721 5929976
1791381342.776 5929976
1791381342.831 5929976
1791381342.885 5929976
1791381342.939 5929976
1791381342.991 5929976
1791381343.046 5929976
1791381343.101 5929976
1791381343.154 5929976
1791381343.209 5929976
1791381343.264 5929976
1791381343.318 5929976
1791381343.373 5929976
1791381343.428 5929976
1791381343.483 5929976
1791381343.538 5929976
1791381343.593 5929976
1791381343.649 5929976
1791381343.704 5929976
1791381343.757 5929976
1791381343.812 5929976
1791381343.867 5929976
1791381343.921 5929976
1791381343.976 5929976
1791381344.030 5929976
1791381344.086 5929976
1791381344.141 5929976
1791381344.197 5929976
1791381344.252 5929976
1791381344.307 5929976
1791381344.367 5929976
1791381344.422 5929976
1791381344.478 5929976
1791381344.533 5929976
1791381344.588 5929976
1791381344.643 5929976
1791381344.698 5929976
1791381344.751 5929976
1791381344.806 5929976
1791381344.861 5929976
1791381344.916 5929976
1791381344.971 5929976
1791381345.026 5929976
1791381345.081 5929976
1791381345.137 5929976
1791381345.192 5929976
1791381345.247 5929976
1791381345.302 5929976
1791381345.357 5929976
1791381345.412 5929976
1791381345.467 5929976
1791381345.522 5929976
1791381345.577 5929976
1791381345.632 5929976
1791381345.687 5929976
1791381345.743 5929976
1791381345.798 5929976
1791381345.853 5929976
1791381345.908 5929976
1791381345.963 5929976
1791381346.018 5929976
1791381346.073 5929976
1791381346.128 5929976
1791381346.182 5929976
1791381346.237 5929976
1791381346.290 5929976
1791381346.345 5930168
1791381346.398 5930168
1791381346.453 5930168
1791381346.508 5930168
1791381346.563 5930168
1791381346.618 5930552
1791381346.672 5930744
1791381346.727 5930936
1791381346.782 5930936
1791381346.837 5930936
1791381346.892 5931128
1791381346.947 5931128
1791381347.002 5931128
1791381347.053 5931128
1791381347.109 5931128
1791381347.164 5931128
1791381347.219 5931128
1791381347.274 5931128
1791381347.329 5931128
1791381347.384 5931896
1791381347.435 5933432
1791381347.490 5933432
1791381347.545 5933432
1791381347.600 5933432
1791381347.655 5933432
1791381347.710 5933432
1791381347.765 5933432
1791381347.820 5933432
1791381347.875 5933432
1791381347.930 5933432
1791381347.985 5933432
1791381348.040 5933432
1791381348.095 5933432
1791381348.150 5933432
1791381348.205 5933432
1791381348.260 5933624
1791381348.315 5943608
1791381348.366 5943800
1791381348.422 5943992
1791381348.477 5943992
1791381348.532 5944184
1791381348.587 5944184
1791381348.642 5944184
1791381348.697 5944184
1791381348.752 5944184
1791381348.804 5944184
1791381348.859 5944184
1791381348.914 5944184
1791381348.969 5944184
1791381349.024 5944184
1791381349.079 5944184
1791381349.134 5944184
1791381349.189 5944184
1791381349.244 5944184
1791381349.299 5944184
1791381349.354 5944184
1791381349.409 5944184
1791381349.464 5944184
1791381349.519 5944184
1791381349.575 5944184
1791381349.630 5944184
1791381349.685 5944184
1791381349.740 5944184
1791381349.795 5944184
1791381349.850 5944184
1791381349.905 5944184
1791381349.960 5944184
1791381350.015 5944184
1791381350.070 5944184
1791381350.125 5944184
1791381350.180 5944184
1791381350.235 5944184
1791381350.290 5944184
1791381350.345 5944184
1791381350.401 5944184
1791381350.456 5944184
1791381350.511 5944184
1791381350.566 5944184
1791381350.621 5944184
1791381350.676 5944184
1791381350.731 5944184
1791381350.786 5944184
1791381350.841 5944184
1791381350.896 5944184
1791381350.951 5944184
1791381351.006 5944184
1791381351.061 5944184
1791381351.116 5944184
1791381351.168 5944184
1791381351.223 5944184
1791381351.278 5944184
1791381351.333 5944184
1791381351.388 5944184
1791381351.443 5944184
1791381351.498 5944184
1791381351.553 5944184
1791381351.608 5944184
1791381351.663 5944184
1791381351.718 5944184
1791381351.773 5944184
1791381351.829 5944184
1791381351.884 5944184
1791381351.939 5944184
1791381351.994 5944184
1791381352.049 5944184
1791381352.104 5944184
1791381352.159 5944184
1791381352.214 5944184
1791381352.269 5944184
1791381352.324 5944184
1791381352.379 5944184
1791381352.434 5944184
1791381352.489 5944184
1791381352.544 5944184
1791381352.599 5944184
1791381352.654 5944184
1791381352.709 5944184
1791381352.764 5944184
1791381352.819 5944184
1791381352.874 5944184
1791381352.929 5944184
1791381352.985 5944184
1791381353.040 5944184
1791381353.095 5944184
1791381353.150 5944184
1791381353.205 5944184
1791381353.260 5944184
1791381353.315 5944184
1791381353.369 5944184
1791381353.424 5944184
1791381353.479 5944184
1791381353.534 5944184
1791381353.589 5944184
1791381353.644 5944184
1791381353.699 5944184
1791381353.754 5944184
1791381353.809 5944184
1791381353.864 5944184
1791381353.919 5944184
1791381353.974 5944184
1791381354.030 5944184
1791381354.085 5944184
1791381354.140 5944184
1791381354.195 5944184
1791381354.250 5944184
1791381354.305 5944184
1791381354.360 5944184
1791381354.415 5944184
1791381354.470 5944184
1791381354.525 5944184
1791381354.580 5944184
1791381354.635 5944184
1791381354.690 5944184
1791381354.745 5944184
1791381354.800 5944184
1791381354.855 5944184
1791381354.910 5944184
1791381354.965 5944184
1791381355.020 5944184
1791381355.075 5944184
1791381355.131 5944184
1791381355.186 5944184
1791381355.241 5944184
1791381355.296 5944184
1791381355.351 5944184
1791381355.406 5944184
1791381355.461 5944184
1791381355.516 5944184
1791381355.571 5944184
1791381355.626 5944184
1791381355.681 5944184
1791381355.736 5944184
1791381355.791 5944184
1791381355.846 5944184
1791381355.901 5944184
1791381355.956 5944184
1791381356.011 5944184
1791381356.066 5944184
1791381356.122 5944184
1791381356.177 5944184
1791381356.232 5944184
1791381356.287 5944184
1791381356.349 5944184
1791381356.404 5944184
1791381356.459 5944184
1791381356.514 5944184
1791381356.569 5944184
1791381356.624 5944184
1791381356.679 5944184
1791381356.734 5944184
1791381356.789 5944184
1791381356.844 5944184
1791381356.899 5944184
1791381356.954 5944184
1791381357.010 5944184
1791381357.065 5944184
1791381357.120 5944184
1791381357.175 5944184
1791381357.230 5944184
1791381357.285 5944184
1791381357.340 5944184
1791381357.395 5944184
1791381357.450 5944184
1791381357.505 5944184
1791381357.560 5944184
1791381357.614 5944184
1791381357.669 5944184
1791381357.724 5944184
1791381357.779 5944184
1791381357.834 5944184
1791381357.889 5944184
1791381357.944 5944184
1791381357.999 5944184
1791381358.054 5944184
1791381358.109 5944184
1791381358.165 5944184
1791381358.220 5944184
1791381358.275 5944184
1791381358.330 5944184
1791381358.384 5944184
1791381358.440 5944184
1791381358.495 5944184
1791381358.550 5944184
1791381358.605 5944184
1791381358.660 5944184
1791381358.714 5944184
1791381358.770 5944184
1791381358.825 5944184
1791381358.877 5944184
1791381358.932 5944184
1791381358.987 5944184
1791381359.043 5944184
1791381359.098 5944184
1791381359.153 5944184
1791381359.208 5944184
1791381359.264 5944184
1791381359.319 5944184
1791381359.374 5944184
1791381359.429 5944184
1791381359.485 5944184
1791381359.540 5944184
1791381359.595 5944184
1791381359.650 5944184
1791381359.705 5944184
1791381359.760 5944184
1791381359.815 5944184
1791381359.871 5944184
1791381359.926 5944184
1791381359.981 5944184
1791381360.036 5944184
1791381360.092 5944184
1791381360.147 5944184
1791381360.202 5944184
1791381360.257 5944184
1791381360.312 5944184
1791381360.367 5944184
1791381360.422 5944184
1791381360.476 5944184
1791381360.532 5944184
1791381360.587 5944184
1791381360.642 5944184
1791381360.697 5944184
1791381360.751 5944184
1791381360.806 5944184
1791381360.861 5944184
1791381360.917 5944184
1791381360.972 5944184
1791381361.027 5944184
1791381361.082 5944184
1791381361.138 5944184
1791381361.193 5944184
1791381361.248 5944184
1791381361.303 5944184
1791381361.359 5944184
1791381361.414 5944184
1791381361.470 5944184
1791381361.525 5944184
1791381361.581 5944184
1791381361.636 5944184
1791381361.692 5944184
1791381361.747 5944184
1791381361.802 5944184
1791381361.857 5944184
1791381361.912 5944184
1791381361.968 5944184
1791381362.023 5944184
1791381362.078 5944184
1791381362.133 5944184
1791381362.188 5944184
1791381362.243 5944184
1791381362.298 5944184
1791381362.353 5944184
1791381362.409 5944184
1791381362.464 5944184
1791381362.519 5944184
1791381362.576 5944184
1791381362.629 5944184
1791381362.684 5944184
1791381362.739 5944184
1791381362.791 5944184
1791381362.846 5944184
1791381362.901 5944184
1791381362.956 5944184
1791381363.011 5944184
1791381363.063 5944184
1791381363.118 5944184
1791381363.173 5944184
1791381363.228 5944184
1791381363.283 5944184
1791381363.338 5944184
1791381363.393 5944184
1791381363.448 5944184
1791381363.504 5944184
1791381363.559 5944184
1791381363.614 5944184
1791381363.669 5944184
1791381363.724 5944184
1791381363.781 5944184
1791381363.836 5944184
1791381363.891 5944184
1791381363.946 5944184
1791381364.001 5944184
1791381364.056 5944184
1791381364.112 5944184
1791381364.163 5944376
1791381364.216 5944568
1791381364.271 5944568
1791381364.322 5944568
1791381364.378 5944568
1791381364.433 5944760
1791381364.488 5944952
1791381364.543 5944952
1791381364.598 5944952
1791381364.653 5944952
1791381364.708 5944952
1791381364.763 5944952
1791381364.815 5944952
1791381364.869 5944952
1791381364.933 5944952
1791381364.988 5944952
1791381365.043 5944952
1791381365.096 5944952
1791381365.152 5944952
1791381365.207 5945144
1791381365.262 5945912
1791381365.317 5947448
1791381365.372 5947448
1791381365.427 5947448
1791381365.482 5947448
1791381365.537 5947448
1791381365.592 5947448
1791381365.647 5947448
1791381365.702 5947448
1791381365.757 5947448
1791381365.812 5947448
1791381365.867 5947448
1791381365.922 5947448
1791381365.977 5947448
1791381366.032 5947448
1791381366.084 5947448
1791381366.139 5947448
1791381366.194 5947448
1791381366.249 5947448
1791381366.304 5947448
1791381366.359 5947448
1791381366.411 5947448
1791381366.466 5947448
1791381366.521 5947448
1791381366.576 5947448
1791381366.631 5947448
1791381366.686 5947448
1791381366.741 5947448
1791381366.796 5947448
1791381366.851 5947448
1791381366.906 5947448
1791381366.961 5947448
1791381367.012 5947448
1791381367.064 5947448
1791381367.119 5947448
1791381367.174 5947448
1791381367.229 5947448
1791381367.284 5947448
1791381367.339 5947448
1791381367.394 5947448
1791381367.449 5947448
1791381367.504 5948216
1791381367.560 5958392
1791381367.611 5964344
1791381367.666 5964344
1791381367.722 5964344
1791381367.777 5964344
1791381367.832 5964344
1791381367.887 5964344
1791381367.942 5964344
1791381367.997 5964344
1791381368.052 5964344
1791381368.107 5964344
1791381368.162 5964344
1791381368.217 5964344
1791381368.272 5964344
1791381368.327 5964344
1791381368.383 5964344
1791381368.438 5964344
1791381368.493 5964344
1791381368.548 5964344
1791381368.603 5964344
1791381368.658 5964344
1791381368.713 5964344
1791381368.768 5964344
1791381368.823 5964344
1791381368.879 5964344
1791381368.934 5964344
1791381368.989 5964344
1791381369.044 5964344
1791381369.099 5964344
1791381369.154 5964344
1791381369.209 5964344
1791381369.264 5964344
1791381369.319 5964344
1791381369.375 5964344
1791381369.430 5964344
1791381369.485 5964344
1791381369.540 5964344
1791381369.595 5964344
1791381369.650 5964344
1791381369.705 5964344
1791381369.760 5964344
1791381369.815 5964344
1791381369.870 5964344
1791381369.925 5964344
1791381369.980 5964344
1791381370.035 5964344
1791381370.091 5964344
1791381370.146 5964344
1791381370.201 5964344
1791381370.256 5964344
1791381370.311 5964344
1791381370.366 5964344
1791381370.421 5964344
1791381370.476 5964344
1791381370.531 5964344
1791381370.586 5964344
1791381370.641 5964344
1791381370.696 5964344
1791381370.751 5964344
1791381370.806 5964344
1791381370.861 5964344
1791381370.916 5964344
1791381370.971 5964344
1791381371.026 5964344
1791381371.082 5964344
1791381371.137 5964344
1791381371.192 5964344
1791381371.247 5964344
1791381371.302 5964344
1791381371.357 5964344
1791381371.412 5964344
1791381371.467 5964344
1791381371.522 5964344
1791381371.577 5964344
1791381371.632 5964344
1791381371.687 5964344
1791381371.742 5964344
1791381371.797 5964344
1791381371.852 5964344
1791381371.907 5964344
1791381371.962 5964344
1791381372.017 5964344
1791381372.072 5964344
1791381372.127 5964344
1791381372.182 5964344
1791381372.237 5964344
1791381372.292 5964344
1791381372.347 5964344
1791381372.402 5964344
1791381372.457 5964344
1791381372.512 5964344
1791381372.567 5964344
1791381372.623 5964344
1791381372.678 5964344
1791381372.733 5964344
1791381372.788 5964344
1791381372.843 5964344
1791381372.898 5964344
1791381372.953 5964344
1791381373.008 5964344
1791381373.063 5964344
1791381373.118 5964344
1791381373.173 5964344
1791381373.228 5964344
1791381373.283 5964344
1791381373.338 5964344
1791381373.393 5964344
1791381373.448 5964344
1791381373.503 5964344
1791381373.558 5964344
1791381373.613 5964344
1791381373.669 5964344
1791381373.724 5964344
1791381373.779 5964344
1791381373.834 5964344
1791381373.889 5964344
1791381373.944 5964344
1791381373.999 5964344
1791381374.054 5964344
1791381374.109 5964344
1791381374.164 5964344
1791381374.219 5964344
1791381374.274 5964344
1791381374.329 5964344
1791381374.384 5964344
1791381374.439 5964344
1791381374.494 5964344
1791381374.549 5964344
1791381374.604 5964344
1791381374.656 5964344
1791381374.711 5964344
1791381374.766 5964344
1791381374.821 5964344
1791381374.876 5964344
1791381374.932 5964344
1791381374.987 5964344
1791381375.042 5964344
1791381375.097 5964344
1791381375.152 5964344
1791381375.208 5964344
1791381375.263 5964344
1791381375.318 5964344
1791381375.373 5964344
1791381375.428 5964344
1791381375.483 5964344
1791381375.538 5964344
1791381375.591 5964344
1791381375.642 5964344
1791381375.698 5964344
1791381375.753 5964344
1791381375.808 5964344
1791381375.863 5964344
1791381375.918 5964344
1791381375.973 5964344
1791381376.028 5964344
1791381376.083 5964344
1791381376.138 5964344
1791381376.193 5964344
1791381376.249 5964344
1791381376.304 5964344
1791381376.359 5964344
1791381376.414 5964344
1791381376.469 5964344
1791381376.524 5964344
1791381376.579 5964344
1791381376.634 5964344
1791381376.689 5964344
1791381376.744 5964344
1791381376.800 5964344
1791381376.855 5964344
1791381376.910 5964344
1791381376.965 5964344
1791381377.020 5964344
1791381377.075 5964344
1791381377.130 5964344
1791381377.185 5964344
1791381377.239 5964344
1791381377.294 5964344
1791381377.349 5964344
1791381377.404 5964344
1791381377.459 5964344
1791381377.511 5964344
1791381377.565 5964344
1791381377.620 5964344
1791381377.676 5964344
1791381377.731 5964344
1791381377.786 5964344
1791381377.842 5964344
1791381377.897 5964344
1791381377.952 5964344
1791381378.008 5964344
1791381378.063 5964344
1791381378.118 5964344
1791381378.173 5964344
1791381378.229 5964344
1791381378.284 5964344
1791381378.339 5964344
1791381378.394 5964344
1791381378.449 5964344
1791381378.504 5964344
1791381378.559 5964344
1791381378.614 5964344
1791381378.669 5964344
1791381378.724 5964344
1791381378.779 5964344
1791381378.830 5964344
1791381378.885 5964344
1791381378.940 5964344
1791381378.995 5964344
1791381379.050 5964344
1791381379.106 5964344
1791381379.158 5964344
1791381379.209 5964344
1791381379.260 5964344
1791381379.312 5964344
1791381379.367 5964344
1791381379.422 5964344
1791381379.478 5964344
1791381379.532 5964344
1791381379.587 5964344
1791381379.643 5964344
1791381379.697 5964344
1791381379.752 5964344
1791381379.807 5964344
1791381379.862 5964344
1791381379.917 5964344
1791381379.972 5964344
1791381380.027 5964344
1791381380.080 5964344
1791381380.135 5964344
1791381380.190 5964344
1791381380.246 5964344
1791381380.301 5964344
1791381380.356 5964344
1791381380.411 5964344
1791381380.466 5964344
1791381380.521 5964344
1791381380.576 5964344
1791381380.631 5964344
1791381380.687 5964344
1791381380.742 5964344
1791381380.793 5964344
1791381380.848 5964344
1791381380.899 5964344
1791381380.954 5964344
1791381381.009 5964344
1791381381.064 5964344
1791381381.119 5964344
1791381381.174 5964344
1791381381.229 5964344
1791381381.284 5964344
1791381381.340 5964344
1791381381.395 5964344
1791381381.450 5964344
1791381381.505 5964344
1791381381.560 5964344
1791381381.615 5964344
1791381381.670 5964344
1791381381.725 5964344
1791381381.780 5964344
1791381381.835 5964536
1791381381.889 5964536
1791381381.944 5964536
1791381381.997 5964728
1791381382.048 5966840
1791381382.100 5975672
1791381382.151 5975864
1791381382.206 5975864
1791381382.262 5975864
1791381382.317 5975864
1791381382.372 5975864
1791381382.427 5975864
1791381382.482 5975864
1791381382.538 5975864
1791381382.593 5975864
1791381382.649 5976440
1791381382.704 5978168
1791381382.756 5978168
1791381382.811 5978168
1791381382.866 5978168
1791381382.921 5978168
1791381382.976 5978168
1791381383.031 5978168
1791381383.086 5978168
1791381383.141 5978168
1791381383.196 5978168
1791381383.251 5978168
1791381383.306 5978168
1791381383.361 5978168
1791381383.416 5978168
1791381383.471 5978168
1791381383.526 5978168
1791381383.581 5978168
1791381383.636 5978168
1791381383.691 5978168
1791381383.746 5978168
1791381383.801 5978168
1791381383.856 5978168
1791381383.911 5978168
1791381383.966 5978168
1791381384.021 5978168
1791381384.076 5978168
1791381384.131 5978360
1791381384.187 5978360
1791381384.242 5978360
1791381384.297 5978360
1791381384.352 5978360
1791381384.407 5978552
1791381384.462 5978552
1791381384.517 5978552
1791381384.572 5967228
1791381384.627 5967228
1791381384.682 5967228
1791381384.737 5967228
1791381384.790 5967228
1791381384.845 5967228
1791381384.900 5967228
1791381384.955 5967228
1791381385.011 5967228
1791381385.066 5967228
1791381385.119 5967228
1791381385.174 5967228
1791381385.228 5967228
1791381385.283 5967228
1791381385.338 5967228
1791381385.393 5967228
1791381385.448 5967228
1791381385.503 5967228
1791381385.558 5967228
1791381385.614 5967228
1791381385.669 5967228
1791381385.724 5967228
1791381385.779 5967228
1791381385.834 5967228
1791381385.889 5967228
1791381385.944 5967228
1791381385.999 5967228
1791381386.054 5967228
1791381386.110 5967228
1791381386.165 5967228
1791381386.220 5967228
1791381386.275 5967228
1791381386.331 5967228
1791381386.386 5967228
1791381386.441 5967228
1791381386.496 5967228
1791381386.551 5967228
1791381386.606 5967228
1791381386.661 5967228
1791381386.716 5967228
1791381386.771 5967228
1791381386.826 5967228
1791381386.881 5967228
1791381386.936 5967228
1791381386.991 5967228
1791381387.046 5967228
1791381387.102 5967228
1791381387.157 5967228
1791381387.212 5967228
1791381387.267 5967228
1791381387.322 5967228
1791381387.377 5967228
1791381387.432 5967228
1791381387.487 5967228
1791381387.542 5967228
1791381387.597 5967228
1791381387.652 5967228
1791381387.707 5967228
1791381387.762 5967228
1791381387.817 5967228
1791381387.872 5967228
1791381387.927 5967228
1791381387.983 5967228
1791381388.038 5967228
1791381388.093 5967228
1791381388.148 5967228
1791381388.203 5967228
1791381388.258 5967228
1791381388.313 5967228
1791381388.368 5967228
1791381388.423 5967228
1791381388.478 5967228
1791381388.533 5967228
1791381388.588 5967228
1791381388.643 5967228
1791381388.698 5967228
1791381388.753 5967228
1791381388.808 5967228
1791381388.863 5967228
1791381388.918 5967228
1791381388.973 5967228
1791381389.028 5967228
1791381389.083 5967228
1791381389.138 5967228
1791381389.193 5967228
1791381389.248 5967228
1791381389.303 5967228
1791381389.358 5967228
1791381389.413 5967228
1791381389.468 5967228
1791381389.523 5967228
1791381389.578 5967228
1791381389.633 5967228
1791381389.689 5967228
1791381389.744 5967228
1791381389.799 5967228
1791381389.854 5967228
1791381389.909 5967228
1791381389.964 5967228
1791381390.019 5967228
1791381390.073 5967228
1791381390.128 5967228
1791381390.183 5967228
1791381390.238 5967228
1791381390.293 5967228
1791381390.348 5967228
1791381390.403 5967228
1791381390.459 5967228
1791381390.514 5967228
1791381390.569 5967228
1791381390.624 5967228
1791381390.679 5967228
1791381390.734 5967228
1791381390.789 5967228
1791381390.844 5967228
1791381390.899 5967228
1791381390.954 5967228
1791381391.009 5967228
1791381391.064 5967228
1791381391.119 5967228
1791381391.174 5967228
1791381391.229 5967228
1791381391.284 5967228
1791381391.339 5967228
1791381391.394 5967228
1791381391.449 5967228
1791381391.505 5967228
1791381391.560 5967228
1791381391.615 5967228
1791381391.670 5967228
1791381391.725 5967228
1791381391.780 5967228
1791381391.835 5967228
1791381391.890 5967228
1791381391.945 5967228
1791381392.000 5967228
1791381392.055 5967228
1791381392.110 5967228
1791381392.165 5967228
1791381392.225 5967228
1791381392.280 5967228
1791381392.335 5967228
1791381392.390 5967228
1791381392.445 5967228
1791381392.500 5967228
1791381392.555 5967228
1791381392.610 5967228
1791381392.665 5967228
1791381392.717 5967420
1791381392.769 5967420
1791381392.824 5967420
1791381392.880 5967420
1791381392.935 5967420
1791381392.990 5967420
1791381393.044 5967420
1791381393.099 5967420
1791381393.154 5967420
1791381393.208 5967420
1791381393.263 5967420
1791381393.317 5967420
1791381393.372 5967420
1791381393.427 5967420
1791381393.481 5967420
1791381393.537 5967420
1791381393.592 5967420
1791381393.647 5967420
1791381393.702 5967612
1791381393.757 5967612
1791381393.812 5967612
1791381393.867 5967612
1791381393.923 5967612
1791381393.978 5967612
1791381394.033 5967612
1791381394.088 5967612
1791381394.143 5967612
1791381394.198 5967612
1791381394.254 5967612
1791381394.309 5967612
1791381394.364 5967612
1791381394.419 5967612
1791381394.474 5967612
1791381394.529 5967612
1791381394.584 5967612
1791381394.640 5967612
1791381394.695 5967612
1791381394.750 5967612
1791381394.805 5967612
1791381394.860 5967612
1791381394.915 5967612
1791381394.966 5967612
1791381395.021 5973564
1791381395.074 5977596
1791381395.126 5977596
1791381395.182 5977596
1791381395.237 5977596
1791381395.293 5977596
1791381395.348 5977596
1791381395.403 5977596
1791381395.459 5977596
1791381395.515 5977596
1791381395.570 5977596
1791381395.625 5977596
1791381395.680 5977596
1791381395.736 5977596
1791381395.791 5977596
1791381395.846 5977596
1791381395.901 5977596
1791381395.957 5977596
1791381396.012 5977596
1791381396.067 5977596
1791381396.123 5977596
1791381396.178 5977596
1791381396.233 5977596
1791381396.288 5977596
1791381396.344 5977596
1791381396.399 5977596
1791381396.454 5977596
1791381396.510 5977596
1791381396.565 5977596
1791381396.620 5977596
1791381396.675 5977596
1791381396.731 5977596
1791381396.786 5977596
1791381396.841 5977596
1791381396.897 5977596
1791381396.952 5977596
1791381397.007 5977596
1791381397.062 5977596
1791381397.114 5977596
1791381397.166 5977596
1791381397.221 5977596
1791381397.276 5977596
1791381397.332 5977596
1791381397.387 5977596
1791381397.442 5977596
1791381397.497 5977596
1791381397.553 5977596
1791381397.608 5977596
1791381397.663 5977596
1791381397.719 5977596
1791381397.774 5977596
1791381397.829 5977596
1791381397.885 5977596
1791381397.938 5977596
1791381397.994 5977596
1791381398.049 5977596
1791381398.105 5977596
1791381398.160 5977596
1791381398.215 5977596
1791381398.271 5977596
1791381398.326 5977596
1791381398.381 5977596
1791381398.436 5977596
1791381398.492 5977596
1791381398.547 5977596
1791381398.602 5977596
1791381398.657 5977596
1791381398.713 5977596
1791381398.768 5977596
1791381398.824 5977596
1791381398.879 5977596
1791381398.934 5977596
1791381398.990 5977596
1791381399.045 5977596
1791381399.100 5977596
1791381399.156 5977596
1791381399.211 5977596
1791381399.266 5977596
1791381399.321 5977596
1791381399.377 5977596
1791381399.432 5977596
1791381399.487 5977596
1791381399.542 5977596
1791381399.597 5977596
1791381399.653 5977596
1791381399.708 5977596
1791381399.763 5977596
1791381399.818 5977596
1791381399.874 5977596
1791381399.929 5977596
1791381399.984 5977596
1791381400.039 5977596
1791381400.094 5977596
1791381400.150 5977596
1791381400.205 5977596
1791381400.260 5977596
1791381400.315 5977596
1791381400.370 5977596
1791381400.425 5977596
1791381400.480 5977596
1791381400.535 5977596
1791381400.591 5977596
1791381400.646 5977596
1791381400.701 5977596
1791381400.756 5977596
1791381400.811 5977596
1791381400.866 5977596
1791381400.921 5977596
1791381400.977 5977596
1791381401.032 5977596
1791381401.087 5977596
1791381401.141 5977596
1791381401.196 5977596
1791381401.252 5977596
1791381401.307 5977596
1791381401.362 5977596
1791381401.417 5977596
1791381401.472 5977596
1791381401.527 5977596
1791381401.582 5977596
1791381401.637 5977596
1791381401.693 5977596
1791381401.748 5977596
1791381401.803 5977596
1791381401.858 5977596
1791381401.913 5977596
1791381401.969 5977596
1791381402.024 5977596
1791381402.079 5977596
1791381402.134 5977596
1791381402.190 5977596
1791381402.245 5977596
1791381402.300 5977596
1791381402.355 5977596
1791381402.410 5977596
1791381402.465 5977596
1791381402.521 5977596
1791381402.576 5977596
1791381402.631 5977596
1791381402.686 5977596
1791381402.741 5977596
1791381402.796 5977596
1791381402.851 5977596
1791381402.906 5977596
1791381402.962 5977596
1791381403.017 5977596
1791381403.072 5977596
1791381403.127 5977596
1791381403.182 5977596
1791381403.237 5977596
1791381403.293 5977596
1791381403.348 5977596
1791381403.403 5977596
1791381403.459 5977596
1791381403.514 5977596
1791381403.569 5977596
1791381403.624 5977596
1791381403.679 5977596
1791381403.734 5977596
1791381403.789 5977596
1791381403.845 5977596
1791381403.900 5977596
1791381403.955 5977596
1791381404.010 5977596
1791381404.065 5977596
1791381404.120 5977596
1791381404.175 5977596
1791381404.230 5977596
1791381404.286 5977596
1791381404.341 5977596
1791381404.396 5977596
1791381404.451 5977596
1791381404.506 5977596
1791381404.561 5977596
1791381404.616 5977596
1791381404.671 5977596
1791381404.727 5977596
1791381404.782 5977596
1791381404.837 5977596
1791381404.892 5977596
1791381404.947 5977596
1791381405.002 5977596
1791381405.057 5977596
1791381405.112 5977596
1791381405.167 5977596
1791381405.222 5977596
1791381405.277 5977596
1791381405.331 5977596
1791381405.387 5977596
1791381405.442 5977596
1791381405.497 5977596
1791381405.552 5977596
1791381405.607 5977596
1791381405.663 5977596
1791381405.718 5977596
1791381405.773 5977596
1791381405.828 5977596
1791381405.883 5977596
1791381405.938 5977596
1791381405.993 5977596
1791381406.048 5977596
1791381406.104 5977596
1791381406.159 5977596
1791381406.214 5977596
1791381406.269 5977596
1791381406.324 5977596
1791381406.379 5977596
1791381406.434 5977596
1791381406.489 5977596
1791381406.544 5977596
1791381406.599 5977596
1791381406.655 5977596
1791381406.710 5977596
1791381406.765 5977596
1791381406.820 5977596
1791381406.875 5977596
1791381406.930 5977596
1791381406.985 5977596
1791381407.040 5977596
1791381407.095 5977596
1791381407.151 5977596
1791381407.206 5977596
1791381407.261 5977596
1791381407.316 5977596
1791381407.371 5977596
1791381407.426 5977596
1791381407.481 5977596
1791381407.537 5977596
1791381407.592 5977596
1791381407.644 5977596
1791381407.699 5977596
1791381407.754 5977596
1791381407.809 5977596
1791381407.864 5977596
1791381407.919 5977596
1791381407.973 5977596
1791381408.028 5977596
1791381408.083 5977596
1791381408.138 5977596
1791381408.193 5977596
1791381408.248 5977596
1791381408.304 5977596
1791381408.359 5977596
1791381408.414 5977596
1791381408.469 5977596
1791381408.524 5977596
1791381408.579 5977596
1791381408.634 5977596
1791381408.689 5977596
1791381408.744 5977596
1791381408.799 5977596
1791381408.851 5977596
1791381408.906 5977596
1791381408.961 5977596
1791381409.016 5977596
1791381409.071 5977596
1791381409.126 5977596
1791381409.182 5977596
1791381409.237 5977596
1791381409.292 5977596
1791381409.347 5977596
1791381409.402 5977596
1791381409.457 5977596
1791381409.512 5977596
1791381409.567 5977596
1791381409.623 5977596
1791381409.678 5977596
1791381409.733 5977596
1791381409.788 5977596
1791381409.843 5977596
1791381409.898 5977596
1791381409.954 5977596
1791381410.009 5977596
1791381410.064 5977596
1791381410.119 5977596
1791381410.174 5977596
1791381410.229 5977596
1791381410.284 5977596
1791381410.339 5977596
1791381410.394 5977596
1791381410.449 5977596
1791381410.504 5977596
1791381410.560 5977596
1791381410.615 5977596
1791381410.670 5977596
1791381410.725 5977596
1791381410.780 5977596
1791381410.835 5977596
1791381410.890 5977596
1791381410.941 5977596
1791381410.997 5977596
1791381411.052 5977596
1791381411.107 5977596
1791381411.162 5977596
1791381411.217 5977596
1791381411.272 5977596
1791381411.327 5977596
1791381411.383 5977596
1791381411.439 5977596
1791381411.494 5977596
1791381411.549 5977596
1791381411.605 5977596
1791381411.659 5977596
1791381411.712 5977596
1791381411.767 5977596
1791381411.822 5977596
1791381411.877 5977596
1791381411.932 5977596
1791381411.988 5977596
1791381412.043 5977596
1791381412.099 5977596
1791381412.154 5977596
1791381412.209 5977596
1791381412.264 5977596
1791381412.319 5977596
1791381412.374 5977596
1791381412.429 5977596
1791381412.484 5977596
1791381412.540 5977596
1791381412.595 5977596
1791381412.650 5977596
1791381412.705 5977596
1791381412.760 5977596
1791381412.815 5977596
1791381412.870 5977596
1791381412.925 5977596
1791381412.980 5977596
1791381413.035 5977596
1791381413.090 5977596
1791381413.145 5977596
1791381413.200 5977596
1791381413.255 5977596
1791381413.310 5977596
1791381413.362 5977596
1791381413.418 5977596
1791381413.471 5977596
1791381413.526 5977596
1791381413.581 5977596
1791381413.632 5977596
1791381413.683 5977596
1791381413.735 5977596
1791381413.789 5977596
1791381413.844 5977596
1791381413.899 5977596
1791381413.954 5977596
1791381414.009 5977596
1791381414.064 5977596
1791381414.119 5977596
1791381414.174 5977596
1791381414.228 5977596
1791381414.284 5977596
1791381414.339 5977596
1791381414.394 5977596
1791381414.449 5977596
1791381414.504 5977596
1791381414.559 5977596
1791381414.615 5977596
1791381414.670 5977596
1791381414.725 5977596
1791381414.780 5977596
1791381414.835 5977596
1791381414.890 5977596
1791381414.945 5977596
1791381415.000 5977596
1791381415.055 5977596
1791381415.110 5977596
1791381415.166 5977596
1791381415.221 5977596
1791381415.276 5977596
1791381415.331 5977596
1791381415.386 5977596
1791381415.441 5977596
1791381415.496 5977596
1791381415.551 5977596
1791381415.607 5977596
1791381415.662 5977596
1791381415.717 5977596
1791381415.772 5977596
1791381415.827 5977596
1791381415.882 5977596
1791381415.937 5977596
1791381415.992 5977596
1791381416.047 5977596
1791381416.103 5977596
1791381416.158 5977596
1791381416.213 5977596
1791381416.268 5977596
1791381416.323 5977596
1791381416.378 5977596
1791381416.434 5977596
1791381416.489 5977596
1791381416.544 5977596
1791381416.599 5977596
1791381416.654 5977596
1791381416.709 5977596
1791381416.764 5977596
1791381416.820 5977596
1791381416.875 5977596
1791381416.930 5977596
1791381416.985 5977596
1791381417.041 5977596
1791381417.096 5977596
1791381417.151 5977596
1791381417.205 5977596
1791381417.261 5977596
1791381417.316 5977596
1791381417.371 5977596
1791381417.426 5977596
1791381417.482 5977596
1791381417.537 5977596
1791381417.592 5977596
1791381417.647 5977596
1791381417.702 5977596
1791381417.757 5977596
1791381417.812 5977596
1791381417.867 5977596
1791381417.922 5977596
1791381417.977 5977596
1791381418.032 5977596
1791381418.087 5977596
1791381418.143 5977596
1791381418.198 5977596
1791381418.253 5977596
1791381418.308 5977596
1791381418.363 5977596
1791381418.418 5977596
1791381418.473 5977596
1791381418.528 5977980
1791381418.579 5977980
1791381418.634 5977980
1791381418.689 5977980
1791381418.744 5978172
1791381418.796 5978940
1791381418.852 5978940
1791381418.903 5987964
1791381418.954 6001596
1791381419.005 6005712
1791381419.057 6001992
1791381419.108 6002376
1791381419.159 6006600
1791381419.211 6006600
1791381419.262 6006600
1791381419.317 6006600
1791381419.372 6006600
1791381419.427 6006600
1791381419.482 6006600
1791381419.538 6006600
1791381419.593 6006600
1791381419.648 5977408
1791381419.703 5979520
1791381419.754 5979520
1791381419.809 5979520
1791381419.865 5979520
1791381419.920 5979520
1791381419.975 5979520
1791381420.030 5979520
1791381420.085 5979520
1791381420.140 5979520
1791381420.195 5979520
1791381420.250 5979520
1791381420.305 5979520
1791381420.360 5979520
1791381420.415 5979520
1791381420.470 5979520
1791381420.525 5979520
1791381420.580 5979520
1791381420.635 5979520
1791381420.690 5979520
1791381420.745 5979520
1791381420.800 5979520
1791381420.856 5979520
1791381420.911 5979520
1791381420.966 5979520
1791381421.021 5979520
1791381421.076 5979520
1791381421.131 5979520
1791381421.186 5979520
1791381421.241 5979520
1791381421.296 5979520
1791381421.351 5979520
1791381421.406 5979520
1791381421.461 5979520
1791381421.516 5979520
1791381421.571 5979520
1791381421.626 5979520
1791381421.681 5979520
1791381421.737 5979520
1791381421.792 5979520
1791381421.847 5979520
1791381421.902 5979520
1791381421.957 5979520
1791381422.012 5979520
1791381422.065 5979520
1791381422.120 5979520
1791381422.175 5979520
1791381422.230 5979520
1791381422.285 5979520
1791381422.340 5979520
1791381422.395 5979520
1791381422.450 5979520
1791381422.505 5979520
1791381422.560 5979520
1791381422.615 5979520
1791381422.671 5979520
1791381422.726 5979520
1791381422.781 5979520
1791381422.836 5979520
1791381422.891 5979520
1791381422.946 5979520
1791381423.001 5979520
1791381423.056 5979520
1791381423.111 5979520
1791381423.166 5979520
1791381423.221 5979520
1791381423.276 5979520
1791381423.331 5979520
1791381423.386 5979520
1791381423.441 5979520
1791381423.496 5979520
1791381423.551 5979520
1791381423.607 5979520
1791381423.662 5979520
1791381423.717 5979520
1791381423.772 5979520
1791381423.827 5979520
1791381423.882 5979520
1791381423.937 5979520
1791381423.992 5979520
1791381424.047 5979520
1791381424.102 5979520
1791381424.154 5979520
1791381424.205 5979520
1791381424.257 5979520
1791381424.308 5979520
1791381424.359 5979520
1791381424.414 5979520
1791381424.469 5979520
1791381424.524 5979520
1791381424.576 5979520
1791381424.627 5979520
1791381424.682 5979520
1791381424.738 5979520
1791381424.790 5979520
1791381424.845 5979520
1791381424.897 5979520
1791381424.949 5979520
1791381425.005 5979520
1791381425.060 5979520
1791381425.115 5979520
1791381425.170 5979520
1791381425.226 5979520
1791381425.281 5979520
1791381425.336 5979520
1791381425.391 5979520
1791381425.446 5979520
1791381425.501 5979520
1791381425.556 5979520
1791381425.611 5979520
1791381425.666 5979520
1791381425.721 5979520
1791381425.777 5979520
1791381425.832 5979520
1791381425.887 5979520
1791381425.942 5979520
1791381425.997 5979520
1791381426.052 5979520
1791381426.104 5979520
1791381426.159 5979520
1791381426.214 5979520
1791381426.269 5979520
1791381426.324 5979520
1791381426.379 5979520
1791381426.435 5979520
1791381426.490 5979520
1791381426.545 5979520
1791381426.600 5979520
1791381426.656 5979520
1791381426.711 5979520
1791381426.766 5979520
1791381426.822 5979520
1791381426.877 5979520
1791381426.932 5979520
1791381426.987 5979520
1791381427.042 5979520
1791381427.097 5979520
1791381427.153 5979520
1791381427.208 5979520
1791381427.263 5979520
1791381427.318 5979520
1791381427.373 5979712
1791381427.428 5979712
1791381427.483 5979712
1791381427.539 5979712
1791381427.594 5979712
1791381427.649 5979712
1791381427.704 5979712
1791381427.759 5979712
1791381427.815 5979712
1791381427.870 5979712
1791381427.925 5979904
1791381427.980 5979904
1791381428.035 5979904
1791381428.090 5979904
1791381428.145 5979904
1791381428.201 5979904
1791381428.256 5979904
1791381428.311 5979904
1791381428.366 5979904
1791381428.422 5979904
1791381428.477 5980288
1791381428.532 5980288
1791381428.588 5980288
1791381428.643 5980288
1791381428.698 5980288
1791381428.753 5980288
1791381428.810 5980288
1791381428.865 5980288
1791381428.920 5980480
1791381428.975 5980480
1791381429.030 5980480
1791381429.085 5980480
1791381429.140 5980480
1791381429.196 5980480
1791381429.251 5980480
1791381429.306 5980480
1791381429.361 5980480
1791381429.416 5980480
1791381429.471 5980480
1791381429.526 5980480
1791381429.581 5980480
1791381429.636 5980480
1791381429.691 5980480
1791381429.746 5980480
1791381429.802 5980480
1791381429.857 5980480
1791381429.912 5980480
1791381429.967 5980480
1791381430.022 5980480
1791381430.077 5980480
1791381430.131 5980480
1791381430.187 5980480
1791381430.242 5980480
1791381430.297 5980480
1791381430.353 5980480
1791381430.408 5980480
1791381430.463 5980480
1791381430.519 5980480
1791381430.574 5980480
1791381430.629 5980480
1791381430.684 5980480
1791381430.739 5980480
1791381430.794 5980480
1791381430.849 5980480
1791381430.904 5980480
1791381430.959 5980480
1791381431.014 5980480
1791381431.069 5980480
1791381431.124 5980480
1791381431.179 5980480
1791381431.235 5980480
1791381431.290 5980480
1791381431.345 5980480
1791381431.400 5980480
1791381431.455 5980480
1791381431.510 5980480
1791381431.565 5980480
1791381431.620 5980480
1791381431.675 5980480
1791381431.731 5980480
1791381431.786 5980480
1791381431.841 5980480
1791381431.896 5980480
1791381431.951 5980480
1791381432.006 5980480
1791381432.062 5980480
1791381432.117 5980480
1791381432.172 5980480
1791381432.227 5980480
1791381432.282 5980480
1791381432.338 5980480
1791381432.393 5980480
1791381432.448 5980480
1791381432.503 5980480
1791381432.558 5980480
1791381432.613 5980480
1791381432.668 5980480
1791381432.721 5980480
1791381432.776 5980480
1791381432.831 5980480
1791381432.886 5980480
1791381432.941 5980480
1791381432.996 5980480
1791381433.051 5980480
1791381433.106 5980480
1791381433.162 5980480
1791381433.217 5980480
1791381433.272 5980480
1791381433.327 5980480
1791381433.382 5980480
1791381433.437 5980480
1791381433.492 5980480
1791381433.547 5980480
1791381433.602 5980480
1791381433.657 5980480
1791381433.712 5980480
1791381433.768 5980480
1791381433.823 5980480
1791381433.878 5980480
1791381433.933 5980480
1791381433.988 5980480
1791381434.043 5980480
1791381434.098 5980480
1791381434.154 5980480
1791381434.209 5980480
1791381434.264 5980480
1791381434.319 5980480
1791381434.374 5980480
1791381434.429 5980480
1791381434.484 5980480
1791381434.539 5980480
1791381434.594 5980480
1791381434.649 5980480
1791381434.704 5980480
1791381434.759 5980480
1791381434.814 5980480
1791381434.869 5980480
1791381434.924 5980480
1791381434.979 5980480
1791381435.034 5980480
1791381435.090 5980480
1791381435.145 5980480
1791381435.200 5980480
1791381435.255 5980480
1791381435.310 5980480
1791381435.365 5980480
1791381435.420 5980480
1791381435.475 5980480
1791381435.530 5980480
1791381435.585 5980480
1791381435.641 5980480
1791381435.696 5980480
1791381435.751 5980480
1791381435.806 5980480
1791381435.861 5980480
1791381435.916 5980480
1791381435.971 5980480
1791381436.026 5980480
1791381436.081 5980480
1791381436.136 5980480
1791381436.191 5980480
1791381436.246 5980480
1791381436.301 5980480
1791381436.356 5980480
1791381436.411 5980480
1791381436.466 5980480
1791381436.519 5980480
1791381436.574 5980480
1791381436.630 5980480
1791381436.685 5980480
1791381436.741 5980480
1791381436.796 5980480
1791381436.851 5980480
1791381436.907 5980480
1791381436.962 5980480
1791381437.014 5980480
1791381437.067 5980480
1791381437.123 5980480
1791381437.178 5980480
1791381437.233 5980480
1791381437.288 5980480
1791381437.343 5980480
1791381437.399 5980480
1791381437.454 5980480
1791381437.509 5980480
1791381437.564 5980480
1791381437.619 5980480
1791381437.674 5980480
1791381437.729 5980480
1791381437.784 5980480
1791381437.840 5980480
1791381437.895 5980480
1791381437.950 5980480
1791381438.002 5980480
1791381438.057 5980480
1791381438.113 5980480
1791381438.168 5980480
1791381438.223 5980480
1791381438.278 5980480
1791381438.333 5980480
1791381438.389 5980480
1791381438.444 5980480
1791381438.499 5980480
1791381438.554 5980480
1791381438.609 5980480
1791381438.664 5980480
1791381438.719 5980480
1791381438.774 5980480
1791381438.825 5980480
1791381438.877 5980480
1791381438.931 5980480
1791381438.987 5980480
1791381439.043 5980480
1791381439.098 5980480
1791381439.149 5980480
1791381439.204 5980480
1791381439.259 5980480
1791381439.314 5980480
1791381439.368 5980480
1791381439.424 5980480
1791381439.477 5980480
1791381439.528 5980480
1791381439.580 5980480
1791381439.631 5980480
1791381439.685 5980480
1791381439.740 5980480
1791381439.795 5980480
1791381439.850 5980480
1791381439.906 5980480
1791381439.961 5980480
1791381440.012 5980480
1791381440.067 5980480
1791381440.122 5980480
1791381440.177 5980480
1791381440.232 5980480
1791381440.287 5980480
1791381440.342 5980480
1791381440.397 5980480
1791381440.453 5980480
1791381440.508 5980480
1791381440.562 5980480
1791381440.617 5980480
1791381440.673 5980480
1791381440.728 5980480
1791381440.783 5980480
1791381440.838 5980480
1791381440.893 5980480
1791381440.948 5980480
1791381441.003 5980480
1791381441.058 5980480
1791381441.113 5980480
1791381441.168 5980480
1791381441.224 5980480
1791381441.279 5980480
1791381441.334 5980480
1791381441.389 5980480
1791381441.444 5980480
1791381441.500 5980480
1791381441.555 5980480
1791381441.610 5980480
1791381441.663 5980672
1791381441.718 5980672
1791381441.773 5980672
1791381441.829 5980672
1791381441.884 5980672
1791381441.939 5980672
1791381441.994 5980672
1791381442.049 5980672
1791381442.104 5980672
1791381442.159 5980672
1791381442.212 5980672
1791381442.267 5980672
1791381442.322 5980672
1791381442.377 5980672
1791381442.432 5980672
1791381442.487 5980672
1791381442.543 5980672
1791381442.597 5980864
1791381442.649 5980864
1791381442.703 5980864
1791381442.757 5980864
1791381442.810 5981248
1791381442.862 5981440
1791381442.915 5981632
1791381442.970 5982208
1791381443.025 5982400
1791381443.080 5982592
1791381443.135 5982592
1791381443.190 5982592
1791381443.245 5982592
1791381443.300 5982592
1791381443.355 5982592
1791381443.410 5982592
1791381443.465 5982592
1791381443.520 5982592
1791381443.575 5982592
1791381443.630 5982976
1791381443.685 5984512
1791381443.737 5984512
1791381443.792 5984512
1791381443.847 5984512
1791381443.902 5984512
1791381443.957 5984512
1791381444.011 5984512
1791381444.066 5984512
1791381444.121 5984512
1791381444.176 5984512
1791381444.231 5984512
1791381444.286 5984512
1791381444.341 5984512
1791381444.396 5984512
1791381444.451 5984512
1791381444.506 5984512
1791381444.561 5984512
1791381444.616 5984512
1791381444.671 5984512
1791381444.726 5984512
1791381444.781 5984512
1791381444.836 5984704
1791381444.891 5984704
1791381444.946 5984704
1791381445.001 5984704
1791381445.057 5984704
1791381445.113 5984704
1791381445.168 5984704
1791381445.223 5984704
1791381445.278 5984704
1791381445.333 5984704
1791381445.388 5984704
1791381445.443 5984704
1791381445.498 5984704
1791381445.553 5984704
1791381445.608 5984704
1791381445.663 5984704
1791381445.717 5984704
1791381445.772 5984704
1791381445.827 5984704
1791381445.882 5984704
1791381445.937 5984704
1791381445.993 5984704
1791381446.048 5984704
1791381446.103 5984704
1791381446.158 5984704
1791381446.213 5984704
1791381446.268 5984704
1791381446.324 5984704
1791381446.379 5984704
1791381446.435 5984704
1791381446.490 5984704
1791381446.545 5984704
1791381446.600 5984704
1791381446.655 5984704
1791381446.710 5984704
1791381446.765 5984704
1791381446.820 5984704
1791381446.875 5984704
1791381446.930 5984704
1791381446.985 5984704
1791381447.040 5984704
1791381447.095 5984704
1791381447.150 5984704
1791381447.205 5984704
1791381447.261 5984704
1791381447.316 5984704
1791381447.371 5984704
1791381447.426 5984704
1791381447.481 5984704
1791381447.536 5984704
1791381447.591 5984704
1791381447.646 5984704
1791381447.701 5984704
1791381447.756 5984704
1791381447.811 5984704
1791381447.866 5984896
1791381447.921 5984896
1791381447.976 5984896
1791381448.031 5984896
1791381448.086 5984896
1791381448.142 5984896
1791381448.196 5984896
1791381448.249 5984896
1791381448.304 5984896
1791381448.359 5984896
1791381448.414 5984896
1791381448.469 5984896
1791381448.524 5984896
1791381448.579 5984896
1791381448.634 5984896
1791381448.689 5984896
1791381448.744 5984896
1791381448.799 5984896
1791381448.854 5984896
1791381448.910 5984896
1791381448.964 5984896
1791381449.020 5984896
1791381449.075 5984896
1791381449.130 5984896
1791381449.185 5984896
1791381449.240 5984896
1791381449.295 5984896
1791381449.350 5984896
1791381449.405 5984896
1791381449.460 5984896
1791381449.515 5984896
1791381449.570 5984896
1791381449.625 5984896
1791381449.680 5984896
1791381449.735 5984896
1791381449.790 5984896
1791381449.846 5984896
1791381449.901 5984896
1791381449.956 5984896
1791381450.011 5984896
1791381450.066 5984896
1791381450.121 5984896
1791381450.176 5984896
1791381450.231 5984896
1791381450.286 5984896
1791381450.341 5984896
1791381450.396 5984896
1791381450.451 5984896
1791381450.506 5984896
1791381450.561 5984896
1791381450.616 5984896
1791381450.671 5984896
1791381450.726 5984896
1791381450.781 5984896
1791381450.836 5984896
1791381450.891 5984896
1791381450.946 5984896
1791381451.001 5984896
1791381451.056 5984896
1791381451.111 5984896
1791381451.166 5984896
1791381451.221 5984896
1791381451.276 5984896
1791381451.331 5984896
1791381451.386 5984896
1791381451.441 5984896
1791381451.496 5984896
1791381451.551 5984896
1791381451.607 5984896
1791381451.662 5984896
1791381451.717 5984896
1791381451.772 5984896
1791381451.827 5984896
1791381451.882 5984896
1791381451.937 5984896
1791381451.992 5984896
1791381452.047 5984896
1791381452.102 5984896
1791381452.157 5984896
1791381452.212 5984896
1791381452.267 5984896
1791381452.323 5984896
1791381452.378 5984896
1791381452.433 5984896
1791381452.488 5984896
1791381452.543 5984896
1791381452.598 5984896
1791381452.653 5984896
1791381452.708 5984896
1791381452.760 5984896
1791381452.815 5984896
1791381452.870 5984896
1791381452.925 5984896
1791381452.980 5984896
1791381453.036 5984896
1791381453.091 5984896
1791381453.146 5984896
1791381453.201 5984896
1791381453.256 5984896
1791381453.311 5984896
1791381453.366 5984896
1791381453.421 5984896
1791381453.476 5984896
1791381453.531 5984896
1791381453.586 5984896
1791381453.641 5984896
1791381453.696 5984896
1791381453.751 5984896
1791381453.806 5984896
1791381453.861 5984896
1791381453.916 5984896
1791381453.971 5984896
1791381454.026 5984896
1791381454.082 5984896
1791381454.137 5984896
1791381454.192 5984896
1791381454.247 5984896
1791381454.302 5984896
1791381454.357 5984896
1791381454.412 5984896
1791381454.467 5984896
1791381454.523 5984896
1791381454.578 5984896
1791381454.633 5984896
1791381454.688 5984896
1791381454.743 5984896
1791381454.798 5984896
1791381454.854 5984896
1791381454.909 5984896
1791381454.964 5984896
1791381455.019 5984896
1791381455.074 5984896
1791381455.127 5984896
1791381455.180 5984896
1791381455.234 5984896
1791381455.289 5984896
1791381455.345 5984896
1791381455.400 5984896
1791381455.455 5984896
1791381455.510 5984896
1791381455.565 5984896
1791381455.620 5984896
1791381455.675 5984896
1791381455.730 5984896
1791381455.785 5984896
1791381455.840 5984896
1791381455.895 5984896
1791381455.950 5984896
1791381456.005 5984896
1791381456.060 5984896
1791381456.115 5984896
1791381456.170 5984896
1791381456.225 5984896
1791381456.281 5984896
1791381456.336 5984896
1791381456.391 5984896
1791381456.446 5984896
1791381456.501 5984896
1791381456.556 5984896
1791381456.611 5984896
1791381456.666 5984896
1791381456.721 5984896
1791381456.776 5984896
1791381456.831 5984896
1791381456.886 5984896
1791381456.941 5984896
1791381456.996 5984896
1791381457.051 5984896
1791381457.109 5984896
1791381457.161 5984896
1791381457.216 5984896
1791381457.271 5984896
1791381457.327 5984896
1791381457.382 5984896
1791381457.437 5984896
1791381457.492 5984896
1791381457.547 5984896
1791381457.602 5984896
1791381457.657 5984896
1791381457.712 5984896
1791381457.767 5984896
1791381457.822 5984896
1791381457.877 5984896
1791381457.932 5984896
1791381457.987 5984896
1791381458.039 5984896
1791381458.094 5984896
1791381458.149 5984896
1791381458.204 5984896
1791381458.259 5984896
1791381458.315 5984896
1791381458.370 5984896
1791381458.425 5984896
1791381458.480 5984896
1791381458.535 5984896
1791381458.590 5984896
1791381458.646 5984896
1791381458.701 5984896
1791381458.756 5984896
1791381458.811 5984896
1791381458.866 5984896
1791381458.921 5984896
1791381458.976 5984896
1791381459.030 5984896
1791381459.085 5984896
1791381459.140 5984896
1791381459.195 5984896
1791381459.250 5984896
1791381459.305 5984896
1791381459.360 5984896
1791381459.415 5984896
1791381459.470 5984896
1791381459.526 5984896
1791381459.581 5984896
1791381459.645 5984896
1791381459.700 5984896
1791381459.755 5984896
1791381459.810 5984896
1791381459.865 5984896
1791381459.920 5984896
1791381459.975 5984896
1791381460.031 5984896
1791381460.086 5984896
1791381460.141 5984896
1791381460.196 5984896
1791381460.251 5984896
1791381460.306 5984896
1791381460.361 5984896
1791381460.416 5984896
1791381460.471 5984896
1791381460.526 5984896
1791381460.581 5984896
1791381460.636 5984896
1791381460.691 5984896
1791381460.746 5984896
1791381460.801 5984896
1791381460.856 5984896
1791381460.911 5984896
1791381460.967 5984896
1791381461.022 5984896
1791381461.077 5984896
1791381461.132 5984896
1791381461.188 5984896
1791381461.239 5984896
1791381461.295 5984896
1791381461.350 5984896
1791381461.405 5984896
1791381461.460 5984896
1791381461.515 5984896
1791381461.570 5985088
1791381461.625 5985088
1791381461.680 5985088
1791381461.735 5985088
1791381461.791 5985088
1791381461.846 5985088
1791381461.901 5985088
1791381461.956 5985280
1791381462.011 5985472
1791381462.066 5985472
1791381462.121 5985664
1791381462.173 5985664
1791381462.225 5985664
1791381462.281 5985664
1791381462.336 5985664
1791381462.391 5985664
1791381462.446 5985664
1791381462.501 5985664
1791381462.556 5985664
1791381462.611 5986240
1791381462.666 5987968
1791381462.720 5987968
1791381462.775 5987968
1791381462.830 5987968
1791381462.885 5987968
1791381462.940 5987968
1791381462.995 5987968
1791381463.050 5987968
1791381463.105 5987968
1791381463.160 5989888
1791381463.212 5995840
1791381463.264 5995840
1791381463.315 5995840
1791381463.370 5995840
1791381463.423 5995840
1791381463.478 5995840
1791381463.533 5995840
1791381463.588 5995840
1791381463.643 5995840
1791381463.698 5995840
1791381463.754 5995840
1791381463.809 5995840
1791381463.864 5995840
1791381463.919 5995840
1791381463.974 5995840
1791381464.029 5995840
1791381464.084 5995840
1791381464.139 5995840
1791381464.195 5995840
1791381464.250 5995840
1791381464.305 5995840
1791381464.360 5995840
1791381464.415 5995840
1791381464.470 5995840
1791381464.525 5995840
1791381464.580 5995840
1791381464.636 5995840
1791381464.691 5995840
1791381464.745 5995840
1791381464.801 5995840
1791381464.856 5995840
1791381464.911 5995840
1791381464.966 5995840
1791381465.021 5995840
1791381465.076 5995840
1791381465.131 5995840
1791381465.186 5995840
1791381465.241 5995840
1791381465.296 5995840
1791381465.351 5995840
1791381465.406 5995840
1791381465.461 5995840
1791381465.516 5995840
1791381465.571 5995840
1791381465.628 5995840
1791381465.682 5995840
1791381465.737 5995840
1791381465.793 5995840
1791381465.848 5995840
1791381465.903 5995840
1791381465.958 5995840
1791381466.013 5995840
1791381466.068 5995840
1791381466.123 5995840
1791381466.178 5995840
1791381466.233 5995840
1791381466.288 5995840
1791381466.343 5995840
1791381466.398 5995840
1791381466.454 5995840
1791381466.509 5995840
1791381466.564 5995840
1791381466.619 5995840
1791381466.674 5995840
1791381466.729 5995840
1791381466.784 5995840
1791381466.839 5995840
1791381466.894 5995840
1791381466.949 5995840
1791381467.004 5995840
1791381467.059 5995840
1791381467.114 5995840
1791381467.169 5995840
1791381467.224 5995840
1791381467.279 5995840
1791381467.334 5995840
1791381467.389 5995840
1791381467.445 5995840
1791381467.500 5995840
1791381467.555 5995840
1791381467.610 5995840
1791381467.665 5995840
1791381467.720 5995840
1791381467.775 5995840
1791381467.830 5995840
1791381467.885 5995840
1791381467.940 5995840
1791381467.995 5995840
1791381468.050 5995840
1791381468.105 5995840
1791381468.160 5995840
1791381468.215 5995840
1791381468.270 5995840
1791381468.325 5995840
1791381468.380 5995840
1791381468.435 5995840
1791381468.490 5995840
1791381468.545 5995840
1791381468.600 5995840
1791381468.656 5995840
1791381468.711 5995840
1791381468.766 5995840
1791381468.820 5995840
1791381468.873 5995840
1791381468.928 5995840
1791381468.983 5995840
1791381469.038 5995840
1791381469.093 5995840
1791381469.148 5995840
1791381469.203 5995840
1791381469.258 5995840
1791381469.313 5995840
1791381469.368 5995840
1791381469.423 5995840
1791381469.478 5995840
1791381469.533 5995840
1791381469.588 5995840
1791381469.643 5995840
1791381469.698 5995840
1791381469.753 5995840
1791381469.808 5995840
1791381469.863 5995840
1791381469.919 5995840
1791381469.974 5995840
1791381470.029 5995840
1791381470.084 5995840
1791381470.139 5995840
1791381470.194 5995840
1791381470.249 5995840
1791381470.304 5995840
1791381470.359 5995840
1791381470.414 5995840
1791381470.469 5995840
1791381470.523 5995840
1791381470.575 5995840
1791381470.630 5995840
1791381470.686 5995840
1791381470.741 5995840
1791381470.796 5995840
1791381470.851 5995840
1791381470.907 5995840
1791381470.962 5995840
1791381471.017 5995840
1791381471.072 5995840
1791381471.127 5995840
1791381471.182 5995840
1791381471.237 5995840
1791381471.292 5995840
1791381471.347 5995840
1791381471.402 5995840
1791381471.457 5995840
1791381471.512 5995840
1791381471.568 5995840
1791381471.623 5995840
1791381471.678 5995840
1791381471.733 5995840
1791381471.788 5995840
1791381471.843 5995840
1791381471.898 5995840
1791381471.953 5995840
1791381472.008 5995840
1791381472.063 5995840
1791381472.115 5995840
1791381472.170 5995840
1791381472.225 5995840
1791381472.279 5995840
1791381472.334 5995840
1791381472.390 5995840
1791381472.445 5995840
1791381472.500 5995840
1791381472.555 5995840
1791381472.610 5995840
1791381472.665 5995840
1791381472.720 5995840
1791381472.774 5995840
1791381472.829 5995840
1791381472.884 5995840
1791381472.937 5995840
1791381472.992 5995840
1791381473.047 5995840
1791381473.102 5995840
1791381473.158 5995840
1791381473.213 5995840
1791381473.268 5995840
1791381473.323 5995840
1791381473.378 5995840
1791381473.433 5995840
1791381473.488 5995840
1791381473.543 5995840
1791381473.599 5995840
1791381473.654 5995840
1791381473.709 5995840
1791381473.764 5995840
1791381473.819 5995840
1791381473.874 5995840
1791381473.929 5995840
1791381473.984 5995840
1791381474.039 5995840
1791381474.094 5995840
1791381474.149 5995840
1791381474.204 5995840
1791381474.259 5995840
1791381474.314 5995840
1791381474.369 5995840
1791381474.424 5995840
1791381474.479 5995840
1791381474.534 5995840
1791381474.589 5995840
1791381474.644 5995840
1791381474.699 5995840
1791381474.755 5995840
1791381474.810 5995840
1791381474.865 5995840
1791381474.920 5995840
1791381474.975 5995840
1791381475.030 5995840
1791381475.085 5995840
1791381475.140 5995840
1791381475.195 5995840
1791381475.248 5995840
1791381475.303 5995840
1791381475.358 5995840
1791381475.413 5995840
1791381475.469 5995840
1791381475.524 5995840
1791381475.579 5995840
1791381475.634 5995840
1791381475.689 5995840
1791381475.744 5995840
1791381475.799 5995840
1791381475.855 5995840
1791381475.910 5995840
1791381475.965 5995840
1791381476.020 5995840
1791381476.075 5995840
1791381476.131 5995840
1791381476.186 5995840
1791381476.241 5995840
1791381476.296 5995840
1791381476.351 5995840
1791381476.406 5995840
1791381476.461 5995840
1791381476.516 5995840
1791381476.571 5995840
1791381476.626 5995840
1791381476.681 5995840
1791381476.736 5995840
1791381476.791 5995840
1791381476.846 5995840
1791381476.901 5995840
1791381476.957 5995840
1791381477.012 5995840
1791381477.067 5995840
1791381477.122 5995840
1791381477.177 5995840
1791381477.232 5995840
1791381477.287 5995840
1791381477.342 5995840
1791381477.398 5995840
1791381477.453 5995840
1791381477.508 5995840
1791381477.563 5995840
1791381477.618 5995840
1791381477.673 5995840
1791381477.728 5995840
1791381477.784 5995840
1791381477.839 5995840
1791381477.894 5995840
1791381477.949 5995840
1791381478.005 5995840
1791381478.059 5995840
1791381478.111 5995840
1791381478.166 5995840
1791381478.221 5995840
1791381478.276 5995840
1791381478.332 5995840
1791381478.387 5995840
1791381478.442 5995840
1791381478.497 5995840
1791381478.552 5995840
1791381478.607 5995840
1791381478.663 5995840
1791381478.718 5995840
1791381478.773 5995840
1791381478.828 5996032
1791381478.883 5996032
1791381478.938 5996032
1791381478.993 5996032
1791381479.049 5996032
1791381479.104 5996032
1791381479.158 5996032
1791381479.214 5996224
1791381479.270 5996224
1791381479.324 5996416
1791381479.376 5996608
1791381479.431 5996608
1791381479.486 5996608
1791381479.541 5996608
1791381479.596 5996608
1791381479.651 5996608
1791381479.706 5996608
1791381479.761 5996608
1791381479.816 5996608
1791381479.871 5996608
1791381479.926 5996608
1791381479.981 5996992
1791381480.036 5998720
1791381480.088 5998720
1791381480.143 5998720
1791381480.198 5998720
1791381480.253 5998720
1791381480.308 5998720
1791381480.363 5998912
1791381480.418 5998912
1791381480.473 5998912
1791381480.528 5998912
1791381480.583 5998912
1791381480.638 5998912
1791381480.693 5998912
1791381480.748 5998912
1791381480.804 5998912
1791381480.859 5998912
1791381480.914 5998912
1791381480.969 5998912
1791381481.024 5998912
1791381481.079 5998912
1791381481.134 5998912
1791381481.190 5998912
1791381481.245 5998912
1791381481.300 5999872
1791381481.351 6006784
1791381481.403 6006784
1791381481.458 6006784
1791381481.514 6006784
1791381481.569 6006784
1791381481.624 6006784
1791381481.679 6006784
1791381481.734 6006784
1791381481.789 6006784
1791381481.844 6006784
1791381481.898 6006784
1791381481.953 6006784
1791381482.009 6006784
1791381482.064 6006784
1791381482.119 6006784
1791381482.174 6006784
1791381482.229 6006784
1791381482.284 6006784
1791381482.339 6006784
1791381482.394 6006784
1791381482.449 6006784
1791381482.505 6006784
1791381482.560 6006784
1791381482.615 6006784
1791381482.670 6006784
1791381482.725 6006784
1791381482.780 6006784
1791381482.835 6006784
1791381482.890 6006784
1791381482.946 6006784
1791381483.001 6006784
1791381483.056 6006784
1791381483.111 6006784
1791381483.166 6006784
1791381483.221 6006784
1791381483.276 6006784
1791381483.332 6006976
1791381483.387 6006976
1791381483.442 6006976
1791381483.497 6006976
1791381483.552 6006976
1791381483.608 6006976
1791381483.660 6006976
1791381483.715 6006976
1791381483.771 6006976
1791381483.826 6006976
1791381483.881 6006976
1791381483.936 6006976
1791381483.991 6006976
1791381484.046 6006976
1791381484.101 6006976
1791381484.157 6006976
1791381484.212 6006976
1791381484.267 6006976
1791381484.322 6006976
1791381484.377 6006976
1791381484.433 6006976
1791381484.488 6006976
1791381484.543 6006976
1791381484.598 6006976
1791381484.653 6007168
1791381484.709 6007168
1791381484.764 6007168
1791381484.819 6007168
1791381484.874 6007168
1791381484.929 6007168
1791381484.984 6007168
1791381485.036 6007168
1791381485.088 6007168
1791381485.140 6007168
1791381485.195 6007168
1791381485.250 6007168
1791381485.306 6007168
1791381485.361 6007168
1791381485.416 6007168
1791381485.471 6007168
1791381485.526 6007168
1791381485.581 6007168
1791381485.636 6007168
1791381485.691 6007168
1791381485.747 6007168
1791381485.802 6007168
1791381485.857 6007168
1791381485.912 6007168
1791381485.967 6007168
1791381486.022 6007168
1791381486.075 6007168
1791381486.130 6007168
1791381486.186 6007168
1791381486.241 6007168
1791381486.296 6007168
1791381486.347 6007168
1791381486.402 6007168
1791381486.458 6007168
1791381486.513 6007168
1791381486.568 6007168
1791381486.623 6007168
1791381486.678 6007168
1791381486.733 6007168
1791381486.788 6007168
1791381486.843 6007168
1791381486.898 6007168
1791381486.953 6007168
1791381487.008 6007168
1791381487.063 6007168
1791381487.118 6007168
1791381487.173 6007168
1791381487.225 6007168
1791381487.281 6007168
1791381487.336 6007168
1791381487.391 6007168
1791381487.446 6007168
1791381487.501 6007168
1791381487.556 6007168
1791381487.611 6007168
1791381487.666 6007168
1791381487.721 6007168
1791381487.776 6007168
1791381487.831 6007168
1791381487.887 6007168
1791381487.942 6007168
1791381487.997 6007168
1791381488.052 6007168
1791381488.107 6007168
1791381488.162 6007168
1791381488.217 6007168
1791381488.272 6007168
1791381488.327 6007168
1791381488.382 6007168
1791381488.437 6007168
1791381488.492 6007168
1791381488.548 6007168
1791381488.603 6007168
1791381488.658 6007168
1791381488.711 6007168
1791381488.767 6007168
1791381488.822 6007168
1791381488.877 6007168
1791381488.932 6007168
1791381488.988 6007168
1791381489.043 6007168
1791381489.098 6007168
1791381489.153 6007168
1791381489.208 6007168
1791381489.263 6007168
1791381489.319 6007168
1791381489.374 6007168
1791381489.429 6007168
1791381489.484 6007168
1791381489.539 6007168
1791381489.595 6007168
1791381489.650 6007168
1791381489.705 6007168
1791381489.760 6007168
1791381489.815 6007168
1791381489.870 6007168
1791381489.925 6007168
1791381489.980 6007168
1791381490.035 6007168
1791381490.090 6007168
1791381490.145 6007168
1791381490.200 6007168
1791381490.255 6007168
1791381490.310 6007168
1791381490.365 6007168
1791381490.421 6007168
1791381490.476 6007168
1791381490.531 6007168
1791381490.586 6007168
1791381490.641 6007168
1791381490.696 6007168
1791381490.751 6007168
1791381490.806 6007168
1791381490.861 6007168
1791381490.916 6007168
1791381490.971 6007168
1791381491.026 6007168
1791381491.081 6007168
1791381491.136 6007168
1791381491.192 6007168
1791381491.247 6007168
1791381491.302 6007168
1791381491.357 6007168
1791381491.412 6007168
1791381491.467 6007168
1791381491.522 6007168
1791381491.577 6007168
1791381491.632 6007168
1791381491.687 6007168
1791381491.742 6007168
1791381491.797 6007168
1791381491.852 6007168
1791381491.908 6007168
1791381491.963 6007168
1791381492.018 6007168
1791381492.073 6007168
1791381492.128 6007168
1791381492.183 6007168
1791381492.238 6007168
1791381492.293 6007168
1791381492.348 6007168
1791381492.403 6007168
1791381492.458 6007168
1791381492.513 6007168
1791381492.568 6007168
1791381492.623 6007168
1791381492.678 6007168
1791381492.733 6007168
1791381492.788 6007168
1791381492.844 6007168
1791381492.899 6007168
1791381492.954 6007168
1791381493.009 6007168
1791381493.064 6007168
1791381493.119 6007168
1791381493.174 6007168
1791381493.230 6007168
1791381493.285 6007168
1791381493.340 6007168
1791381493.395 6007168
1791381493.450 6007168
1791381493.505 6007168
1791381493.560 6007168
1791381493.615 6007168
1791381493.670 6007168
1791381493.726 6007168
1791381493.781 6007168
1791381493.837 6007168
1791381493.893 6007168
1791381493.948 6007168
1791381494.003 6007168
1791381494.056 6007168
1791381494.111 6007168
1791381494.166 6007168
1791381494.221 6007168
1791381494.277 6007168
1791381494.332 6007168
1791381494.387 6007168
1791381494.442 6007168
1791381494.498 6007168
1791381494.553 6007168
1791381494.608 6007168
1791381494.663 6007168
1791381494.718 6007168
1791381494.773 6007168
1791381494.828 6007168
1791381494.883 6007168
1791381494.938 6007168
1791381494.990 6007168
1791381495.043 6007168
1791381495.099 6007168
1791381495.154 6007168
1791381495.209 6007168
1791381495.264 6007168
1791381495.319 6007168
1791381495.374 6007168
1791381495.429 6007168
1791381495.484 6007168
1791381495.536 6007168
1791381495.591 6007168
1791381495.646 6007168
1791381495.701 6007168
1791381495.756 6007168
1791381495.812 6007168
1791381495.867 6007168
1791381495.919 6007168
1791381495.973 6007168
1791381496.029 6007168
1791381496.084 6007168
1791381496.139 6007168
1791381496.194 6007168
1791381496.249 6007168
1791381496.304 6007168
1791381496.359 6007168
1791381496.414 6007168
1791381496.469 6007168
1791381496.524 6007168
1791381496.580 6007168
1791381496.635 6007168
1791381496.690 6007168
1791381496.745 6007168
1791381496.800 6007168
1791381496.855 6007168
1791381496.910 6007168
1791381496.965 6007168
1791381497.020 6007168
1791381497.075 6007168
1791381497.130 6007168
1791381497.185 6007168
1791381497.240 6007168
1791381497.296 6007168
1791381497.351 6007168
1791381497.406 6007168
1791381497.461 6007168
1791381497.516 6007168
1791381497.569 6007168
1791381497.620 6007168
1791381497.672 6007168
1791381497.727 6007168
1791381497.781 6007168
1791381497.836 6007168
1791381497.891 6007168
1791381497.946 6007168
1791381498.000 6007168
1791381498.055 6007168
1791381498.110 6007168
1791381498.165 6007168
1791381498.221 6007168
1791381498.276 6007168
1791381498.331 6007168
1791381498.386 6007168
1791381498.440 6007168
1791381498.495 6007168
1791381498.550 6007168
1791381498.605 6007168
1791381498.660 6007168
1791381498.715 6007168
1791381498.770 6007168
1791381498.825 6007168
1791381498.877 6007168
1791381498.930 6007168
1791381498.986 6007168
1791381499.041 6007168
1791381499.096 6007168
1791381499.151 6007168
1791381499.206 6007168
1791381499.261 6007168
1791381499.317 6007168
1791381499.372 6007168
1791381499.427 6007168
1791381499.482 6007168
1791381499.537 6007168
1791381499.592 6007168
1791381499.647 6007168
1791381499.702 6007168
1791381499.754 6007168
1791381499.809 6007168
1791381499.864 6007168
1791381499.919 6007168
1791381499.974 6007168
1791381500.029 6007168
1791381500.084 6007168
1791381500.140 6007168
1791381500.195 6007168
1791381500.250 6007168
1791381500.305 6007168
1791381500.361 6007168
1791381500.416 6007168
1791381500.471 6007168
1791381500.526 6007168
1791381500.581 6007168
1791381500.636 6007168
1791381500.691 6007360
1791381500.746 6007360
1791381500.801 6007360
1791381500.856 6007360
1791381500.912 6007552
1791381500.966 6007552
1791381501.021 6007552
1791381501.076 6007552
1791381501.131 6007936
1791381501.186 6007936
1791381501.241 6007936
1791381501.297 6007936
1791381501.352 6007936
1791381501.407 6007936
1791381501.462 6007936
1791381501.517 6007936
1791381501.572 6007936
1791381501.624 6007936
1791381501.679 6008320
1791381501.734 6011008
1791381501.789 6011200
1791381501.845 6011200
1791381501.900 6011200
1791381501.955 6011200
1791381502.010 6011200
1791381502.066 6011200
1791381502.121 6011200
1791381502.176 6011200
1791381502.232 6011200
1791381502.287 6011200
1791381502.342 6014848
1791381502.395 6014848
1791381502.450 6014848
1791381502.506 6014848
1791381502.561 6014848
1791381502.616 6014848
1791381502.672 6014848
1791381502.727 6014848
1791381502.782 6014848
1791381502.838 6014848
1791381502.893 6015040
1791381502.948 6015040
1791381503.004 6015040
1791381503.059 6015040
1791381503.114 6015040
1791381503.169 6015040
1791381503.225 6015040
1791381503.280 6015040
1791381503.336 6015040
1791381503.391 6015040
1791381503.444 6015040
1791381503.500 6015040
1791381503.555 6015040
1791381503.610 6015040
1791381503.666 6015040
1791381503.721 6015040
1791381503.776 6015040
1791381503.832 6015040
1791381503.887 6015040
1791381503.942 6015040
1791381503.998 6015040
1791381504.053 6015040
1791381504.108 6015040
1791381504.164 6015040
1791381504.219 6015040
1791381504.274 6015040
1791381504.330 6015040
1791381504.385 6015040
1791381504.440 6015040
1791381504.496 6015040
1791381504.551 6015040
1791381504.606 6015040
1791381504.662 6015040
1791381504.717 6015040
1791381504.772 6015040
1791381504.828 6015040
1791381504.883 6015040
1791381504.938 6015040
1791381504.994 6015040
1791381505.049 6015040
1791381505.104 6015040
1791381505.159 6015040
1791381505.215 6015040
1791381505.270 6015040
1791381505.325 6015040
1791381505.381 6015040
1791381505.436 6015040
1791381505.488 6015040
1791381505.543 6015040
1791381505.599 6015040
1791381505.654 6015040
1791381505.710 6015040
1791381505.765 6015040
1791381505.821 6015040
1791381505.876 6015040
1791381505.931 6015040
1791381505.987 6015040
1791381506.042 6015040
1791381506.097 6015040
1791381506.153 6015040
1791381506.208 6015040
1791381506.264 6015040
1791381506.319 6015040
1791381506.374 6015040
1791381506.430 6015040
1791381506.485 6015040
1791381506.540 6015040
1791381506.596 6015040
1791381506.651 6015040
1791381506.706 6015040
1791381506.762 6015040
1791381506.817 6015040
1791381506.872 6015040
1791381506.928 6015040
1791381506.983 6015040
1791381507.038 6015040
1791381507.094 6015040
1791381507.149 6015040
1791381507.204 6015040
1791381507.260 6015040
1791381507.315 6015040
1791381507.370 6015040
1791381507.425 6015040
1791381507.481 6015040
1791381507.536 6015040
1791381507.591 6015040
1791381507.647 6015040
1791381507.702 6015040
1791381507.757 6015040
1791381507.813 6015040
1791381507.864 6015040
1791381507.919 6015040
1791381507.975 6015040
1791381508.030 6015040
1791381508.085 6015040
1791381508.141 6015040
1791381508.197 6015040
1791381508.252 6015040
1791381508.307 6015040
1791381508.362 6015040
1791381508.418 6015040
1791381508.473 6015040
1791381508.528 6015040
1791381508.584 6015040
1791381508.639 6015040
1791381508.694 6015040
1791381508.749 6015040
1791381508.804 6015040
1791381508.860 6015040
1791381508.915 6015040
1791381508.970 6015040
1791381509.026 6015040
1791381509.081 6015040
1791381509.136 6015040
1791381509.192 6015040
1791381509.247 6015040
1791381509.302 6015040
1791381509.358 6015040
1791381509.413 6015040
1791381509.468 6015040
1791381509.523 6015040
1791381509.579 6015040
1791381509.634 6015040
1791381509.689 6015040
1791381509.744 6015040
1791381509.800 6015040
1791381509.856 6015040
1791381509.911 6015040
1791381509.966 6015040
1791381510.022 6015040
1791381510.077 6015040
1791381510.132 6015040
1791381510.188 6015040
1791381510.244 6015040
1791381510.299 6015040
1791381510.354 6015040
1791381510.409 6015040
1791381510.465 6015040
1791381510.520 6015040
1791381510.575 6015040
1791381510.631 6015040
1791381510.686 6015040
1791381510.741 6015040
1791381510.796 6015040
1791381510.852 6015040
1791381510.907 6015040
1791381510.962 6015040
1791381511.017 6015040
1791381511.073 6015040
1791381511.128 6015040
1791381511.183 6015040
1791381511.239 6015040
1791381511.294 6015040
1791381511.350 6015040
1791381511.406 6015040
1791381511.461 6015040
1791381511.516 6015040
1791381511.571 6015040
1791381511.627 6015040
1791381511.682 6015040
1791381511.737 6015040
1791381511.793 6015040
1791381511.848 6015040
1791381511.903 6015040
1791381511.959 6015040
1791381512.014 6015040
1791381512.069 6015040
1791381512.125 6015040
1791381512.180 6015040
1791381512.235 6015040
1791381512.290 6015040
1791381512.346 6015040
1791381512.401 6015040
1791381512.456 6015040
1791381512.512 6015040
1791381512.567 6015040
1791381512.622 6015040
1791381512.678 6015040
1791381512.733 6015040
1791381512.788 6015040
1791381512.844 6015040
1791381512.899 6015040
1791381512.954 6015040
1791381513.010 6015040
1791381513.065 6015040
1791381513.120 6015040
1791381513.176 6015040
1791381513.231 6015040
1791381513.286 6015040
1791381513.341 6015040
1791381513.397 6015040
1791381513.452 6015040
1791381513.507 6015040
1791381513.563 6015040
1791381513.618 6015040
1791381513.673 6015040
1791381513.728 6015040
1791381513.784 6015040
1791381513.839 6015040
1791381513.895 6015040
1791381513.950 6015040
1791381514.005 6015040
1791381514.061 6015040
1791381514.116 6015040
1791381514.171 6015040
1791381514.227 6015040
1791381514.282 6015040
1791381514.337 6015040
1791381514.393 6015040
1791381514.448 6015040
1791381514.503 6015040
1791381514.558 6015040
1791381514.614 6015040
1791381514.669 6015040
1791381514.724 6015040
1791381514.780 6015040
1791381514.835 6015040
1791381514.890 6015040
1791381514.945 6015040
1791381515.001 6015040
1791381515.056 6015040
1791381515.111 6015040
1791381515.166 6015040
1791381515.222 6015040
1791381515.278 6015040
1791381515.333 6015040
1791381515.389 6015040
1791381515.444 6015040
1791381515.499 6015040
1791381515.555 6015040
1791381515.610 6015040
1791381515.661 6015040
1791381515.717 6015040
1791381515.772 6015040
1791381515.827 6015040
1791381515.883 6015040
1791381515.938 6015040
1791381515.993 6015040
1791381516.049 6015040
1791381516.100 6015040
1791381516.156 6015040
1791381516.211 6015040
1791381516.267 6015040
1791381516.322 6015040
1791381516.377 6015040
1791381516.433 6015040
1791381516.488 6015040
1791381516.543 6015040
1791381516.599 6015040
1791381516.654 6015040
1791381516.709 6015040
1791381516.764 6015040
1791381516.820 6015040
1791381516.875 6015040
1791381516.930 6015040
1791381516.986 6015040
1791381517.041 6015040
1791381517.096 6015040
1791381517.148 6015040
1791381517.204 6015040
1791381517.259 6015040
1791381517.314 6015040
1791381517.370 6015040
1791381517.422 6015040
1791381517.477 6015040
1791381517.533 6015040
1791381517.588 6015040
1791381517.643 6015040
1791381517.696 6015040
1791381517.751 6015040
1791381517.806 6015040
1791381517.862 6015040
1791381517.915 6015040
1791381517.970 6015040
1791381518.024 6015040
1791381518.078 6015040
1791381518.134 6015040
1791381518.189 6015040
1791381518.244 6015040
1791381518.300 6015040
1791381518.355 6015040
1791381518.410 6015040
1791381518.465 6015040
1791381518.521 6015040
1791381518.576 6015040
1791381518.631 6015040
1791381518.687 6015040
1791381518.742 6015040
1791381518.797 6015040
1791381518.853 6015040
1791381518.908 6015040
1791381518.963 6015040
1791381519.019 6015040
1791381519.074 6015040
1791381519.129 6015040
1791381519.185 6015040
1791381519.240 6015040
1791381519.295 6015040
1791381519.351 6015040
1791381519.406 6015040
1791381519.462 6015040
1791381519.517 6015040
1791381519.572 6015040
1791381519.628 6015040
1791381519.683 6015040
1791381519.738 6015040
1791381519.793 6015040
1791381519.845 6015040
1791381519.899 6015040
1791381519.955 6015040
1791381520.010 6015040
1791381520.065 6015040
1791381520.121 6015040
1791381520.176 6015040
1791381520.231 6015040
1791381520.286 6015040
1791381520.342 6015040
1791381520.397 6015040
1791381520.452 6015040
1791381520.508 6015040
1791381520.563 6015040
1791381520.618 6015040
1791381520.673 6015040
1791381520.729 6015040
1791381520.782 6015232
1791381520.837 6015232
1791381520.890 6015808
1791381520.943 6015808
1791381520.995 6015808
1791381521.049 6015808
1791381521.104 6016576
1791381521.158 6016768
1791381521.214 6016768
1791381521.269 6016768
1791381521.324 6016768
1791381521.379 6016768
1791381521.435 6016768
1791381521.490 6016768
1791381521.545 6016768
1791381521.601 6016768
1791381521.656 6016768
1791381521.711 6016768
1791381521.766 6016768
1791381521.822 6016768
1791381521.877 6016768
1791381521.932 6016768
1791381521.988 6016768
1791381522.043 6017152
1791381522.098 6019072
1791381522.154 6019264
1791381522.209 6019264
1791381522.264 6019264
1791381522.320 6019264
1791381522.375 6019264
1791381522.430 6019264
1791381522.485 6019264
1791381522.541 6019264
1791381522.596 6019264
1791381522.651 6019264
1791381522.707 6028096
1791381522.758 6067840
1791381522.809 6117184
1791381522.861 6164608
1791381522.912 6216064
1791381522.963 6267712
1791381523.015 6318784
1791381523.066 6369280
1791381523.117 6419584
1791381523.169 6470272
1791381523.220 6521344
1791381523.271 6643840
1791381523.323 6643840
1791381523.374 6643840
1791381523.425 6643840
1791381523.476 6643840
1791381523.528 6643840
1791381523.579 6643840
1791381523.630 6644992
1791381523.682 6644992
1791381523.733 6644992
1791381523.784 6644992
1791381523.835 6656128
1791381523.887 6672640
1791381523.938 6689536
1791381523.989 6689536
1791381524.041 6689536
1791381524.092 6689536
1791381524.143 6689536
1791381524.194 6689536
1791381524.246 6689536
1791381524.297 6725632
1791381524.348 6781888
1791381524.400 6837952
1791381524.451 6894400
1791381524.502 6950656
1791381524.553 7006720
1791381524.605 7133440
1791381524.658 7163200
1791381524.709 7163200
1791381524.760 7163200
1791381524.812 7163200
1791381524.863 7163200
1791381524.914 7163200
1791381524.966 7163200
1791381525.017 7163392
1791381525.071 7163392
1791381525.122 7163392
1791381525.174 7163392
1791381525.225 7163392
1791381525.276 7163392
1791381525.327 7163392
1791381525.379 7163392
1791381525.430 7163392
1791381525.481 7163392
1791381525.533 7163392
1791381525.584 7163392
1791381525.635 7163392
1791381525.687 7163392
1791381525.738 7163392
1791381525.789 7163392
1791381525.840 7163392
1791381525.892 7163392
1791381525.943 7163392
1791381525.994 7163392
1791381526.046 7163392
1791381526.097 7163392
1791381526.148 7163392
1791381526.200 7163392
1791381526.251 7163392
1791381526.302 7163392
1791381526.354 7163392
1791381526.405 7163392
1791381526.456 7163392
1791381526.507 7168768
1791381526.559 7168768
1791381526.610 7168768
1791381526.661 7168768
1791381526.712 7168768
1791381526.764 7168768
1791381526.815 7168768
1791381526.867 7172608
1791381526.918 7180288
1791381526.969 7180288
1791381527.021 7180288
1791381527.072 7180288
1791381527.123 7180288
1791381527.175 7180480
1791381527.226 7225984
1791381527.277 7282432
1791381527.328 7338880
1791381527.380 7395328
1791381527.431 7452160
1791381527.482 7508992
1791381527.534 7566016
1791381527.585 7623040
1791381527.636 7679680
1791381527.687 7735936
1791381527.739 7792768
1791381527.790 7849408
1791381527.841 7906048
1791381527.893 7953856
1791381527.944 7998784
1791381527.996 8057152
1791381528.047 8114368
1791381528.098 8171584
1791381528.150 8228608
1791381528.201 8285632
1791381528.252 8342464
1791381528.303 8399488
1791381528.355 8456128
1791381528.406 8513536
1791381528.457 8570176
1791381528.509 8627008
1791381528.560 8683648
1791381528.611 8740480
1791381528.662 8796736
1791381528.714 8853376
1791381528.765 8910016
1791381528.816 8966272
1791381528.868 9023296
1791381528.920 9080704
1791381528.971 9137920
1791381529.022 9195328
1791381529.074 9253120
1791381529.125 9310144
1791381529.176 9357376
1791381529.228 9401344
1791381529.279 9457216
1791381529.331 9514624
1791381529.382 9571840
1791381529.433 9629248
1791381529.485 9686272
1791381529.536 9743104
1791381529.587 9799744
1791381529.638 9856768
1791381529.690 9913024
1791381529.741 9969472
1791381529.792 10026304
1791381529.844 10083136
1791381529.895 10139776
1791381529.946 10196992
1791381529.997 10253632
1791381530.049 10310272
1791381530.100 10367104
1791381530.151 10424320
1791381530.203 10481152
1791381530.254 10537984
1791381530.305 10594432
1791381530.357 10651264
1791381530.408 10707712
1791381530.459 10759936
1791381530.511 10802176
1791381530.562 10857856
1791381530.613 10915456
1791381530.665 10972288
1791381530.716 11028928
1791381530.767 11085760
1791381530.819 11142784
1791381530.870 11199616
1791381530.921 11256256
1791381530.973 11313280
1791381531.024 11370496
1791381531.075 11427520
1791381531.126 11484544
1791381531.178 11541760
1791381531.229 11598400
1791381531.280 11655232
1791381531.332 11712064
1791381531.383 11768704
1791381531.434 11825920
1791381531.486 11882752
1791381531.537 11939392
1791381531.588 11996224
1791381531.639 12053056
1791381531.691 12109696
1791381531.742 12163840
1791381531.793 12205504
1791381531.845 12259456
1791381531.896 12317056
1791381531.948 12374464
1791381531.999 12431680
1791381532.050 12488896
1791381532.102 12544960
1791381532.153 12601600
1791381532.204 12658432
1791381532.256 12715456
1791381532.307 12772288
1791381532.358 12828928
1791381532.410 12886144
1791381532.461 12942976
1791381532.512 13000384
1791381532.564 13057600
1791381532.615 13115008
1791381532.666 13171840
1791381532.717 13228672
1791381532.769 13285888
1791381532.820 13343296
1791381532.871 13400512
1791381532.923 13457536
1791381532.974 13514176
1791381533.025 13569664
1791381533.077 13610560
1791381533.128 13663552
1791381533.180 13721152
1791381533.231 13778944
1791381533.282 13835776
1791381533.334 13892608
1791381533.385 13949056
1791381533.436 13973824
1791381533.488 13973824
1791381533.540 13973824
1791381533.592 13973824
1791381533.644 13973824
1791381533.696 13973824
1791381533.748 13973824
1791381533.800 13973824
1791381533.852 13973824
1791381533.904 13973824
1791381533.956 13973824
1791381534.008 13973824
1791381534.060 13973824
1791381534.111 13973824
1791381534.163 13973824
1791381534.214 13973824
1791381534.266 13973824
1791381534.317 13973824
1791381534.368 13973824
1791381534.420 13973824
1791381534.471 13973824
1791381534.522 13973824
1791381534.573 13973824
1791381534.625 13973824
1791381534.676 13973824
1791381534.727 13973824
1791381534.779 13973824
1791381534.830 13973824
1791381534.881 13973824
1791381534.933 13973824
1791381534.984 13973824
1791381535.035 13973824
1791381535.087 13973824
1791381535.138 13973824
1791381535.190 13973824
1791381535.241 13983424
1791381535.292 13983424
1791381535.344 13983424
1791381535.395 13983424
1791381535.446 13983424
1791381535.497 13983424
1791381535.549 13983424
1791381535.600 13983424
1791381535.651 13983424
1791381535.703 13983424
1791381535.754 13983424
1791381535.805 13983424
1791381535.857 13983424
1791381535.908 13983424
1791381535.959 13983424
1791381536.011 13983424
1791381536.062 13983424
1791381536.113 13983424
1791381536.165 13987264
1791381536.216 13987264
1791381536.267 13987264
1791381536.319 13987264
1791381536.370 13987264
1791381536.421 13987264
1791381536.473 13987264
1791381536.524 13987264
1791381536.575 13987264
1791381536.626 13987264
1791381536.678 13987264
1791381536.729 13987264
1791381536.780 13987264
1791381536.831 13987264
1791381536.883 13987264
1791381536.934 13987264
1791381536.985 13987264
1791381537.037 13987264
1791381537.088 13987264
1791381537.139 13994752
1791381537.191 13994752
1791381537.242 13994752
1791381537.293 13994752
1791381537.345 13994752
1791381537.396 13994752
1791381537.447 13994752
1791381537.499 13994752
1791381537.550 13994752
1791381537.601 13994752
1791381537.652 13994752
1791381537.704 13994752
1791381537.755 13994752
1791381537.806 13994752
1791381537.858 13994752
1791381537.909 13994752
1791381537.960 13994752
1791381538.012 13994752
1791381538.063 13994752
1791381538.114 13994752
1791381538.166 13994752
1791381538.217 13994752
1791381538.268 13994752
1791381538.320 13994752
1791381538.371 13994752
1791381538.422 13994752
1791381538.473 13994752
1791381538.525 13994752
1791381538.576 13994752
1791381538.628 13994752
1791381538.679 13994752
1791381538.730 13994752
1791381538.781 13994752
1791381538.833 13994752
1791381538.884 13994752
1791381538.936 13994752
1791381538.987 13994752
1791381539.038 13994752
1791381539.090 13996864
1791381539.141 13996864
1791381539.192 13996864
1791381539.244 13996864
1791381539.295 13998784
1791381539.346 13998784
1791381539.398 13998784
1791381539.449 13998784
1791381539.500 13998784
1791381539.552 13998784
1791381539.603 13998784
1791381539.654 13998784
1791381539.706 13998784
1791381539.757 13998784
1791381539.809 13998784
1791381539.860 13998784
1791381539.911 13998784
1791381539.963 13998784
1791381540.014 13998784
1791381540.065 13998784
1791381540.116 13998784
1791381540.168 13998784
1791381540.219 13998784
1791381540.270 13998784
1791381540.322 13998784
1791381540.373 13998784
1791381540.424 13998784
1791381540.476 13998784
1791381540.527 13998784
1791381540.578 13998784
1791381540.630 13998784
1791381540.681 13998784
1791381540.732 13998784
1791381540.784 13998784
1791381540.835 13998784
1791381540.886 13998784
1791381540.938 13998784
1791381540.989 13998784
1791381541.040 13998784
1791381541.092 13998784
1791381541.143 13998784
1791381541.194 13998784
1791381541.246 13998784
1791381541.297 13998784
1791381541.348 13998784
1791381541.400 13998784
1791381541.451 13998784
1791381541.502 13998784
1791381541.554 13998784
1791381541.605 13998784
1791381541.656 13998784
1791381541.708 13998784
1791381541.759 13998784
1791381541.811 13998784
1791381541.862 13998784
1791381541.913 13998784
1791381541.965 13998784
1791381542.016 13998784
1791381542.067 13998784
1791381542.119 13998784
1791381542.170 13998784
1791381542.221 13998784
1791381542.272 13998784
1791381542.324 13998784
1791381542.375 13998784
1791381542.426 13998784
1791381542.478 13998784
1791381542.529 13998784
1791381542.580 13998784
1791381542.632 13998784
1791381542.683 13998784
1791381542.735 13998784
1791381542.786 13998784
1791381542.837 13998784
1791381542.889 13998784
1791381542.940 13998784
1791381542.991 13998784
1791381543.043 13998784
1791381543.094 13998784
1791381543.145 13998784
1791381543.197 13998784
1791381543.248 13998784
1791381543.300 13998784
1791381543.351 13998784
1791381543.402 13998784
1791381543.454 13998784
1791381543.505 13998784
1791381543.556 13998784
1791381543.608 13998784
1791381543.659 13998784
1791381543.710 13998784
1791381543.762 13998784
1791381543.813 13998784
1791381543.865 13998784
1791381543.917 13998784
1791381543.968 13998784
1791381544.020 13998784
1791381544.071 13998784
1791381544.122 13998784
1791381544.174 13998784
1791381544.225 13998784
1791381544.276 13998784
1791381544.328 13998784
1791381544.379 13998784
1791381544.430 13998784
1791381544.482 13998784
1791381544.533 13998784
1791381544.585 13998784
1791381544.636 13998784
1791381544.687 13998784
1791381544.739 13998784
1791381544.790 13998784
1791381544.841 13998784
1791381544.893 13998784
1791381544.944 13998784
1791381544.995 13998784
1791381545.047 13998784
1791381545.098 13998784
1791381545.151 13999168
1791381545.203 13999168
1791381545.254 13999168
1791381545.305 13999168
1791381545.357 13999168
1791381545.408 13999168
1791381545.459 13999168
1791381545.511 13999168
1791381545.562 13999168
1791381545.614 13999168
1791381545.665 13999168
1791381545.716 13999168
1791381545.768 13999168
1791381545.819 13999168
1791381545.870 13999168
1791381545.922 13999168
1791381545.973 13999168
1791381546.024 13999168
1791381546.076 13999168
1791381546.128 13999168
1791381546.180 13999168
1791381546.232 13999168
1791381546.283 13999168
1791381546.334 13999168
1791381546.386 13999168
1791381546.437 13999168
1791381546.489 13999168
1791381546.540 13999168
1791381546.591 13999168
1791381546.643 13999168
1791381546.694 13999168
1791381546.745 13999168
1791381546.797 13999168
1791381546.848 13999168
1791381546.899 13999168
1791381546.951 13999168
1791381547.002 13999168
1791381547.053 13999168
1791381547.105 13999168
1791381547.156 13999168
1791381547.207 13999168
1791381547.259 13999168
1791381547.310 13999168
1791381547.362 13999168
1791381547.413 13999168
1791381547.464 13999168
1791381547.516 13999168
1791381547.567 13999168
1791381547.618 13999168
1791381547.670 13999168
1791381547.721 13999168
1791381547.772 13999168
1791381547.824 13999168
1791381547.875 13999168
1791381547.926 13999168
1791381547.978 13999168
1791381548.029 13999168
1791381548.080 13999168
1791381548.132 13999168
1791381548.183 13999168
1791381548.235 13999168
1791381548.286 13999168
1791381548.337 13999168
1791381548.389 13999168
1791381548.440 13999168
1791381548.492 13999168
1791381548.543 13999168
1791381548.594 13999168
1791381548.646 13999168
1791381548.697 13999168
1791381548.748 13999168
1791381548.800 13999168
1791381548.851 13999168
1791381548.902 13999168
1791381548.954 13999168
1791381549.005 13999168
1791381549.056 13999168
1791381549.108 13999168
1791381549.159 13999168
1791381549.210 13999168
1791381549.262 13999168
1791381549.313 13999168
1791381549.364 13999168
1791381549.416 13999168
1791381549.467 13999168
1791381549.519 13999168
1791381549.570 13999168
1791381549.621 13999168
1791381549.673 13999168
1791381549.724 13999168
1791381549.775 13999168
1791381549.826 13999168
1791381549.878 13999168
1791381549.929 13999168
1791381549.980 13999168
1791381550.032 13999168
1791381550.083 13999168
1791381550.134 13999168
1791381550.186 13999168
1791381550.237 13999168
1791381550.289 13999168
1791381550.340 13999168
1791381550.391 13999168
1791381550.443 13999168
1791381550.494 13999168
1791381550.545 13999168
1791381550.597 13999168
1791381550.648 13999168
1791381550.700 13999168
1791381550.751 13999168
1791381550.802 13999168
1791381550.854 13999168
1791381550.905 13999168
1791381550.957 13999168
1791381551.008 13999168
1791381551.060 13999168
1791381551.111 13999168
1791381551.163 13999168
1791381551.214 13999168
1791381551.265 13999168
1791381551.317 13999168
1791381551.369 13999168
1791381551.421 13999168
1791381551.472 13999168
1791381551.524 13999168
1791381551.575 13999168
1791381551.627 13999168
1791381551.679 13999168
1791381551.730 13999168
1791381551.782 13999168
1791381551.833 13999168
1791381551.884 13999168
1791381551.936 13999168
1791381551.987 13999168
1791381552.038 13999168
1791381552.090 13999168
1791381552.141 13999168
1791381552.193 13999168
1791381552.244 13999168
1791381552.295 13999168
1791381552.347 13999168
1791381552.398 13999168
1791381552.449 13999168
1791381552.501 13999168
1791381552.552 13999168
1791381552.603 13999168
1791381552.655 13999168
1791381552.706 13999168
1791381552.758 13999168
1791381552.809 13999168
1791381552.863 13999168
1791381552.916 13999168
1791381552.967 13999168
1791381553.019 13999168
1791381553.070 13999168
1791381553.121 13999168
1791381553.173 13999168
1791381553.224 13999168
1791381553.275 13999168
1791381553.327 13999168
1791381553.378 13999168
1791381553.429 13999168
1791381553.481 13999168
1791381553.532 13999168
1791381553.583 13999168
1791381553.635 13999168
1791381553.686 13999168
1791381553.737 13999168
1791381553.788 13999168
1791381553.840 13999168
1791381553.891 13999168
1791381553.942 13999168
1791381553.993 13999168
1791381554.045 13999168
1791381554.096 13999168
1791381554.147 13999168
1791381554.199 13999168
1791381554.250 13999168
1791381554.301 13999168
1791381554.353 13999168
1791381554.404 13999168
1791381554.455 13999168
1791381554.506 13999168
1791381554.558 13999168
1791381554.609 13999168
1791381554.660 13999168
1791381554.711 13999168
1791381554.763 13999168
1791381554.814 13999168
1791381554.865 13999168
1791381554.917 13999168
1791381554.968 13999168
1791381555.019 13999168
1791381555.071 13999168
1791381555.122 13999168
1791381555.174 13999168
1791381555.225 13999168
1791381555.276 13999168
1791381555.328 13999168
1791381555.379 13999168
1791381555.430 13999168
1791381555.482 13999168
1791381555.533 13999168
1791381555.584 13999168
1791381555.636 13999168
1791381555.687 13999168
1791381555.738 13999168
1791381555.790 13999168
1791381555.841 13999168
1791381555.892 13999168
1791381555.944 13999168
1791381555.995 13999168
1791381556.047 13999168
1791381556.098 13999168
1791381556.149 13999168
1791381556.201 13999168
1791381556.252 13999168
1791381556.303 13999168
1791381556.355 13999168
1791381556.406 13999168
1791381556.457 13999168
1791381556.509 13999168
1791381556.560 13999168
1791381556.611 13999168
1791381556.663 13999168
1791381556.714 13999168
1791381556.765 13999168
1791381556.817 13999168
1791381556.868 13999168
1791381556.919 13999168
1791381556.971 13999168
1791381557.022 13999168
1791381557.074 13999168
1791381557.125 14010304
1791381557.176 14010304
1791381557.228 14010304
1791381557.279 14010304
1791381557.330 14010304
1791381557.382 14010304
1791381557.433 14010304
1791381557.484 14010304
1791381557.536 14010304
1791381557.587 14010304
1791381557.638 14010304
1791381557.690 14010304
1791381557.741 14010304
1791381557.792 14010304
1791381557.844 14010304
1791381557.895 14010304
1791381557.947 14010304
1791381557.998 14010304
1791381558.049 14010304
1791381558.101 14010304
1791381558.152 14010304
1791381558.203 14010304
1791381558.255 14010304
1791381558.306 14010304
1791381558.357 14010304
1791381558.409 14010304
1791381558.460 14010304
1791381558.511 14010304
1791381558.563 14010304
1791381558.614 14010304
1791381558.665 14010304
1791381558.717 14010304
1791381558.768 14010304
1791381558.820 14010304
1791381558.871 14010304
1791381558.922 14010304
1791381558.974 14010304
1791381559.025 14010304
1791381559.076 14010304
1791381559.128 14010304
1791381559.179 14010304
1791381559.230 14010304
1791381559.282 14010304
1791381559.333 14010304
1791381559.384 14010304
1791381559.436 14010304
1791381559.487 14010304
1791381559.538 14010304
1791381559.590 14010304
1791381559.641 14010304
1791381559.692 14010304
1791381559.744 14010304
1791381559.795 14010304
1791381559.846 14010304
1791381559.898 14010304
1791381559.949 14010304
1791381560.000 14010304
1791381560.052 14010304
1791381560.103 14010304
1791381560.154 14010304
1791381560.206 14010304
1791381560.257 14010304
1791381560.308 14010304
1791381560.360 14010304
1791381560.411 14010304
1791381560.462 14010304
1791381560.514 14010304
1791381560.565 14010304
1791381560.616 14010304
1791381560.668 14010304
1791381560.719 14010304
1791381560.771 14010304
1791381560.822 14010304
1791381560.873 14010304
1791381560.925 14010304
1791381560.976 14010304
1791381561.027 14010304
1791381561.079 14010304
1791381561.130 14010304
1791381561.181 14010304
1791381561.232 14010304
1791381561.284 14010304
1791381561.335 14010304
1791381561.386 14010304
1791381561.438 14010304
1791381561.489 14010304
1791381561.540 14010304
1791381561.592 14010304
1791381561.643 14010304
1791381561.695 14010304
1791381561.746 14010304
1791381561.797 14010304
1791381561.849 14010304
1791381561.900 14010304
1791381561.951 14010304
1791381562.003 14010304
1791381562.054 14010304
1791381562.105 14010304
1791381562.157 14010304
1791381562.208 14010304
1791381562.259 14010304
1791381562.311 14010304
1791381562.362 14010304
1791381562.413 14010304
1791381562.465 14010304
1791381562.516 14010304
1791381562.568 14010304
1791381562.619 14010304
1791381562.670 14010304
1791381562.722 14010304
1791381562.773 14010304
1791381562.824 14010304
1791381562.876 14010304
1791381562.927 14010304
1791381562.978 14010304
1791381563.030 14010304
1791381563.081 14010304
1791381563.132 14010304
1791381563.184 14010304
1791381563.235 14010304
1791381563.287 14010304
1791381563.338 14010304
1791381563.389 14010304
1791381563.441 14010304
1791381563.492 14010304
1791381563.544 14010304
1791381563.595 14010304
1791381563.646 14010304
1791381563.698 14010304
1791381563.749 14010304
1791381563.800 14010304
1791381563.852 14010304
1791381563.903 14010304
1791381563.954 14010304
1791381564.006 14010304
1791381564.057 14010304
1791381564.108 14010304
1791381564.160 14010304
1791381564.211 14010304
1791381564.262 14010304
1791381564.314 14010304
1791381564.365 14010304
1791381564.416 14010304
1791381564.468 14010304
1791381564.519 14010304
1791381564.571 14010304
1791381564.622 14010304
1791381564.673 14010304
1791381564.725 14010304
1791381564.776 14010304
1791381564.827 14010304
1791381564.879 14010304
1791381564.930 14010304
1791381564.981 14010304
1791381565.033 14010304
1791381565.084 14010304
1791381565.135 14010304
1791381565.187 14010304
1791381565.238 14010304
1791381565.289 14010304
1791381565.341 14010304
1791381565.392 14010304
1791381565.444 14010304
1791381565.495 14010304
1791381565.546 14010304
1791381565.598 14010304
1791381565.649 14010304
1791381565.700 14010304
1791381565.752 14010304
1791381565.803 14010304
1791381565.854 14010304
1791381565.906 14010304
1791381565.957 14010304
1791381566.008 14010304
1791381566.060 14010304
1791381566.111 14010304
1791381566.162 14010304
1791381566.214 14010304
1791381566.265 14010304
1791381566.316 14010304
1791381566.368 14010304
1791381566.419 14010304
1791381566.471 14010304
1791381566.522 14010304
1791381566.573 14010304
1791381566.625 14010304
1791381566.676 14010304
1791381566.727 14010304
1791381566.779 14010304
1791381566.830 14010304
1791381566.881 14010304
1791381566.933 14010304
1791381566.984 14010304
1791381567.035 14010304
1791381567.087 14010304
1791381567.138 14010304
1791381567.189 14010304
1791381567.240 14010304
1791381567.292 14010304
1791381567.343 14010304
1791381567.395 14010304
1791381567.446 14010304
1791381567.497 14010304
1791381567.549 14010304
1791381567.600 14010304
1791381567.651 14010304
1791381567.703 14010304
1791381567.754 14010304
1791381567.806 14010304
1791381567.857 14010304
1791381567.908 14010304
1791381567.960 14010304
1791381568.011 14010304
1791381568.062 14010304
1791381568.114 14010304
1791381568.165 14010304
1791381568.216 14010304
1791381568.268 14010304
1791381568.319 14010304
1791381568.371 14010304
1791381568.422 14010304
1791381568.473 14010304
1791381568.525 14010304
1791381568.576 14010304
1791381568.627 14010304
1791381568.678 14010304
1791381568.730 14010304
1791381568.781 14010304
1791381568.832 14010304
1791381568.884 14011072
1791381568.935 14011072
1791381568.986 14011072
1791381569.038 14011072
1791381569.089 14011072
1791381569.141 14011072
1791381569.192 14011072
1791381569.243 14011072
1791381569.295 14011072
1791381569.346 14011072
1791381569.398 14011072
1791381569.449 14011072
1791381569.500 14011072
1791381569.552 14011072
1791381569.603 14011072
1791381569.654 14011072
1791381569.705 14011072
1791381569.757 14011072
1791381569.808 14011072
1791381569.859 14011072
1791381569.911 14011072
1791381569.962 14011072
1791381570.013 14011072
1791381570.065 14011072
1791381570.116 14011072
1791381570.168 14011072
1791381570.219 14011072
1791381570.270 14011072
1791381570.322 14011072
1791381570.373 14011072
1791381570.424 14011072
1791381570.476 14011072
1791381570.527 14011072
1791381570.578 14011072
1791381570.630 14011072
1791381570.681 14011072
1791381570.732 14011072
1791381570.784 14011072
1791381570.835 14011072
1791381570.886 14011072
1791381570.937 14011072
1791381570.989 14011072
1791381571.040 14011072
1791381571.092 14011072
1791381571.143 14011072
1791381571.194 14011072
1791381571.246 14011072
1791381571.297 14011072
1791381571.348 14011072
1791381571.400 14011072
1791381571.451 14011072
1791381571.502 14011072
1791381571.554 14011072
1791381571.605 14011072
1791381571.656 14011072
1791381571.708 14011072
1791381571.759 14011072
1791381571.810 14011072
1791381571.861 14011072
1791381571.913 14011072
1791381571.964 14011072
1791381572.016 14011072
1791381572.067 14011072
1791381572.118 14011072
1791381572.170 14011072
1791381572.221 14011072
1791381572.272 14011072
1791381572.324 14011072
1791381572.375 14011072
1791381572.426 14011072
1791381572.478 14011072
1791381572.529 14011072
1791381572.580 14011072
1791381572.632 14011072
1791381572.683 14011072
1791381572.734 14011072
1791381572.786 14011072
1791381572.837 14011072
1791381572.888 14011072
1791381572.940 14011072
1791381572.991 14011072
1791381573.043 14011072
1791381573.094 14011072
1791381573.145 14011072
1791381573.196 14011072
1791381573.248 14011072
1791381573.299 14011072
1791381573.350 14011072
1791381573.402 14011072
1791381573.453 14011072
1791381573.504 14011072
1791381573.556 14011072
1791381573.607 14011072
1791381573.658 14011072
1791381573.710 14011072
1791381573.761 14011072
1791381573.812 14011072
1791381573.864 14011072
1791381573.915 14011072
1791381573.967 14011072
1791381574.018 14011072
1791381574.069 14011072
1791381574.121 14011072
1791381574.172 14011072
1791381574.223 14011072
1791381574.275 14011072
1791381574.326 14011072
1791381574.377 14011072
1791381574.429 14011072
1791381574.480 14011072
1791381574.531 14011072
1791381574.583 14011072
1791381574.634 14011072
1791381574.686 14011072
1791381574.737 14011072
1791381574.788 14011072
1791381574.840 14011072
1791381574.891 14011072
1791381574.943 14011072
1791381574.994 14011072
1791381575.045 14011072
1791381575.097 14011072
1791381575.148 14011072
1791381575.200 14011072
1791381575.251 14011072
1791381575.302 14011072
1791381575.354 14011072
1791381575.405 14011072
1791381575.456 14011072
1791381575.508 14011072
1791381575.559 14011072
1791381575.611 14011072
1791381575.662 14011072
1791381575.713 14011072
1791381575.765 14011072
1791381575.816 14011072
1791381575.868 14011072
1791381575.919 14011072
1791381575.970 14011072
1791381576.022 14011072
1791381576.073 14011072
1791381576.124 14011072
1791381576.176 14011072
1791381576.227 14011072
1791381576.279 14011072
1791381576.330 14011072
1791381576.381 14011072
1791381576.433 14011072
1791381576.484 14011072
1791381576.535 14011072
1791381576.587 14011072
1791381576.638 14011072
1791381576.689 14011072
1791381576.741 14011072
1791381576.792 14011072
1791381576.843 14011072
1791381576.895 14011072
1791381576.946 14011072
1791381576.997 14011072
1791381577.049 14011072
1791381577.100 14011072
1791381577.152 14011072
1791381577.203 14011072
1791381577.254 14011072
1791381577.306 14011072
1791381577.357 14011072
1791381577.408 14011072
1791381577.460 14011072
1791381577.511 14011072
1791381577.562 14011072
1791381577.614 14011072
1791381577.665 14011072
1791381577.717 14011072
1791381577.768 14011072
1791381577.819 14011072
1791381577.871 14011072
1791381577.922 14011072
1791381577.974 14011072
1791381578.025 14011072
1791381578.076 14011072
1791381578.128 14011072
1791381578.179 14011072
1791381578.230 14011072
1791381578.282 14011072
1791381578.333 14011072
1791381578.384 14011072
1791381578.435 14011072
1791381578.487 14011072
1791381578.538 14011072
1791381578.590 14011072
1791381578.641 14011072
1791381578.692 14011072
1791381578.744 14011072
1791381578.795 14011072
1791381578.847 14011072
1791381578.898 14011072
1791381578.949 14011072
1791381579.001 14011072
1791381579.052 14011072
1791381579.104 14011072
1791381579.155 14011072
1791381579.206 14011072
1791381579.257 14011072
1791381579.309 14011072
1791381579.360 14011072
1791381579.411 14011072
1791381579.463 14011072
1791381579.514 14011072
1791381579.565 14011072
1791381579.617 14011072
1791381579.668 14011072
1791381579.720 14011072
1791381579.771 14011072
1791381579.822 14011072
1791381579.874 14011072
1791381579.925 14011072
1791381579.976 14011072
1791381580.028 14011072
1791381580.079 14011072
1791381580.130 14011072
1791381580.182 14011072
1791381580.233 14011072
1791381580.284 14011072
1791381580.336 14011072
1791381580.387 14011072
1791381580.438 14011072
1791381580.490 14011072
1791381580.541 14011072
1791381580.592 14011072
1791381580.644 14011072
1791381580.695 14011072
1791381580.747 14021824
1791381580.798 14021824
1791381580.849 14021824
1791381580.901 14021824
1791381580.952 14021824
1791381581.004 14021824
1791381581.055 14021824
1791381581.106 14021824
1791381581.158 14021824
1791381581.209 14021824
1791381581.260 14021824
1791381581.312 14021824
1791381581.363 14021824
1791381581.414 14021824
1791381581.466 14021824
1791381581.517 14021824
1791381581.569 14021824
1791381581.621 14021824
1791381581.672 14021824
1791381581.723 14021824
1791381581.775 14021824
1791381581.826 14021824
1791381581.877 14021824
1791381581.929 14021824
1791381581.980 14021824
1791381582.031 14021824
1791381582.083 14021824
1791381582.134 14021824
1791381582.185 14021824
1791381582.237 14021824
1791381582.288 14021824
1791381582.339 14021824
1791381582.391 14021824
1791381582.442 14021824
1791381582.493 14021824
1791381582.545 14021824
1791381582.596 14021824
1791381582.647 14021824
1791381582.699 14021824
1791381582.750 14021824
1791381582.802 14021824
1791381582.853 14021824
1791381582.904 14021824
1791381582.955 14021824
1791381583.007 14021824
1791381583.058 14021824
1791381583.109 14021824
1791381583.161 14021824
1791381583.212 14021824
1791381583.263 14021824
1791381583.315 14021824
1791381583.366 14021824
1791381583.418 14021824
1791381583.469 14021824
1791381583.520 14021824
1791381583.572 14021824
1791381583.623 14021824
1791381583.674 14021824
1791381583.726 14021824
1791381583.777 14021824
1791381583.828 14021824
1791381583.879 14021824
1791381583.931 14021824
1791381583.982 14021824
1791381584.033 14021824
1791381584.085 14021824
1791381584.136 14021824
1791381584.187 14021824
1791381584.239 14021824
1791381584.290 14021824
1791381584.341 14021824
1791381584.393 14021824
1791381584.444 14021824
1791381584.496 14021824
1791381584.547 14021824
1791381584.598 14021824
1791381584.650 14021824
1791381584.701 14021824
1791381584.752 14021824
1791381584.804 14021824
1791381584.855 14021824
1791381584.906 14021824
1791381584.958 14021824
1791381585.009 14021824
1791381585.060 14021824
1791381585.111 14021824
1791381585.163 14021824
1791381585.214 14021824
1791381585.266 14021824
1791381585.317 14021824
1791381585.368 14021824
1791381585.420 14021824
1791381585.471 14021824
1791381585.522 14021824
1791381585.574 14021824
1791381585.625 14021824
1791381585.676 14021824
1791381585.728 14021824
1791381585.779 14021824
1791381585.830 14021824
1791381585.882 14021824
1791381585.933 14021824
1791381585.984 14021824
1791381586.036 14021824
1791381586.087 14021824
1791381586.138 14021824
1791381586.190 14021824
1791381586.241 14021824
1791381586.293 14021824
1791381586.344 14021824
1791381586.395 14021824
1791381586.447 14021824
1791381586.498 14021824
1791381586.549 14021824
1791381586.601 14021824
1791381586.652 14021824
1791381586.703 14021824
1791381586.755 14021824
1791381586.806 14021824
1791381586.857 14021824
1791381586.909 14021824
1791381586.960 14021824
1791381587.011 14021824
1791381587.063 14021824
1791381587.114 14021824
1791381587.166 14021824
1791381587.217 14021824
1791381587.268 14021824
1791381587.320 14021824
1791381587.371 14021824
1791381587.422 14021824
1791381587.473 14021824
1791381587.525 14021824
1791381587.576 14021824
1791381587.627 14021824
1791381587.679 14021824
1791381587.730 14021824
1791381587.781 14021824
1791381587.833 14021824
1791381587.884 14021824
1791381587.935 14021824
1791381587.986 14021824
1791381588.038 14021824
1791381588.089 14021824
1791381588.141 14021824
1791381588.192 14021824
1791381588.243 14021824
1791381588.295 14021824
1791381588.346 14021824
1791381588.397 14021824
1791381588.449 14021824
1791381588.500 14021824
1791381588.551 14021824
1791381588.603 14021824
1791381588.654 14021824
1791381588.705 14021824
1791381588.757 14021824
1791381588.808 14021824
1791381588.859 14021824
1791381588.911 14021824
1791381588.963 14021824
1791381589.014 14021824
1791381589.065 14021824
1791381589.117 14021824
1791381589.168 14021824
1791381589.220 14021824
1791381589.271 14021824
1791381589.322 14021824
1791381589.373 14021824
1791381589.425 14021824
1791381589.476 14021824
1791381589.527 14021824
1791381589.579 14021824
1791381589.630 14021824
1791381589.681 14021824
1791381589.733 14021824
1791381589.784 14021824
1791381589.835 14021824
1791381589.887 14021824
1791381589.938 14021824
1791381589.989 14021824
1791381590.041 14021824
1791381590.092 14021824
1791381590.143 14021824
1791381590.195 14021824
1791381590.246 14021824
1791381590.297 14021824
1791381590.349 14021824
1791381590.400 14021824
1791381590.451 14021824
1791381590.503 14021824
1791381590.554 14021824
1791381590.605 14021824
1791381590.657 14021824
1791381590.708 14021824
1791381590.759 14021824
1791381590.811 14021824
1791381590.862 14021824
1791381590.913 14021824
1791381590.965 14021824
1791381591.016 14021824
1791381591.067 14021824
1791381591.119 14021824
1791381591.170 14021824
1791381591.221 14021824
1791381591.273 14021824
1791381591.324 14021824
1791381591.375 14021824
1791381591.427 14021824
1791381591.478 14021824
1791381591.529 14021824
1791381591.581 14021824
1791381591.632 14021824
1791381591.683 14021824
1791381591.734 14021824
1791381591.786 14021824
1791381591.837 14021824
1791381591.889 14021824
1791381591.940 14021824
1791381591.991 14021824
1791381592.043 14021824
1791381592.094 14021824
1791381592.145 14021824
1791381592.197 14021824
1791381592.248 14021824
1791381592.299 14021824
1791381592.351 14021824
1791381592.402 14022976
1791381592.454 14022976
1791381592.505 14022976
1791381592.556 14022976
1791381592.607 14022976
1791381592.659 14022976
1791381592.710 14022976
1791381592.761 14022976
1791381592.813 14022976
1791381592.864 14022976
1791381592.916 14022976
1791381592.967 14022976
1791381593.018 14022976
1791381593.070 14022976
1791381593.121 14022976
1791381593.172 14022976
1791381593.224 14022976
1791381593.275 14022976
1791381593.326 14022976
1791381593.377 14022976
1791381593.429 14022976
1791381593.480 14022976
1791381593.531 14022976
1791381593.583 14022976
1791381593.634 14022976
1791381593.686 14022976
1791381593.737 14022976
1791381593.788 14022976
1791381593.840 14022976
1791381593.891 14022976
1791381593.942 14022976
1791381593.994 14022976
1791381594.045 14022976
1791381594.097 14022976
1791381594.148 14022976
1791381594.199 14022976
1791381594.250 14022976
1791381594.302 14022976
1791381594.353 14022976
1791381594.404 14022976
1791381594.456 14022976
1791381594.507 14022976
1791381594.558 14022976
1791381594.610 14022976
1791381594.661 14022976
1791381594.713 14022976
1791381594.764 14022976
1791381594.816 14022976
1791381594.867 14022976
1791381594.918 14022976
1791381594.969 14022976
1791381595.021 14022976
1791381595.072 14022976
1791381595.123 14022976
1791381595.175 14022976
1791381595.226 14022976
1791381595.277 14022976
1791381595.329 14022976
1791381595.380 14022976
1791381595.431 14022976
1791381595.483 14022976
1791381595.534 14022976
1791381595.586 14022976
1791381595.637 14022976
1791381595.688 14022976
1791381595.740 14022976
1791381595.791 14022976
1791381595.842 14022976
1791381595.894 14022976
1791381595.945 14022976
1791381595.996 14022976
1791381596.048 14022976
1791381596.099 14022976
1791381596.150 14022976
1791381596.202 14022976
1791381596.253 14022976
1791381596.304 14022976
1791381596.356 14022976
1791381596.407 14022976
1791381596.458 14022976
1791381596.510 14022976
1791381596.561 14022976
1791381596.613 14022976
1791381596.664 14022976
1791381596.715 14022976
1791381596.767 14022976
1791381596.818 14022976
1791381596.869 14022976
1791381596.920 14022976
1791381596.972 14022976
1791381597.023 14022976
1791381597.074 14022976
1791381597.126 14022976
1791381597.177 14022976
1791381597.228 14022976
1791381597.280 14022976
1791381597.331 14022976
1791381597.382 14022976
1791381597.434 14022976
1791381597.485 14022976
1791381597.537 14022976
1791381597.588 14022976
1791381597.639 14022976
1791381597.691 14022976
1791381597.742 14022976
1791381597.793 14022976
1791381597.845 14022976
1791381597.896 14022976
1791381597.947 14022976
1791381597.999 14022976
1791381598.050 14022976
1791381598.101 14022976
1791381598.153 14022976
1791381598.204 14022976
1791381598.255 14022976
1791381598.307 14022976
1791381598.358 14022976
1791381598.409 14022976
1791381598.461 14022976
1791381598.512 14022976
1791381598.564 14022976
1791381598.615 14022976
1791381598.666 14022976
1791381598.718 14022976
1791381598.769 14022976
1791381598.820 14022976
1791381598.871 14022976
1791381598.923 14022976
1791381598.974 14022976
1791381599.026 14022976
1791381599.077 14022976
1791381599.128 14022976
1791381599.180 14022976
1791381599.231 14022976
1791381599.282 14022976
1791381599.334 14022976
1791381599.385 14022976
1791381599.436 14022976
1791381599.488 14022976
1791381599.539 14022976
1791381599.590 14022976
1791381599.642 14022976
1791381599.693 14022976
1791381599.744 14022976
1791381599.796 14022976
1791381599.847 14022976
1791381599.898 14022976
1791381599.950 14022976
1791381600.001 14022976
1791381600.052 14022976
1791381600.104 14022976
1791381600.155 14022976
1791381600.206 14022976
1791381600.258 14022976
1791381600.309 14022976
1791381600.361 14022976
1791381600.412 14022976
1791381600.463 14022976
1791381600.515 14022976
1791381600.566 14022976
1791381600.617 14022976
1791381600.668 14022976
1791381600.720 14022976
1791381600.771 14022976
1791381600.822 14022976
1791381600.874 14022976
1791381600.925 14022976
1791381600.976 14022976
1791381601.028 14022976
1791381601.079 14022976
1791381601.130 14022976
1791381601.182 14022976
1791381601.233 14022976
1791381601.285 14022976
1791381601.336 14022976
1791381601.387 14022976
1791381601.439 14022976
1791381601.490 14022976
1791381601.541 14022976
1791381601.593 14022976
1791381601.644 14022976
1791381601.695 14022976
1791381601.747 14022976
1791381601.798 14022976
1791381601.849 14022976
1791381601.901 14022976
1791381601.952 14022976
1791381602.003 14022976
1791381602.055 14022976
1791381602.106 14022976
1791381602.158 14022976
1791381602.209 14022976
1791381602.260 14022976
1791381602.312 14022976
1791381602.363 14022976
1791381602.414 14022976
1791381602.466 14022976
1791381602.517 14022976
1791381602.568 14022976
1791381602.620 14022976
1791381602.671 14022976
1791381602.722 14022976
1791381602.774 14022976
1791381602.825 14022976
1791381602.876 14022976
1791381602.927 14022976
1791381602.979 14022976
1791381603.030 14022976
1791381603.082 14022976
1791381603.133 14022976
1791381603.184 14022976
1791381603.236 14022976
1791381603.287 14022976
1791381603.339 14022976
1791381603.390 14022976
1791381603.441 14022976
1791381603.493 14022976
1791381603.544 14022976
1791381603.595 14022976
1791381603.647 14022976
1791381603.698 14022976
1791381603.749 14022976
1791381603.801 14022976
1791381603.852 14022976
1791381603.903 14022976
1791381603.955 14022976
1791381604.006 14022976
1791381604.058 14022976
1791381604.109 14022976
1791381604.160 14032192
1791381604.212 14032192
1791381604.263 14032192
1791381604.314 14032192
1791381604.366 14032192
1791381604.417 14032192
1791381604.468 14032192
1791381604.520 14032192
1791381604.571 14032192
1791381604.622 14032192
1791381604.673 14032192
1791381604.725 14032192
1791381604.776 14032192
1791381604.827 14032192
1791381604.879 14032192
1791381604.930 14032192
1791381604.982 14032192
1791381605.033 14032192
1791381605.084 14032192
1791381605.136 14032192
1791381605.187 14032192
1791381605.238 14032192
1791381605.290 14032192
1791381605.341 14032192
1791381605.392 14032192
1791381605.444 14032192
1791381605.495 14032192
1791381605.546 14032192
1791381605.598 14032192
1791381605.649 14032192
1791381605.700 14032192
1791381605.752 14032192
1791381605.803 14032192
1791381605.854 14032192
1791381605.906 14032192
1791381605.957 14032192
1791381606.009 14032192
1791381606.060 14032192
1791381606.112 14032192
1791381606.163 14032192
1791381606.214 14032192
1791381606.266 14032192
1791381606.317 14032192
1791381606.368 14032192
1791381606.420 14032192
1791381606.471 14032192
1791381606.522 14032192
1791381606.574 14032192
1791381606.625 14032192
1791381606.676 14032192
1791381606.728 14032192
1791381606.779 14032192
1791381606.830 14032192
1791381606.882 14032192
1791381606.933 14032192
1791381606.985 14032192
1791381607.036 14032192
1791381607.087 14032192
1791381607.139 14032192
1791381607.190 14032192
1791381607.243 14032192
1791381607.294 14032192
1791381607.345 14032192
1791381607.397 14032192
1791381607.448 14032192
1791381607.500 14032192
1791381607.551 14032192
1791381607.602 14032192
1791381607.653 14032192
1791381607.705 14032192
1791381607.756 14032192
1791381607.808 14032192
1791381607.859 14032192
1791381607.911 14032192
1791381607.962 14032192
1791381608.013 14032192
1791381608.064 14032192
1791381608.116 14032192
1791381608.167 14032192
1791381608.218 14032192
1791381608.270 14032192
1791381608.321 14032192
1791381608.372 14032192
1791381608.424 14032192
1791381608.475 14032192
1791381608.526 14032192
1791381608.578 14032192
1791381608.629 14032192
1791381608.680 14032192
1791381608.732 14032192
1791381608.783 14032192
1791381608.835 14032192
1791381608.886 14032192
1791381608.937 14032192
1791381608.989 14032192
1791381609.040 14032192
1791381609.091 14032192
1791381609.143 14032192
1791381609.194 14032192
1791381609.245 14032192
1791381609.297 14032192
1791381609.348 14032192
1791381609.399 14032192
1791381609.451 14032192
1791381609.502 14032192
1791381609.553 14032192
1791381609.605 14032192
1791381609.656 14032192
1791381609.708 14032192
1791381609.759 14032192
1791381609.811 14032192
1791381609.862 14032192
1791381609.913 14032192
1791381609.965 14032384
1791381610.016 14032384
1791381610.067 14032384
1791381610.119 14032384
1791381610.170 14032384
1791381610.221 14032384
1791381610.273 14032384
1791381610.324 14032384
1791381610.375 14032384
1791381610.427 14032384
1791381610.478 14032384
1791381610.530 14032384
1791381610.581 14032384
1791381610.633 14032384
1791381610.684 14032384
1791381610.735 14032384
1791381610.787 14032384
1791381610.838 14032384
1791381610.889 14032384
1791381610.941 14032384
1791381610.992 14032384
1791381611.043 14032384
1791381611.095 14032384
1791381611.146 14032384
1791381611.197 14032384
1791381611.249 14032384
1791381611.300 14032384
1791381611.351 14032384
1791381611.403 14032384
1791381611.454 14032384
1791381611.506 14032384
1791381611.557 14032384
1791381611.608 14032384
1791381611.660 14032384
1791381611.711 14032384
1791381611.762 14032384
1791381611.814 14032384
1791381611.865 14032384
1791381611.916 14032384
1791381611.968 14032384
1791381612.019 14032384
1791381612.070 14032384
1791381612.122 14032384
1791381612.173 14032384
1791381612.224 14032384
1791381612.276 14032384
1791381612.327 14032384
1791381612.378 14032384
1791381612.430 14032384
1791381612.481 14032384
1791381612.533 14032384
1791381612.584 14032384
1791381612.635 14032384
1791381612.687 14032384
1791381612.738 14032384
1791381612.789 14032384
1791381612.841 14032384
1791381612.892 14032384
1791381612.943 14032384
1791381612.995 14032384
1791381613.046 14032384
1791381613.097 14032384
1791381613.148 14032384
1791381613.200 14032384
1791381613.251 14032384
1791381613.302 14032384
1791381613.354 14032384
1791381613.405 14032384
1791381613.457 14032384
1791381613.508 14032384
1791381613.559 14032384
1791381613.611 14032384
1791381613.662 14032384
1791381613.713 14032384
1791381613.765 14032384
1791381613.816 14032384
1791381613.867 14032384
1791381613.919 14032384
1791381613.970 14032384
1791381614.021 14032384
1791381614.073 14032384
1791381614.124 14032384
1791381614.175 14032384
1791381614.227 14032384
1791381614.278 14032384
1791381614.330 14032384
1791381614.381 14032384
1791381614.432 14032384
1791381614.484 14032384
1791381614.535 14032384
1791381614.586 14032384
1791381614.638 14032384
1791381614.689 14032384
1791381614.740 14032384
1791381614.792 14032384
1791381614.843 14032384
1791381614.894 14032384
1791381614.946 14032384
1791381614.997 14032384
1791381615.048 14032384
1791381615.100 14032384
1791381615.151 14032384
1791381615.202 14032384
1791381615.254 14032384
1791381615.305 14032384
1791381615.357 14032384
1791381615.408 14032384
1791381615.459 14032384
1791381615.511 14032384
1791381615.562 14032384
1791381615.613 14032384
1791381615.665 14032384
1791381615.716 14032384
1791381615.767 14033920
1791381615.819 14033920
1791381615.870 14033920
1791381615.921 14033920
1791381615.973 14033920
1791381616.024 14033920
1791381616.075 14033920
1791381616.127 14033920
1791381616.178 14033920
1791381616.230 14033920
1791381616.281 14033920
1791381616.332 14033920
1791381616.384 14033920
1791381616.435 14033920
1791381616.486 14033920
1791381616.538 14033920
1791381616.589 14033920
1791381616.640 14033920
1791381616.692 14033920
1791381616.743 14033920
1791381616.794 14033920
1791381616.846 14033920
1791381616.897 14033920
1791381616.948 14033920
1791381617.000 14033920
1791381617.051 14033920
1791381617.102 14033920
1791381617.154 14033920
1791381617.205 14033920
1791381617.256 14033920
1791381617.308 14033920
1791381617.359 14033920
1791381617.410 14033920
1791381617.462 14033920
1791381617.513 14033920
1791381617.564 14033920
1791381617.616 14033920
1791381617.667 14033920
1791381617.718 14033920
1791381617.770 14033920
1791381617.824 14033920
1791381617.877 14033920
1791381617.931 14033920
1791381617.985 14033920
1791381618.038 14033920
1791381618.092 14033920
1791381618.146 14033920
1791381618.199 14033920
1791381618.253 14033920
1791381618.306 14033920
1791381618.358 14033920
1791381618.410 14033920
1791381618.461 14033920
1791381618.514 14033920
1791381618.566 14033920
1791381618.617 14033920
1791381618.668 14033920
1791381618.720 14033920
1791381618.771 14033920
1791381618.823 14033920
1791381618.874 14033920
1791381618.925 14033920
1791381618.977 14033920
1791381619.028 14033920
1791381619.080 14033920
1791381619.131 14033920
1791381619.182 14033920
1791381619.234 14033920
1791381619.285 14033920
1791381619.337 14033920
1791381619.388 14033920
1791381619.439 14033920
1791381619.491 14033920
1791381619.542 14033920
1791381619.593 14033920
1791381619.645 14033920
1791381619.697 14033920
1791381619.749 14033920
1791381619.800 14033920
1791381619.851 14033920
1791381619.903 14033920
1791381619.954 14033920
1791381620.006 14033920
1791381620.057 14033920
1791381620.109 14033920
1791381620.160 14033920
1791381620.211 14033920
1791381620.263 14033920
1791381620.314 14033920
1791381620.365 14033920
1791381620.417 14033920
1791381620.468 14033920
1791381620.519 14033920
1791381620.571 14033920
1791381620.622 14033920
1791381620.673 14033920
1791381620.724 14033920
1791381620.776 14033920
1791381620.827 14033920
1791381620.878 14033920
1791381620.930 14033920
1791381620.981 14033920
1791381621.032 14033920
1791381621.084 14033920
1791381621.135 14033920
1791381621.187 14033920
1791381621.238 14033920
1791381621.289 14033920
1791381621.341 14033920
1791381621.392 14033920
1791381621.443 14033920
1791381621.495 14033920
1791381621.546 14033920
1791381621.597 14033920
1791381621.649 14033920
1791381621.700 14033920
1791381621.751 14034112
1791381621.803 14034112
1791381621.854 14034112
1791381621.905 14034112
1791381621.957 14034112
1791381622.008 14034112
1791381622.059 14034112
1791381622.111 14034112
1791381622.162 14034112
1791381622.213 14034112
1791381622.265 14034112
1791381622.316 14034112
1791381622.367 14034112
1791381622.418 14034112
1791381622.470 14034112
1791381622.521 14034112
1791381622.572 14034112
1791381622.624 14034112
1791381622.675 14034112
1791381622.726 14034112
1791381622.777 14034112
1791381622.829 14034112
1791381622.880 14034112
1791381622.931 14034112
1791381622.983 14034112
1791381623.034 14034112
1791381623.085 14034112
1791381623.136 14034112
1791381623.188 14034112
1791381623.239 14034112
1791381623.290 14034112
1791381623.342 14034112
1791381623.393 14034112
1791381623.444 14034112
1791381623.495 14034112
1791381623.547 14034112
1791381623.598 14034112
1791381623.649 14034112
1791381623.700 14034112
1791381623.752 14034112
1791381623.803 14034112
1791381623.854 14034112
1791381623.906 14034112
1791381623.957 14034112
1791381624.008 14034112
1791381624.059 14034112
1791381624.111 14034112
1791381624.162 14034112
1791381624.213 14034112
1791381624.264 14034112
1791381624.316 14034112
1791381624.367 14034112
1791381624.418 14034112
1791381624.469 14034112
1791381624.521 14034112
1791381624.572 14034112
1791381624.623 14034112
1791381624.674 14034112
1791381624.726 14034112
1791381624.777 14034112
1791381624.828 14034112
1791381624.880 14034112
1791381624.931 14034112
1791381624.982 14034112
1791381625.033 14034112
1791381625.085 14034112
1791381625.136 14034112
1791381625.187 14034112
1791381625.238 14034112
1791381625.289 14034112
1791381625.341 14034112
1791381625.392 14034112
1791381625.443 14034112
1791381625.495 14034112
1791381625.546 14034112
1791381625.597 14034112
1791381625.649 14034112
1791381625.700 14034112
1791381625.751 14034112
1791381625.803 14034112
1791381625.854 14034112
1791381625.905 14034112
1791381625.957 14034112
1791381626.008 14034112
1791381626.059 14034112
1791381626.111 14034112
1791381626.162 14034112
1791381626.213 14034112
1791381626.264 14034112
1791381626.316 14034112
1791381626.367 14034112
1791381626.418 14034112
1791381626.469 14034112
1791381626.521 14034112
1791381626.572 14034112
1791381626.623 14034112
1791381626.675 14034112
1791381626.726 14034112
1791381626.777 14034112
1791381626.829 14034112
1791381626.880 14034112
1791381626.931 14034112
1791381626.983 14034112
1791381627.034 14034112
1791381627.085 14034112
1791381627.136 14034112
1791381627.188 14034112
1791381627.239 14034112
1791381627.290 14034112
1791381627.342 14034112
1791381627.393 14034112
1791381627.444 14034112
1791381627.496 14034112
1791381627.547 14034112
1791381627.598 14034112
1791381627.650 14039488
1791381627.701 14039488
1791381627.753 14039488
1791381627.804 14039488
1791381627.855 14039488
1791381627.907 14039488
1791381627.958 14039488
1791381628.009 14039488
1791381628.060 14039488
1791381628.112 14039488
1791381628.163 14039488
1791381628.214 14039488
1791381628.266 14039488
1791381628.317 14039488
1791381628.368 14039488
1791381628.420 14039488
1791381628.471 14039488
1791381628.522 14039488
1791381628.574 14039488
1791381628.625 14039488
1791381628.676 14039488
1791381628.728 14039488
1791381628.779 14039488
1791381628.830 14039488
1791381628.882 14039488
1791381628.933 14039488
1791381628.984 14039488
1791381629.035 14039488
1791381629.087 14039488
1791381629.138 14039488
1791381629.189 14039488
1791381629.241 14039488
1791381629.292 14039488
1791381629.343 14039488
1791381629.395 14039488
1791381629.446 14039488
1791381629.498 14039488
1791381629.549 14039488
1791381629.600 14039488
1791381629.652 14039488
1791381629.703 14039488
1791381629.754 14039488
1791381629.805 14039488
1791381629.857 14039488
1791381629.908 14039488
1791381629.959 14039488
1791381630.010 14039488
1791381630.062 14039488
1791381630.113 14039488
1791381630.164 14039488
1791381630.216 14039488
1791381630.267 14039488
1791381630.318 14039488
1791381630.370 14039488
1791381630.421 14039488
1791381630.473 14039488
1791381630.524 14039488
1791381630.575 14039488
1791381630.626 14039488
1791381630.678 14039488
1791381630.729 14039488
1791381630.780 14039488
1791381630.831 14039488
1791381630.883 14039488
1791381630.934 14039488
1791381630.985 14039488
1791381631.037 14039488
1791381631.088 14039488
1791381631.139 14039488
1791381631.190 14039488
1791381631.242 14039488
1791381631.293 14039488
1791381631.345 14039488
1791381631.396 14039488
1791381631.447 14039488
1791381631.498 14039488
1791381631.550 14039488
1791381631.601 14039488
1791381631.652 14039488
1791381631.703 14039488
1791381631.755 14039488
1791381631.806 14039488
1791381631.857 14039488
1791381631.908 14039488
1791381631.960 14039488
1791381632.011 14039488
1791381632.062 14039488
1791381632.113 14039488
1791381632.164 14039488
1791381632.216 14039488
1791381632.267 14039488
1791381632.319 14039488
1791381632.370 14039488
1791381632.421 14039488
1791381632.473 14039488
1791381632.524 14039488
1791381632.575 14039488
1791381632.626 14039488
1791381632.678 14039488
1791381632.729 14039488
1791381632.780 14039488
1791381632.832 14039488
1791381632.883 14039488
1791381632.934 14039488
1791381632.985 14039488
1791381633.037 14039488
1791381633.088 14039488
1791381633.139 14039488
1791381633.191 14039488
1791381633.242 14039488
1791381633.293 14039488
1791381633.345 14039488
1791381633.396 14039488
1791381633.448 14039488
1791381633.499 14039488
1791381633.550 14039488
1791381633.602 14039488
1791381633.653 14039488
1791381633.704 14039488
1791381633.756 14039488
1791381633.807 14039488
1791381633.858 14039488
1791381633.910 14039488
1791381633.961 14039488
1791381634.012 14039488
1791381634.064 14039488
1791381634.115 14039488
1791381634.167 14039488
1791381634.218 14039488
1791381634.269 14039488
1791381634.321 14039488
1791381634.372 14039488
1791381634.423 14039488
1791381634.475 14039488
1791381634.526 14039488
1791381634.577 14039488
1791381634.629 14039488
1791381634.680 14039488
1791381634.731 14039488
1791381634.782 14039488
1791381634.834 14039488
1791381634.885 14039488
1791381634.936 14039488
1791381634.988 14039488
1791381635.039 14039488
1791381635.091 14039488
1791381635.142 14039488
1791381635.193 14039488
1791381635.245 14039488
1791381635.296 14039488
1791381635.347 14039488
1791381635.399 14039488
1791381635.450 14039488
1791381635.501 14039488
1791381635.553 14039488
1791381635.604 14039488
1791381635.655 14039488
1791381635.706 14039488
1791381635.758 14039488
1791381635.809 14039488
1791381635.860 14039488
1791381635.912 14039488
1791381635.963 14039488
1791381636.015 14039488
1791381636.066 14039488
1791381636.117 14039488
1791381636.169 14039488
1791381636.220 14039488
1791381636.271 14039488
1791381636.323 14039488
1791381636.374 14039488
1791381636.425 14039488
1791381636.477 14039488
1791381636.528 14039488
1791381636.579 14039488
1791381636.631 14039488
1791381636.682 14039488
1791381636.733 14039488
1791381636.785 14039488
1791381636.836 14039488
1791381636.887 14039488
1791381636.939 14039488
1791381636.990 14039488
1791381637.042 14039488
1791381637.093 14039488
1791381637.144 14039488
1791381637.196 14039488
1791381637.247 14039488
1791381637.298 14039488
1791381637.350 14039488
1791381637.401 14039488
1791381637.452 14039488
1791381637.504 14039488
1791381637.555 14039488
1791381637.606 14039488
1791381637.658 14039488
1791381637.709 14039488
1791381637.760 14039488
1791381637.812 14039488
1791381637.863 14039488
1791381637.915 14039488
1791381637.966 14039488
1791381638.017 14039488
1791381638.069 14039488
1791381638.120 14039488
1791381638.171 14039488
1791381638.223 14039488
1791381638.274 14039488
1791381638.325 14039488
1791381638.377 14039488
1791381638.428 14039488
1791381638.479 14039488
1791381638.531 14039488
1791381638.582 14039488
1791381638.633 14039488
1791381638.685 14039488
1791381638.736 14039488
1791381638.787 14039488
1791381638.839 14039488
1791381638.890 14039488
1791381638.941 14039488
1791381638.993 14039488
1791381639.044 14039488
1791381639.095 14039488
1791381639.147 14039488
1791381639.198 14039488
1791381639.249 14039680
1791381639.301 14039680
1791381639.352 14039680
1791381639.403 14039680
1791381639.455 14039680
1791381639.506 14039680
1791381639.557 14039680
1791381639.608 14039680
1791381639.660 14039680
1791381639.711 14039680
1791381639.763 14039680
1791381639.814 14039680
1791381639.865 14039680
1791381639.917 14039680
1791381639.968 14039680
1791381640.019 14039680
1791381640.071 14039680
1791381640.122 14039680
1791381640.173 14039680
1791381640.225 14039680
1791381640.276 14039680
1791381640.327 14039680
1791381640.379 14039680
1791381640.430 14039680
1791381640.481 14039680
1791381640.533 14039680
1791381640.584 14039680
1791381640.635 14039680
1791381640.687 14039680
1791381640.738 14039680
1791381640.790 14039680
1791381640.841 14039680
1791381640.892 14039680
1791381640.944 14039680
1791381640.995 14039680
1791381641.046 14039680
1791381641.097 14039680
1791381641.149 14039680
1791381641.200 14039680
1791381641.252 14039680
1791381641.303 14039680
1791381641.354 14039680
1791381641.405 14039680
1791381641.457 14039680
1791381641.508 14039680
1791381641.559 14039680
1791381641.611 14039680
1791381641.662 14039680
1791381641.714 14039680
1791381641.765 14039680
1791381641.816 14039680
1791381641.868 14039680
1791381641.919 14039680
1791381641.970 14039680
1791381642.022 14039680
1791381642.073 14039680
1791381642.124 14039680
1791381642.175 14039680
1791381642.227 14039680
1791381642.278 14039680
1791381642.329 14039680
1791381642.381 14039680
1791381642.432 14039680
1791381642.483 14039680
1791381642.535 14039680
1791381642.586 14039680
1791381642.638 14039680
1791381642.689 14039680
1791381642.740 14039680
1791381642.792 14039680
1791381642.843 14039680
1791381642.894 14039680
1791381642.945 14039680
1791381642.997 14039680
1791381643.048 14039680
1791381643.099 14039680
1791381643.151 14039680
1791381643.202 14039680
1791381643.253 14039680
1791381643.305 14039680
1791381643.356 14039680
1791381643.407 14039680
1791381643.459 14039680
1791381643.510 14039680
1791381643.562 14039680
1791381643.613 14039680
1791381643.664 14039680
1791381643.716 14039680
1791381643.767 14039680
1791381643.818 14039680
1791381643.870 14039680
1791381643.921 14039680
1791381643.972 14039680
1791381644.023 14039680
1791381644.075 14039680
1791381644.126 14039680
1791381644.177 14039680
1791381644.229 14039680
1791381644.280 14039680
1791381644.331 14039680
1791381644.383 14039680
1791381644.434 14039680
1791381644.486 14039680
1791381644.537 14039680
1791381644.588 14039680
1791381644.640 14039680
1791381644.691 14039680
1791381644.742 14039680
1791381644.793 14039680
1791381644.845 14039680
1791381644.896 14039680
1791381644.947 14039680
1791381644.999 14039680
1791381645.050 14039680
1791381645.101 14039872
1791381645.153 14039872
1791381645.204 14039872
1791381645.255 14039872
1791381645.307 14039872
1791381645.358 14039872
1791381645.410 14039872
1791381645.461 14039872
1791381645.512 14039872
1791381645.564 14039872
1791381645.615 14039872
1791381645.666 14039872
1791381645.718 14039872
1791381645.769 14039872
1791381645.820 14039872
1791381645.872 14039872
1791381645.923 14039872
1791381645.974 14039872
1791381646.026 14039872
1791381646.077 14039872
1791381646.128 14039872
1791381646.179 14039872
1791381646.231 14039872
1791381646.282 14039872
1791381646.334 14039872
1791381646.385 14039872
1791381646.436 14039872
1791381646.488 14039872
1791381646.539 14039872
1791381646.590 14039872
1791381646.642 14039872
1791381646.693 14039872
1791381646.744 14039872
1791381646.796 14039872
1791381646.847 14039872
1791381646.899 14039872
1791381646.950 14039872
1791381647.002 14039872
1791381647.053 14039872
1791381647.104 14039872
1791381647.155 14039872
1791381647.207 14039872
1791381647.258 14039872
1791381647.310 14039872
1791381647.361 14039872
1791381647.412 14039872
1791381647.463 14039872
1791381647.515 14039872
1791381647.566 14039872
1791381647.617 14039872
1791381647.669 14039872
1791381647.720 14039872
1791381647.771 14039872
1791381647.823 14039872
1791381647.874 14039872
1791381647.926 14039872
1791381647.977 14039872
1791381648.028 14039872
1791381648.080 14039872
1791381648.131 14039872
1791381648.182 14039872
1791381648.234 14039872
1791381648.285 14039872
1791381648.336 14039872
1791381648.388 14039872
1791381648.439 14039872
1791381648.491 14039872
1791381648.542 14039872
1791381648.593 14039872
1791381648.645 14039872
1791381648.696 14039872
1791381648.747 14039872
1791381648.799 14039872
1791381648.850 14039872
1791381648.901 14039872
1791381648.953 14039872
1791381649.004 14039872
1791381649.056 14039872
1791381649.107 14039872
1791381649.158 14039872
1791381649.210 14039872
1791381649.261 14039872
1791381649.313 14039872
1791381649.364 14039872
1791381649.416 14039872
1791381649.467 14039872
1791381649.518 14039872
1791381649.569 14039872
1791381649.621 14039872
1791381649.672 14039872
1791381649.723 14039872
1791381649.775 14039872
1791381649.826 14039872
1791381649.877 14039872
1791381649.929 14039872
1791381649.980 14039872
1791381650.031 14039872
1791381650.083 14039872
1791381650.134 14039872
1791381650.185 14039872
1791381650.237 14039872
1791381650.288 14039872
1791381650.340 14039872
1791381650.391 14039872
1791381650.443 14039872
1791381650.494 14039872
1791381650.545 14039872
1791381650.596 14039872
1791381650.648 14039872
1791381650.699 14039872
1791381650.750 14039872
1791381650.802 14039872
1791381650.853 14039872
1791381650.904 14039872
1791381650.956 14039872
1791381651.009 14039872
1791381651.062 14039872
1791381651.114 14039872
1791381651.166 14039872
1791381651.218 14039872
1791381651.270 14039872
1791381651.322 14039872
1791381651.373 14039872
1791381651.424 14039872
1791381651.475 14039872
1791381651.527 14039872
1791381651.578 14039872
1791381651.629 14039872
1791381651.680 14039872
1791381651.732 14039872
1791381651.783 14039872
1791381651.834 14039872
1791381651.885 14039872
1791381651.937 14039872
1791381651.988 14039872
1791381652.040 14039872
1791381652.091 14039872
1791381652.142 14039872
1791381652.193 14039872
1791381652.245 14039872
1791381652.296 14039872
1791381652.347 14039872
1791381652.399 14039872
1791381652.450 14039872
1791381652.501 14039872
1791381652.552 14039872
1791381652.604 14039872
1791381652.655 14039872
1791381652.706 14039872
1791381652.757 14039872
1791381652.809 14039872
1791381652.860 14039872
1791381652.911 14039872
1791381652.963 14039872
1791381653.014 14039872
1791381653.065 14039872
1791381653.117 14039872
1791381653.168 14039872
1791381653.219 14039872
1791381653.271 14039872
1791381653.322 14039872
1791381653.373 14039872
1791381653.425 14039872
1791381653.476 14039872
1791381653.527 14039872
1791381653.578 14039872
1791381653.630 14039872
1791381653.681 14039872
1791381653.732 14039872
1791381653.784 14039872
1791381653.835 14039872
1791381653.886 14039872
1791381653.938 14039872
1791381653.989 14039872
1791381654.040 14039872
1791381654.091 14039872
1791381654.143 14039872
1791381654.194 14039872
1791381654.245 14039872
1791381654.296 14039872
1791381654.348 14039872
1791381654.399 14039872
1791381654.450 14039872
1791381654.502 14039872
1791381654.553 14039872
1791381654.604 14039872
1791381654.656 14039872
1791381654.707 14039872
1791381654.758 14039872
1791381654.810 14039872
1791381654.861 14039872
1791381654.912 14039872
1791381654.964 14039872
1791381655.015 14039872
1791381655.066 14039872
1791381655.117 14039872
1791381655.169 14039872
1791381655.220 14039872
1791381655.271 14039872
1791381655.323 14039872
1791381655.374 14039872
1791381655.425 14039872
1791381655.476 14039872
1791381655.528 14039872
1791381655.579 14039872
1791381655.630 14039872
1791381655.681 14039872
1791381655.733 14039872
1791381655.784 14039872
1791381655.835 14039872
1791381655.887 14039872
1791381655.938 14039872
1791381655.989 14039872
1791381656.041 14039872
1791381656.092 14039872
1791381656.143 14039872
1791381656.194 14039872
1791381656.246 14039872
1791381656.297 14039872
1791381656.348 14039872
1791381656.399 14039872
1791381656.450 14039872
1791381656.502 14039872
1791381656.553 14039872
1791381656.604 14039872
1791381656.656 14039872
1791381656.707 14039872
1791381656.758 14039872
1791381656.810 14039872
1791381656.861 14040640
1791381656.912 14040640
1791381656.964 14040640
1791381657.015 14040640
1791381657.066 14040640
1791381657.117 14040640
1791381657.168 14040640
1791381657.220 14040640
1791381657.271 14040640
1791381657.322 14040640
1791381657.373 14040640
1791381657.425 14040640
1791381657.476 14040640
1791381657.527 14040640
1791381657.579 14040640
1791381657.630 14040640
1791381657.681 14040640
1791381657.733 14040640
1791381657.784 14040640
1791381657.835 14040640
1791381657.887 14040640
1791381657.938 14040640
1791381657.989 14040640
1791381658.041 14040640
1791381658.092 14040640
1791381658.143 14040640
1791381658.195 14040640
1791381658.246 14040640
1791381658.297 14040640
1791381658.349 14040640
1791381658.400 14040640
1791381658.451 14040640
1791381658.503 14040640
1791381658.554 14040640
1791381658.605 14040640
1791381658.657 14040640
1791381658.708 14040640
1791381658.759 14040640
1791381658.811 14040640
1791381658.862 14040640
1791381658.913 14040640
1791381658.965 14040640
1791381659.016 14040640
1791381659.067 14040640
1791381659.119 14040640
1791381659.170 14040640
1791381659.221 14040640
1791381659.273 14040640
1791381659.324 14040640
1791381659.375 14040640
1791381659.426 14040640
1791381659.478 14040640
1791381659.529 14040640
1791381659.581 14040640
1791381659.632 14040640
1791381659.683 14040640
1791381659.735 14040640
1791381659.786 14040640
1791381659.837 14040640
1791381659.889 14040640
1791381659.940 14040640
1791381659.991 14040640
1791381660.042 14040640
1791381660.094 14040640
1791381660.145 14040640
1791381660.196 14040640
1791381660.248 14040640
1791381660.299 14040640
1791381660.350 14040640
1791381660.402 14040640
1791381660.453 14040640
1791381660.505 14040640
1791381660.556 14040640
1791381660.607 14040640
1791381660.659 14040640
1791381660.710 14040640
1791381660.761 14040640
1791381660.813 14040640
1791381660.864 14040640
1791381660.915 14040640
1791381660.967 14040640
1791381661.018 14040640
1791381661.069 14040640
1791381661.121 14040640
1791381661.172 14040640
1791381661.223 14040640
1791381661.274 14040640
1791381661.326 14040640
1791381661.377 14040640
1791381661.429 14040640
1791381661.480 14040640
1791381661.531 14040640
1791381661.583 14040640
1791381661.634 14040640
1791381661.686 14040640
1791381661.737 14040640
1791381661.788 14040640
1791381661.839 14040640
1791381661.891 14040640
1791381661.942 14040640
1791381661.993 14040640
1791381662.044 14040640
1791381662.096 14040640
1791381662.147 14040640
1791381662.198 14040640
1791381662.249 14040640
1791381662.301 14040640
1791381662.352 14040640
1791381662.404 14040640
1791381662.455 14040640
1791381662.506 14040640
1791381662.557 14040640
1791381662.609 14040640
1791381662.660 14040640
1791381662.712 14041216
1791381662.764 14041216
1791381662.815 14041216
1791381662.866 14041216
1791381662.918 14041216
1791381662.969 14041216
1791381663.020 14041216
1791381663.071 14041216
1791381663.123 14041216
1791381663.174 14041216
1791381663.225 14041216
1791381663.277 14041216
1791381663.328 14041216
1791381663.379 14041216
1791381663.431 14041216
1791381663.482 14041216
1791381663.533 14041216
1791381663.584 14041216
1791381663.636 14041216
1791381663.687 14041216
1791381663.738 14041216
1791381663.789 14041216
1791381663.841 14041216
1791381663.892 14041216
1791381663.943 14041216
1791381663.995 14041216
1791381664.046 14041216
1791381664.097 14041216
1791381664.149 14041216
1791381664.200 14041216
1791381664.252 14041216
1791381664.303 14041216
1791381664.354 14041216
1791381664.406 14041216
1791381664.457 14041216
1791381664.508 14041216
1791381664.560 14041216
1791381664.611 14041216
1791381664.662 14041216
1791381664.714 14041216
1791381664.765 14041216
1791381664.816 14041216
1791381664.868 14041216
1791381664.919 14041216
1791381664.970 14041216
1791381665.022 14041216
1791381665.073 14041216
1791381665.124 14041216
1791381665.176 14041216
1791381665.227 14041216
1791381665.278 14041216
1791381665.330 14041216
1791381665.382 14041216
1791381665.433 14041216
1791381665.484 14041216
1791381665.536 14041216
1791381665.587 14041216
1791381665.638 14041216
1791381665.689 14041216
1791381665.741 14041216
1791381665.792 14041216
1791381665.843 14041216
1791381665.895 14041216
1791381665.946 14041216
1791381665.997 14041216
1791381666.049 14041216
1791381666.100 14041216
1791381666.152 14041216
1791381666.203 14041216
1791381666.255 14041216
1791381666.306 14041216
1791381666.357 14041216
1791381666.409 14041216
1791381666.460 14041216
1791381666.511 14041216
1791381666.563 14041216
1791381666.614 14041216
1791381666.665 14041216
1791381666.717 14041216
1791381666.768 14041216
1791381666.819 14041216
1791381666.871 14041216
1791381666.922 14041216
1791381666.973 14041216
1791381667.025 14041216
1791381667.076 14041216
1791381667.128 14041216
1791381667.179 14041216
1791381667.230 14041216
1791381667.282 14041216
1791381667.333 14041216
1791381667.384 14041216
1791381667.436 14041216
1791381667.487 14041216
1791381667.538 14041216
1791381667.590 14041216
1791381667.641 14041216
1791381667.692 14041216
1791381667.744 14041216
1791381667.795 14041216
1791381667.846 14041216
1791381667.898 14041216
1791381667.949 14041216
1791381668.001 14041216
1791381668.052 14041216
1791381668.103 14041216
1791381668.155 14041216
1791381668.206 14041216
1791381668.258 14041216
1791381668.309 14041216
1791381668.360 14041216
1791381668.412 14041216
1791381668.463 14041216
1791381668.514 14041216
1791381668.566 14041408
1791381668.617 14041408
1791381668.668 14041408
1791381668.720 14041408
1791381668.771 14041408
1791381668.822 14041408
1791381668.873 14041408
1791381668.925 14041408
1791381668.976 14041408
1791381669.028 14041408
1791381669.079 14041408
1791381669.130 14041408
1791381669.182 14041408
1791381669.233 14041408
1791381669.284 14041408
1791381669.336 14041408
1791381669.387 14041408
1791381669.438 14041408
1791381669.490 14041408
1791381669.541 14041408
1791381669.592 14041408
1791381669.644 14041408
1791381669.695 14041408
1791381669.746 14041408
1791381669.798 14041408
1791381669.849 14041408
1791381669.901 14041408
1791381669.952 14041408
1791381670.003 14041408
1791381670.055 14041408
1791381670.106 14041408
1791381670.157 14041408
1791381670.209 14041408
1791381670.260 14041408
1791381670.311 14041408
1791381670.363 14041408
1791381670.414 14041408
1791381670.465 14041408
1791381670.516 14041408
1791381670.568 14041408
1791381670.619 14041408
1791381670.670 14041408
1791381670.722 14041408
1791381670.773 14041408
1791381670.824 14041408
1791381670.876 14041408
1791381670.927 14041408
1791381670.978 14041408
1791381671.030 14041408
1791381671.081 14041408
1791381671.133 14041408
1791381671.184 14041408
1791381671.235 14041408
1791381671.287 14041408
1791381671.338 14041408
1791381671.389 14041408
1791381671.441 14041408
1791381671.492 14041408
1791381671.543 14041408
1791381671.595 14041408
1791381671.646 14041408
1791381671.697 14041408
1791381671.749 14041408
1791381671.800 14041408
1791381671.852 14041408
1791381671.903 14041408
1791381671.955 14041408
1791381672.006 14041408
1791381672.057 14041408
1791381672.109 14041408
1791381672.160 14041408
1791381672.212 14041408
1791381672.263 14041408
1791381672.314 14041408
1791381672.365 14041408
1791381672.417 14041408
1791381672.468 14041408
1791381672.519 14041408
1791381672.571 14041408
1791381672.622 14041408
1791381672.673 14041408
1791381672.725 14041408
1791381672.776 14041408
1791381672.828 14041408
1791381672.879 14041408
1791381672.930 14041408
1791381672.982 14041408
1791381673.033 14041408
1791381673.084 14041408
1791381673.136 14041408
1791381673.187 14041408
1791381673.238 14041408
1791381673.290 14041408
1791381673.341 14041408
1791381673.392 14041408
1791381673.444 14041408
1791381673.495 14041408
1791381673.546 14041408
1791381673.598 14041408
1791381673.649 14041408
1791381673.700 14041408
1791381673.752 14041408
1791381673.803 14041408
1791381673.854 14041408
1791381673.906 14041408
1791381673.957 14041408
1791381674.008 14041408
1791381674.060 14041408
1791381674.111 14041408
1791381674.162 14041408
1791381674.214 14041408
1791381674.265 14041408
1791381674.316 14041408
1791381674.368 14041408
1791381674.419 14041408
1791381674.470 14041792
1791381674.522 14041792
1791381674.573 14041792
1791381674.625 14041792
1791381674.676 14041792
1791381674.727 14041792
1791381674.779 14041792
1791381674.830 14041792
1791381674.881 14041792
1791381674.933 14041792
1791381674.984 14041792
1791381675.035 14041792
1791381675.087 14041792
1791381675.138 14041792
1791381675.189 14041792
1791381675.241 14041792
1791381675.292 14041792
1791381675.343 14041792
1791381675.395 14041792
1791381675.446 14041792
1791381675.497 14041792
1791381675.549 14041792
1791381675.600 14041792
1791381675.652 14041792
1791381675.703 14041792
1791381675.754 14041792
1791381675.806 14041792
1791381675.857 14041792
1791381675.908 14041792
1791381675.960 14041792
1791381676.011 14041792
1791381676.062 14041792
1791381676.114 14041792
1791381676.165 14041792
1791381676.216 14041792
1791381676.268 14041792
1791381676.319 14041792
1791381676.370 14041792
1791381676.422 14041792
1791381676.473 14041792
1791381676.524 14041792
1791381676.576 14041792
1791381676.627 14041792
1791381676.678 14041792
1791381676.730 14041792
1791381676.781 14041792
1791381676.832 14041792
1791381676.884 14041792
1791381676.935 14041792
1791381676.986 14041792
1791381677.038 14041792
1791381677.089 14041792
1791381677.140 14041792
1791381677.192 14041792
1791381677.243 14041792
1791381677.294 14041792
1791381677.345 14041792
1791381677.397 14041792
1791381677.448 14041792
1791381677.500 14041792
1791381677.551 14041792
1791381677.602 14041792
1791381677.654 14041792
1791381677.705 14041792
1791381677.756 14041792
1791381677.808 14041792
1791381677.859 14041792
1791381677.910 14041792
1791381677.962 14041792
1791381678.013 14041792
1791381678.064 14041792
1791381678.116 14041792
1791381678.167 14041792
1791381678.218 14041792
1791381678.270 14041792
1791381678.321 14041792
1791381678.373 14041792
1791381678.424 14041792
1791381678.476 14041792
1791381678.527 14041792
1791381678.578 14041792
1791381678.630 14041792
1791381678.681 14041792
1791381678.732 14041792
1791381678.784 14041792
1791381678.835 14041792
1791381678.886 14041792
1791381678.938 14041792
1791381678.991 14041792
1791381679.043 14041792
1791381679.095 14041792
1791381679.147 14041792
1791381679.198 14041792
1791381679.249 14041792
1791381679.301 14041792
1791381679.352 14041792
1791381679.404 14041792
1791381679.455 14041792
1791381679.506 14041792
1791381679.558 14041792
1791381679.609 14041792
1791381679.660 14041792
1791381679.712 14041792
1791381679.763 14041792
1791381679.814 14041792
1791381679.866 14041792
1791381679.917 14041792
1791381679.968 14041792
1791381680.020 14041792
1791381680.071 14041792
1791381680.123 14041792
1791381680.174 14041792
1791381680.226 14041792
1791381680.277 14041792
1791381680.329 14041792
1791381680.380 14041792
1791381680.432 14042176
1791381680.483 14042176
1791381680.534 14042176
1791381680.586 14042176
1791381680.637 14042176
1791381680.688 14042176
1791381680.740 14042176
1791381680.791 14042176
1791381680.842 14042176
1791381680.894 14042176
1791381680.945 14042176
1791381680.997 14042176
1791381681.048 14042176
1791381681.099 14042176
1791381681.151 14042176
1791381681.203 14042176
1791381681.254 14042176
1791381681.305 14042176
1791381681.357 14042176
1791381681.408 14042176
1791381681.460 14042176
1791381681.511 14042176
1791381681.562 14042176
1791381681.613 14042176
1791381681.665 14042176
1791381681.716 14042176
1791381681.767 14042176
1791381681.819 14042176
1791381681.870 14042176
1791381681.921 14042176
1791381681.973 14042176
1791381682.024 14042176
1791381682.076 14042176
1791381682.127 14042176
1791381682.178 14042176
1791381682.230 14042176
1791381682.281 14042176
1791381682.333 14042176
1791381682.384 14042176
1791381682.435 14042176
1791381682.487 14042176
1791381682.538 14042176
1791381682.589 14042176
1791381682.641 14042176
1791381682.692 14042176
1791381682.744 14042176
1791381682.795 14042176
1791381682.846 14042176
1791381682.898 14042176
1791381682.949 14042176
1791381683.001 14042176
1791381683.052 14042176
1791381683.103 14042176
1791381683.155 14042176
1791381683.206 14042176
1791381683.258 14042176
1791381683.309 14042176
1791381683.360 14042176
1791381683.412 14042176
1791381683.463 14042176
1791381683.515 14042176
1791381683.566 14042176
1791381683.617 14042176
1791381683.669 14042176
1791381683.720 14042176
1791381683.771 14042176
1791381683.823 14042176
1791381683.874 14042176
1791381683.925 14042176
1791381683.977 14042176
1791381684.028 14042176
1791381684.079 14042176
1791381684.131 14042176
1791381684.182 14042176
1791381684.234 14042176
1791381684.285 14042176
1791381684.336 14042176
1791381684.388 14042176
1791381684.439 14042176
1791381684.490 14042176
1791381684.542 14042176
1791381684.593 14042176
1791381684.644 14042176
1791381684.696 14042176
1791381684.747 14042176
1791381684.798 14042176
1791381684.850 14042176
1791381684.901 14042176
1791381684.952 14042176
1791381685.004 14042176
1791381685.055 14042176
1791381685.106 14042176
1791381685.158 14042176
1791381685.209 14042176
1791381685.260 14042176
1791381685.312 14042176
1791381685.363 14042176
1791381685.415 14042176
1791381685.466 14042176
1791381685.517 14042176
1791381685.569 14042176
1791381685.620 14042176
1791381685.672 14042176
1791381685.723 14042176
1791381685.774 14042176
1791381685.825 14042176
1791381685.877 14042176
1791381685.928 14042176
1791381685.979 14042176
1791381686.031 14042176
1791381686.082 14042176
1791381686.134 14042176
1791381686.185 14042176
1791381686.236 14042176
1791381686.288 14042176
1791381686.339 14042176
1791381686.390 14042176
1791381686.442 14042176
1791381686.493 14042176
1791381686.545 14042176
1791381686.596 14042176
1791381686.647 14042176
1791381686.699 14042176
1791381686.750 14042176
1791381686.801 14042176
1791381686.853 14042176
1791381686.904 14042176
1791381686.956 14042176
1791381687.007 14042176
1791381687.058 14042176
1791381687.110 14042176
1791381687.161 14042176
1791381687.212 14042176
1791381687.264 14042176
1791381687.315 14042176
1791381687.366 14042176
1791381687.418 14042176
1791381687.469 14042176
1791381687.520 14042176
1791381687.572 14042176
1791381687.623 14042176
1791381687.674 14042176
1791381687.726 14042176
1791381687.777 14042176
1791381687.829 14042176
1791381687.880 14042176
1791381687.932 14042176
1791381687.983 14042176
1791381688.034 14042176
1791381688.086 14042176
1791381688.137 14042176
1791381688.188 14042176
1791381688.240 14042176
1791381688.291 14042176
1791381688.342 14042176
1791381688.394 14042176
1791381688.445 14042176
1791381688.496 14042176
1791381688.548 14042176
1791381688.599 14042176
1791381688.650 14042176
1791381688.702 14042176
1791381688.753 14042176
1791381688.804 14042176
1791381688.856 14042176
1791381688.907 14042176
1791381688.959 14042176
1791381689.010 14042176
1791381689.061 14042176
1791381689.113 14042176
1791381689.164 14042176
1791381689.215 14042176
1791381689.267 14042176
1791381689.318 14042176
1791381689.369 14042176
1791381689.421 14042176
1791381689.472 14042176
1791381689.523 14042176
1791381689.575 14042176
1791381689.626 14042176
1791381689.677 14042176
1791381689.729 14042176
1791381689.780 14042176
1791381689.832 14042176
1791381689.883 14042176
1791381689.934 14042176
1791381689.986 14042176
1791381690.037 14042176
1791381690.088 14042176
1791381690.140 14042176
1791381690.191 14042176
1791381690.242 14042176
1791381690.294 14042176
1791381690.345 14042176
1791381690.396 14042176
1791381690.448 14042176
1791381690.499 14042176
1791381690.550 14042176
1791381690.602 14042176
1791381690.653 14042176
1791381690.704 14042176
1791381690.756 14042176
1791381690.807 14042176
1791381690.859 14042176
1791381690.910 14042176
1791381690.961 14042176
1791381691.013 14042176
1791381691.064 14042176
1791381691.115 14042176
1791381691.167 14042176
1791381691.218 14042176
1791381691.269 14042176
1791381691.321 14042176
1791381691.372 14042176
1791381691.423 14042176
1791381691.475 14042176
1791381691.526 14042176
1791381691.577 14042176
1791381691.629 14042176
1791381691.680 14042176
1791381691.732 14042176
1791381691.783 14042176
1791381691.834 14042176
1791381691.886 14042176
1791381691.937 14042176
1791381691.988 14042176
1791381692.040 14042176
1791381692.091 14042176
1791381692.142 14042176
1791381692.193 14043328
1791381692.245 14043328
1791381692.296 14043328
1791381692.348 14043328
1791381692.399 14043328
1791381692.450 14043328
1791381692.501 14043328
1791381692.553 14043328
1791381692.604 14043328
1791381692.656 14043328
1791381692.707 14043328
1791381692.758 14043328
1791381692.810 14043328
1791381692.861 14043328
1791381692.912 14043328
1791381692.964 14043328
1791381693.015 14043328
1791381693.066 14043328
1791381693.118 14043328
1791381693.169 14043328
1791381693.220 14043328
1791381693.272 14043328
1791381693.323 14043328
1791381693.374 14043328
1791381693.426 14043328
1791381693.477 14043328
1791381693.528 14043328
1791381693.580 14043328
1791381693.631 14043328
1791381693.683 14043328
1791381693.734 14043328
1791381693.785 14043328
1791381693.837 14043328
1791381693.888 14043328
1791381693.939 14043328
1791381693.991 14043328
1791381694.042 14043328
1791381694.093 14043328
1791381694.145 14043328
1791381694.196 14043328
1791381694.247 14043328
1791381694.299 14043328
1791381694.350 14043328
1791381694.401 14043328
1791381694.453 14043328
1791381694.504 14043328
1791381694.556 14043328
1791381694.607 14043328
1791381694.658 14043328
1791381694.710 14043328
1791381694.761 14043328
1791381694.812 14043328
1791381694.864 14043328
1791381694.915 14043328
1791381694.966 14043328
1791381695.018 14043328
1791381695.069 14043328
1791381695.120 14043328
1791381695.172 14043328
1791381695.223 14043328
1791381695.274 14043328
1791381695.326 14043328
1791381695.377 14043328
1791381695.429 14043328
1791381695.480 14043328
1791381695.532 14043328
1791381695.583 14043328
1791381695.634 14043328
1791381695.686 14043328
1791381695.737 14043328
1791381695.788 14043328
1791381695.840 14043328
1791381695.891 14043328
1791381695.942 14043328
1791381695.994 14043328
1791381696.045 14043328
1791381696.096 14043328
1791381696.148 14043328
1791381696.199 14043328
1791381696.250 14043328
1791381696.302 14043328
1791381696.353 14043328
1791381696.404 14043328
1791381696.456 14043328
1791381696.507 14043328
1791381696.559 14043328
1791381696.610 14043328
1791381696.661 14043328
1791381696.713 14043328
1791381696.764 14043328
1791381696.816 14043328
1791381696.867 14043328
1791381696.918 14043328
1791381696.970 14043328
1791381697.021 14043328
1791381697.072 14043328
1791381697.124 14043328
1791381697.175 14043328
1791381697.227 14043328
1791381697.279 14043328
1791381697.330 14043328
1791381697.381 14043328
1791381697.433 14043328
1791381697.484 14043328
1791381697.536 14043328
1791381697.587 14043328
1791381697.639 14043328
1791381697.690 14043328
1791381697.742 14043328
1791381697.795 14043328
1791381697.847 14043328
1791381697.899 14043328
1791381697.951 14043328
1791381698.004 14043328
1791381698.055 14043328
1791381698.107 14043328
1791381698.158 14044480
1791381698.209 14044480
1791381698.261 14044480
1791381698.312 14044480
1791381698.363 14044480
1791381698.415 14044480
1791381698.466 14044480
1791381698.518 14044480
1791381698.569 14044480
1791381698.620 14044480
1791381698.672 14044480
1791381698.723 14044480
1791381698.774 14044480
1791381698.826 14044480
1791381698.877 14044480
1791381698.928 14044480
1791381698.980 14044480
1791381699.031 14044480
1791381699.083 14044480
1791381699.134 14044480
1791381699.185 14044480
1791381699.237 14044480
1791381699.288 14044480
1791381699.342 14044480
1791381699.393 14044480
1791381699.444 14044480
1791381699.496 14044480
1791381699.547 14044480
1791381699.599 14044480
1791381699.650 14044480
1791381699.701 14044480
1791381699.753 14044480
1791381699.804 14044480
1791381699.855 14044480
1791381699.907 14044480
1791381699.958 14044480
1791381700.009 14044480
1791381700.061 14044480
1791381700.112 14044480
1791381700.163 14044480
1791381700.215 14044480
1791381700.266 14044480
1791381700.318 14044480
1791381700.369 14044480
1791381700.420 14044480
1791381700.472 14044480
1791381700.523 14044480
1791381700.574 14044480
1791381700.626 14044480
1791381700.677 14044480
1791381700.728 14044480
1791381700.780 14044480
1791381700.831 14044480
1791381700.882 14044480
1791381700.934 14044480
1791381700.985 14044480
1791381701.036 14044480
1791381701.088 14044480
1791381701.140 14044480
1791381701.191 14044480
1791381701.242 14044480
1791381701.294 14044480
1791381701.345 14044480
1791381701.397 14044480
1791381701.448 14044480
1791381701.499 14044480
1791381701.551 14044480
1791381701.602 14044480
1791381701.653 14044480
1791381701.705 14044480
1791381701.756 14044480
1791381701.808 14044480
1791381701.859 14044480
1791381701.910 14044480
1791381701.962 14044480
1791381702.013 14044480
1791381702.064 14044480
1791381702.116 14044480
1791381702.167 14044480
1791381702.218 14044480
1791381702.270 14044480
1791381702.321 14044480
1791381702.373 14044480
1791381702.424 14044480
1791381702.475 14044480
1791381702.527 14044480
1791381702.578 14044480
1791381702.629 14044480
1791381702.681 14044480
1791381702.732 14044480
1791381702.783 14044480
1791381702.835 14044480
1791381702.886 14044480
1791381702.937 14044480
1791381702.989 14044480
1791381703.040 14044480
1791381703.091 14044480
1791381703.143 14044480
1791381703.194 14044480
1791381703.246 14044480
1791381703.297 14044480
1791381703.348 14044480
1791381703.399 14044480
1791381703.451 14044480
1791381703.502 14044480
1791381703.554 14044480
1791381703.605 14044480
1791381703.656 14044480
1791381703.708 14044480
1791381703.759 14044480
1791381703.810 14044480
1791381703.862 14044480
1791381703.913 14044480
1791381703.964 14044480
1791381704.016 14044480
1791381704.067 14044480
1791381704.119 14044480
1791381704.170 14044480
1791381704.221 14047360
1791381704.273 14047360
1791381704.324 14047360
1791381704.375 14047360
1791381704.427 14047360
1791381704.478 14047360
1791381704.530 14047360
1791381704.581 14047360
1791381704.632 14047360
1791381704.684 14047360
1791381704.735 14047360
1791381704.786 14047360
1791381704.838 14047360
1791381704.889 14047360
1791381704.941 14047360
1791381704.992 14047360
1791381705.043 14047360
1791381705.095 14047360
1791381705.146 14047360
1791381705.197 14047360
1791381705.249 14047360
1791381705.300 14047360
1791381705.351 14047360
1791381705.403 14047360
1791381705.454 14047360
1791381705.505 14047360
1791381705.557 14047360
1791381705.608 14047360
1791381705.659 14047360
1791381705.711 14047360
1791381705.762 14047360
1791381705.813 14047360
1791381705.865 14047360
1791381705.916 14047360
1791381705.967 14047360
1791381706.019 14047360
1791381706.070 14047360
1791381706.122 14047360
1791381706.173 14047360
1791381706.224 14047360
1791381706.276 14047360
1791381706.328 14047360
1791381706.380 14047360
1791381706.432 14047360
1791381706.484 14047360
1791381706.535 14047360
1791381706.586 14047360
1791381706.638 14047360
1791381706.689 14047360
1791381706.740 14047360
1791381706.792 14047360
1791381706.843 14047360
1791381706.894 14047360
1791381706.946 14047360
1791381706.997 14047360
1791381707.049 14047360
1791381707.100 14047360
1791381707.152 14047360
1791381707.203 14047360
1791381707.255 14047360
1791381707.306 14047360
1791381707.358 14047360
1791381707.409 14047360
1791381707.460 14047360
1791381707.512 14047360
1791381707.563 14047360
1791381707.614 14047360
1791381707.666 14047360
1791381707.717 14047360
1791381707.769 14047360
1791381707.820 14047360
1791381707.871 14047360
1791381707.923 14047360
1791381707.974 14047360
1791381708.025 14047360
1791381708.077 14047360
1791381708.128 14047360
1791381708.180 14047360
1791381708.231 14047360
1791381708.282 14047360
1791381708.334 14047360
1791381708.385 14047360
1791381708.436 14047360
1791381708.487 14047360
1791381708.539 14047360
1791381708.590 14047360
1791381708.642 14047360
1791381708.693 14047360
1791381708.744 14047360
1791381708.796 14047360
1791381708.847 14047360
1791381708.898 14047360
1791381708.950 14047360
1791381709.001 14047360
1791381709.053 14047360
1791381709.104 14047360
1791381709.155 14047360
1791381709.207 14047360
1791381709.258 14047360
1791381709.309 14047360
1791381709.360 14047360
1791381709.412 14047360
1791381709.463 14047360
1791381709.515 14047360
1791381709.566 14047360
1791381709.617 14047360
1791381709.668 14047360
1791381709.720 14047360
1791381709.771 14047360
1791381709.822 14047360
1791381709.874 14047360
1791381709.925 14047360
1791381709.977 14047360
1791381710.028 14047360
1791381710.079 14047360
1791381710.131 14050048
1791381710.182 14050048
1791381710.233 14050048
1791381710.285 14050048
1791381710.336 14050048
1791381710.387 14050048
1791381710.439 14050048
1791381710.490 14050048
1791381710.541 14050048
1791381710.593 14050048
1791381710.644 14050048
1791381710.695 14050048
1791381710.747 14050048
1791381710.798 14050048
1791381710.850 14050048
1791381710.901 14050048
1791381710.952 14050048
1791381711.004 14050048
1791381711.055 14050048
1791381711.106 14050048
1791381711.158 14050048
1791381711.209 14050048
1791381711.261 14050048
1791381711.312 14050048
1791381711.363 14050048
1791381711.415 14050048
1791381711.466 14050048
1791381711.517 14050048
1791381711.569 14050048
1791381711.620 14050048
1791381711.671 14050048
1791381711.723 14050048
1791381711.774 14050048
1791381711.825 14050048
1791381711.877 14050048
1791381711.928 14050048
1791381711.980 14050048
1791381712.031 14050048
1791381712.082 14050048
1791381712.134 14050048
1791381712.189 14050048
1791381712.240 14050048
1791381712.291 14050048
1791381712.343 14050048
1791381712.394 14050048
1791381712.446 14050048
1791381712.497 14050048
1791381712.548 14050048
1791381712.599 14050048
1791381712.651 14050048
1791381712.702 14050048
1791381712.754 14050048
1791381712.805 14050048
1791381712.856 14050048
1791381712.908 14050048
1791381712.959 14050048
1791381713.011 14050048
1791381713.062 14050048
1791381713.113 14050048
1791381713.165 14050048
1791381713.216 14050048
1791381713.267 14050048
1791381713.318 14050048
1791381713.370 14050048
1791381713.421 14050048
1791381713.472 14050048
1791381713.524 14050048
1791381713.575 14050048
1791381713.627 14050048
1791381713.678 14050048
1791381713.729 14050048
1791381713.781 14050048
1791381713.832 14050048
1791381713.883 14050048
1791381713.935 14050048
1791381713.986 14050048
1791381714.037 14050048
1791381714.089 14050048
1791381714.140 14050048
1791381714.192 14050048
1791381714.243 14050048
1791381714.294 14050048
1791381714.346 14050048
1791381714.397 14050048
1791381714.448 14050048
1791381714.500 14050048
1791381714.551 14050048
1791381714.602 14050048
1791381714.654 14050048
1791381714.705 14050048
1791381714.756 14050048
1791381714.808 14050048
1791381714.859 14050048
1791381714.910 14050048
1791381714.962 14050048
1791381715.013 14050048
1791381715.064 14050048
1791381715.116 14050048
1791381715.167 14050048
1791381715.218 14050048
1791381715.270 14050048
1791381715.321 14050048
1791381715.372 14050048
1791381715.424 14050048
1791381715.475 14050048
1791381715.526 14050048
1791381715.578 14050048
1791381715.629 14050048
1791381715.681 14050048
1791381715.732 14050048
1791381715.783 14050048
1791381715.835 14050048
1791381715.886 14050048
1791381715.937 14050048
1791381715.989 14052928
1791381716.040 14052928
1791381716.092 14052928
1791381716.143 14052928
1791381716.194 14052928
1791381716.245 14052928
1791381716.297 14052928
1791381716.348 14052928
1791381716.400 14052928
1791381716.451 14052928
1791381716.503 14052928
1791381716.554 14052928
1791381716.605 14052928
1791381716.657 14052928
1791381716.708 14052928
1791381716.759 14052928
1791381716.811 14052928
1791381716.862 14052928
1791381716.913 14052928
1791381716.965 14052928
1791381717.016 14052928
1791381717.067 14052928
1791381717.119 14052928
1791381717.170 14052928
1791381717.221 14052928
1791381717.273 14052928
1791381717.324 14052928
1791381717.375 14052928
1791381717.427 14052928
1791381717.478 14052928
1791381717.529 14052928
1791381717.581 14052928
1791381717.632 14052928
1791381717.683 14052928
1791381717.735 14052928
1791381717.786 14052928
1791381717.837 14052928
1791381717.889 14052928
1791381717.940 14052928
1791381717.991 14052928
1791381718.043 14052928
1791381718.094 14052928
1791381718.145 14052928
1791381718.197 14052928
1791381718.248 14052928
1791381718.299 14052928
1791381718.351 14052928
1791381718.402 14052928
1791381718.453 14052928
1791381718.505 14052928
1791381718.556 14052928
1791381718.607 14052928
1791381718.659 14052928
1791381718.710 14052928
1791381718.761 14052928
1791381718.813 14052928
1791381718.864 14052928
1791381718.915 14052928
1791381718.967 14052928
1791381719.018 14052928
1791381719.069 14052928
1791381719.121 14052928
1791381719.172 14052928
1791381719.223 14052928
1791381719.275 14052928
1791381719.326 14052928
1791381719.378 14052928
1791381719.429 14052928
1791381719.480 14052928
1791381719.531 14052928
1791381719.583 14052928
1791381719.634 14052928
1791381719.685 14052928
1791381719.737 14052928
1791381719.788 14052928
1791381719.839 14052928
1791381719.891 14052928
1791381719.942 14052928
1791381719.993 14052928
1791381720.045 14052928
1791381720.096 14052928
1791381720.147 14052928
1791381720.199 14052928
1791381720.250 14052928
1791381720.302 14052928
1791381720.353 14052928
1791381720.404 14052928
1791381720.456 14052928
1791381720.507 14052928
1791381720.558 14052928
1791381720.610 14052928
1791381720.661 14052928
1791381720.712 14052928
1791381720.764 14052928
1791381720.815 14052928
1791381720.866 14052928
1791381720.918 14052928
1791381720.969 14052928
1791381721.020 14052928
1791381721.072 14052928
1791381721.123 14052928
1791381721.174 14052928
1791381721.226 14052928
1791381721.277 14052928
1791381721.329 14052928
1791381721.380 14052928
1791381721.431 14052928
1791381721.483 14052928
1791381721.534 14052928
1791381721.585 14052928
1791381721.637 14052928
1791381721.688 14052928
1791381721.739 14052928
1791381721.791 14052928
1791381721.842 14054656
1791381721.893 14054656
1791381721.945 14054656
1791381721.996 14054656
1791381722.047 14054656
1791381722.099 14054656
1791381722.150 14054656
1791381722.202 14054656
1791381722.253 14054656
1791381722.304 14054656
1791381722.356 14054656
1791381722.407 14054656
1791381722.458 14054656
1791381722.510 14054656
1791381722.561 14054656
1791381722.612 14054656
1791381722.664 14054656
1791381722.715 14054656
1791381722.766 14054656
1791381722.818 14054656
1791381722.869 14054656
1791381722.920 14054656
1791381722.972 14054656
1791381723.023 14054656
1791381723.075 14054656
1791381723.126 14054656
1791381723.177 14054656
1791381723.229 14054656
1791381723.280 14054656
1791381723.331 14054656
1791381723.383 14054656
1791381723.434 14054656
1791381723.485 14054656
1791381723.537 14054656
1791381723.588 14054656
1791381723.639 14054656
1791381723.691 14054656
1791381723.742 14054656
1791381723.793 14054656
1791381723.845 14054656
1791381723.896 14054656
1791381723.947 14054656
1791381723.999 14054656
1791381724.050 14054656
1791381724.102 14054656
1791381724.153 14054656
1791381724.204 14054656
1791381724.256 14054656
1791381724.307 14054656
1791381724.358 14054656
1791381724.409 14054656
1791381724.461 14054656
1791381724.512 14054656
1791381724.563 14054656
1791381724.615 14054656
1791381724.666 14054656
1791381724.717 14054656
1791381724.769 14054656
1791381724.820 14054656
1791381724.871 14054656
1791381724.923 14054656
1791381724.974 14054656
1791381725.026 14054656
1791381725.077 14054656
1791381725.128 14054656
1791381725.180 14054656
1791381725.231 14054656
1791381725.282 14054656
1791381725.334 14054656
1791381725.385 14054656
1791381725.438 14054656
1791381725.490 14054656
1791381725.541 14054656
1791381725.592 14054656
1791381725.643 14054656
1791381725.695 14054656
1791381725.746 14054656
1791381725.798 14054656
1791381725.849 14054656
1791381725.900 14054656
1791381725.952 14054656
1791381726.003 14054656
1791381726.055 14054656
1791381726.106 14054656
1791381726.157 14054656
1791381726.209 14054656
1791381726.260 14054656
1791381726.311 14054656
1791381726.363 14054656
1791381726.414 14054656
1791381726.465 14054656
1791381726.517 14054656
1791381726.568 14054656
1791381726.619 14054656
1791381726.671 14054656
1791381726.722 14054656
1791381726.773 14054656
1791381726.825 14054656
1791381726.876 14054656
1791381726.928 14054656
1791381726.979 14054656
1791381727.030 14054656
1791381727.082 14054656
1791381727.133 14054656
1791381727.184 14054656
1791381727.236 14054656
1791381727.287 14054656
1791381727.339 14054656
1791381727.390 14054656
1791381727.441 14054656
1791381727.493 14054656
1791381727.544 14054656
1791381727.595 14054656
1791381727.647 14054656
1791381727.698 14054656
1791381727.749 14054848
1791381727.801 14054848
1791381727.852 14054848
1791381727.904 14054848
1791381727.956 14054848
1791381728.008 14054848
1791381728.059 14054848
1791381728.111 14054848
1791381728.162 14054848
1791381728.213 14054848
1791381728.265 14054848
1791381728.316 14054848
1791381728.367 14054848
1791381728.419 14054848
1791381728.470 14054848
1791381728.521 14054848
1791381728.573 14054848
1791381728.624 14054848
1791381728.675 14054848
1791381728.727 14054848
1791381728.778 14054848
1791381728.830 14054848
1791381728.881 14054848
1791381728.932 14054848
1791381728.984 14054848
1791381729.035 14054848
1791381729.087 14054848
1791381729.138 14054848
1791381729.189 14054848
1791381729.241 14054848
1791381729.292 14054848
1791381729.343 14054848
1791381729.394 14054848
1791381729.446 14054848
1791381729.497 14054848
1791381729.548 14054848
1791381729.600 14054848
1791381729.651 14054848
1791381729.702 14054848
1791381729.754 14054848
1791381729.805 14054848
1791381729.856 14054848
1791381729.908 14054848
1791381729.959 14054848
1791381730.010 14054848
1791381730.062 14054848
1791381730.113 14054848
1791381730.164 14054848
1791381730.216 14054848
1791381730.267 14054848
1791381730.318 14054848
1791381730.370 14054848
1791381730.421 14054848
1791381730.472 14054848
1791381730.524 14054848
1791381730.575 14054848
1791381730.626 14054848
1791381730.678 14054848
1791381730.729 14054848
1791381730.780 14054848
1791381730.832 14054848
1791381730.883 14054848
1791381730.934 14054848
1791381730.986 14054848
1791381731.037 14054848
1791381731.088 14054848
1791381731.140 14054848
1791381731.191 14054848
1791381731.242 14054848
1791381731.294 14054848
1791381731.345 14054848
1791381731.396 14054848
1791381731.448 14054848
1791381731.499 14054848
1791381731.550 14054848
1791381731.602 14054848
1791381731.653 14054848
1791381731.704 14054848
1791381731.756 14054848
1791381731.807 14054848
1791381731.859 14054848
1791381731.910 14054848
1791381731.961 14054848
1791381732.012 14054848
1791381732.064 14054848
1791381732.115 14054848
1791381732.166 14054848
1791381732.218 14054848
1791381732.269 14054848
1791381732.320 14054848
1791381732.372 14054848
1791381732.423 14054848
1791381732.474 14054848
1791381732.525 14054848
1791381732.577 14054848
1791381732.628 14054848
1791381732.680 14054848
1791381732.731 14054848
1791381732.782 14054848
1791381732.834 14054848
1791381732.885 14054848
1791381732.936 14054848
1791381732.988 14054848
1791381733.039 14054848
1791381733.090 14054848
1791381733.142 14054848
1791381733.193 14054848
1791381733.244 14054848
1791381733.296 14054848
1791381733.347 14054848
1791381733.398 14054848
1791381733.450 14054848
1791381733.501 14054848
1791381733.552 14054848
1791381733.604 14054848
1791381733.655 14055040
1791381733.707 14055040
1791381733.758 14055040
1791381733.809 14055040
1791381733.861 14055040
1791381733.912 14055040
1791381733.963 14055040
1791381734.015 14055040
1791381734.066 14055040
1791381734.117 14055040
1791381734.169 14055040
1791381734.220 14055040
1791381734.271 14055040
1791381734.323 14055040
1791381734.374 14055040
1791381734.426 14055040
1791381734.477 14055040
1791381734.528 14055040
1791381734.580 14055040
1791381734.631 14055040
1791381734.682 14055040
1791381734.734 14055040
1791381734.785 14055040
1791381734.836 14055040
1791381734.888 14055040
1791381734.939 14055040
1791381734.990 14055040
1791381735.041 14055040
1791381735.093 14055040
1791381735.144 14055040
1791381735.196 14055040
1791381735.247 14055040
1791381735.298 14055040
1791381735.350 14055040
1791381735.401 14055040
1791381735.453 14055040
1791381735.504 14055040
1791381735.555 14055040
1791381735.607 14055040
1791381735.658 14055040
1791381735.709 14055040
1791381735.761 14055040
1791381735.812 14055040
1791381735.863 14055040
1791381735.915 14055040
1791381735.966 14055040
1791381736.017 14055040
1791381736.068 14055040
1791381736.120 14055040
1791381736.171 14055040
1791381736.222 14055040
1791381736.274 14055040
1791381736.325 14055040
1791381736.377 14055040
1791381736.428 14055040
1791381736.479 14055040
1791381736.531 14055040
1791381736.582 14055040
1791381736.633 14055040
1791381736.685 14055040
1791381736.736 14055040
1791381736.787 14055040
1791381736.838 14055040
1791381736.890 14055040
1791381736.941 14055040
1791381736.992 14055040
1791381737.044 14055040
1791381737.095 14055040
1791381737.147 14055040
1791381737.198 14055040
1791381737.249 14055040
1791381737.301 14055040
1791381737.352 14055040
1791381737.403 14055040
1791381737.455 14055040
1791381737.506 14055040
1791381737.557 14055040
1791381737.609 14055040
1791381737.660 14055040
1791381737.711 14055040
1791381737.763 14055040
1791381737.814 14055040
1791381737.865 14055040
1791381737.917 14055040
1791381737.968 14055040
1791381738.019 14055040
1791381738.071 14055040
1791381738.122 14055040
1791381738.173 14055040
1791381738.225 14055040
1791381738.276 14055040
1791381738.328 14055040
1791381738.379 14055040
1791381738.430 14055040
1791381738.481 14055040
1791381738.533 14055040
1791381738.584 14055040
1791381738.635 14055040
1791381738.687 14055040
1791381738.738 14055040
1791381738.790 14055040
1791381738.841 14055040
1791381738.892 14055040
1791381738.944 14055040
1791381738.996 14055040
1791381739.047 14055040
1791381739.098 14055040
1791381739.150 14055040
1791381739.201 14055040
1791381739.253 14055040
1791381739.304 14055040
1791381739.356 14055040
1791381739.407 14055040
1791381739.459 14055040
1791381739.510 14055232
1791381739.561 14055232
1791381739.613 14055232
1791381739.664 14055232
1791381739.715 14055232
1791381739.767 14055232
1791381739.818 14055232
1791381739.870 14055232
1791381739.921 14055232
1791381739.972 14055232
1791381740.024 14055232
1791381740.075 14055232
1791381740.127 14055232
1791381740.178 14055232
1791381740.229 14055232
1791381740.281 14055232
1791381740.332 14055232
1791381740.383 14055232
1791381740.435 14055232
1791381740.486 14055232
1791381740.537 14055232
1791381740.589 14055232
1791381740.640 14055232
1791381740.691 14055232
1791381740.743 14055232
1791381740.794 14055232
1791381740.845 14055232
1791381740.897 14055232
1791381740.948 14055232
1791381740.999 14055232
1791381741.051 14055232
1791381741.102 14055232
1791381741.153 14055232
1791381741.205 14055232
1791381741.256 14055232
1791381741.308 14055232
1791381741.359 14055232
1791381741.410 14055232
1791381741.462 14055232
1791381741.513 14055232
1791381741.564 14055232
1791381741.615 14055232
1791381741.667 14055232
1791381741.718 14055232
1791381741.769 14055232
1791381741.821 14055232
1791381741.872 14055232
1791381741.923 14055232
1791381741.975 14055232
1791381742.026 14055232
1791381742.078 14055232
1791381742.129 14055232
1791381742.180 14055232
1791381742.232 14055232
1791381742.283 14055232
1791381742.334 14055232
1791381742.386 14055232
1791381742.437 14055232
1791381742.488 14055232
1791381742.540 14055232
1791381742.591 14055232
1791381742.642 14055232
1791381742.694 14055232
1791381742.745 14055232
1791381742.796 14055232
1791381742.848 14055232
1791381742.899 14055232
1791381742.950 14055232
1791381743.002 14055232
1791381743.053 14055232
1791381743.105 14055232
1791381743.156 14055232
1791381743.207 14055232
1791381743.258 14055232
1791381743.310 14055232
1791381743.361 14055232
1791381743.412 14055232
1791381743.464 14055232
1791381743.515 14055232
1791381743.566 14055232
1791381743.618 14055232
1791381743.669 14055232
1791381743.720 14055232
1791381743.772 14055232
1791381743.823 14055232
1791381743.874 14055232
1791381743.926 14055232
1791381743.977 14055232
1791381744.029 14055232
1791381744.080 14055232
1791381744.131 14055232
1791381744.183 14055232
1791381744.234 14055232
1791381744.285 14055232
1791381744.336 14055232
1791381744.388 14055232
1791381744.439 14055232
1791381744.490 14055232
1791381744.542 14055232
1791381744.593 14055232
1791381744.644 14055232
1791381744.696 14055232
1791381744.747 14055232
1791381744.798 14055232
1791381744.850 14055232
1791381744.901 14055232
1791381744.953 14055232
1791381745.004 14055232
1791381745.055 14055232
1791381745.107 14055232
1791381745.158 14055232
1791381745.209 14055232
1791381745.261 14055232
1791381745.312 14055232
1791381745.363 14055232
1791381745.415 14055232
1791381745.466 14055232
1791381745.517 14055232
1791381745.569 14055232
1791381745.620 14055232
1791381745.671 14055232
1791381745.723 14055232
1791381745.774 14055232
1791381745.826 14055232
1791381745.877 14055232
1791381745.928 14055232
1791381745.980 14055232
1791381746.031 14055232
1791381746.082 14055232
1791381746.134 14055232
1791381746.185 14055232
1791381746.236 14055232
1791381746.287 14055232
1791381746.339 14055232
1791381746.390 14055232
1791381746.441 14055232
1791381746.493 14055232
1791381746.544 14055232
1791381746.595 14055232
1791381746.647 14055232
1791381746.698 14055232
1791381746.750 14055232
1791381746.801 14055232
1791381746.852 14055232
1791381746.904 14055232
1791381746.955 14055232
1791381747.006 14055232
1791381747.058 14055232
1791381747.109 14055232
1791381747.160 14055232
1791381747.212 14055232
1791381747.263 14055232
1791381747.314 14055232
1791381747.366 14055232
1791381747.417 14055232
1791381747.469 14055232
1791381747.520 14055232
1791381747.571 14055232
1791381747.623 14055232
1791381747.674 14055232
1791381747.726 14055232
1791381747.777 14055232
1791381747.828 14055232
1791381747.880 14055232
1791381747.931 14055232
1791381747.982 14055232
1791381748.034 14055232
1791381748.085 14055232
1791381748.136 14055232
1791381748.188 14055232
1791381748.239 14055232
1791381748.290 14055232
1791381748.342 14055232
1791381748.393 14055232
1791381748.445 14055232
1791381748.496 14055232
1791381748.547 14055232
1791381748.599 14055232
1791381748.650 14055232
1791381748.702 14055232
1791381748.753 14055232
1791381748.804 14055232
1791381748.856 14055232
1791381748.907 14055232
1791381748.959 14055232
1791381749.010 14055232
1791381749.061 14055232
1791381749.113 14055232
1791381749.164 14055232
1791381749.215 14055232
1791381749.267 14055232
1791381749.318 14055232
1791381749.369 14055232
1791381749.421 14055232
1791381749.472 14055232
1791381749.524 14055232
1791381749.575 14055232
1791381749.627 14055232
1791381749.678 14055232
1791381749.729 14055232
1791381749.781 14055232
1791381749.832 14055232
1791381749.883 14055232
1791381749.935 14055232
1791381749.986 14055232
1791381750.038 14055232
1791381750.089 14055232
1791381750.147 14055232
1791381750.198 14055232
1791381750.249 14055232
1791381750.301 14055232
1791381750.352 14055232
1791381750.403 14055232
1791381750.455 14055232
1791381750.506 14055232
1791381750.558 14055232
1791381750.609 14055232
1791381750.661 14055232
1791381750.712 14055232
1791381750.763 14055232
1791381750.815 14055232
1791381750.866 14055232
1791381750.917 14055232
1791381750.969 14055232
1791381751.020 14055232
1791381751.071 14055232
1791381751.123 14055232
1791381751.174 14055232
1791381751.226 14055232
1791381751.277 14055232
1791381751.328 14055616
1791381751.380 14055616
1791381751.431 14055616
1791381751.482 14055616
1791381751.534 14055616
1791381751.585 14055616
1791381751.636 14055616
1791381751.688 14055616
1791381751.739 14055616
1791381751.790 14055616
1791381751.842 14055616
1791381751.893 14055616
1791381751.945 14055616
1791381751.996 14055616
1791381752.048 14055616
1791381752.099 14055616
1791381752.150 14055616
1791381752.202 14055616
1791381752.253 14055616
1791381752.304 14055616
1791381752.355 14055616
1791381752.407 14055616
1791381752.458 14055616
1791381752.510 14055616
1791381752.561 14055616
1791381752.612 14055616
1791381752.664 14055616
1791381752.715 14055616
1791381752.766 14055616
1791381752.818 14055616
1791381752.869 14055616
1791381752.920 14055616
1791381752.972 14055616
1791381753.023 14055616
1791381753.074 14055616
1791381753.126 14055616
1791381753.177 14055616
1791381753.228 14055616
1791381753.280 14055616
1791381753.331 14055616
1791381753.382 14055616
1791381753.434 14055616
1791381753.485 14055616
1791381753.536 14055616
1791381753.588 14055616
1791381753.639 14055616
1791381753.690 14055616
1791381753.742 14055616
1791381753.793 14055616
1791381753.844 14055616
1791381753.896 14055616
1791381753.947 14055616
1791381753.998 14055616
1791381754.050 14055616
1791381754.101 14055616
1791381754.152 14055616
1791381754.204 14055616
1791381754.255 14055616
1791381754.306 14055616
1791381754.358 14055616
1791381754.409 14055616
1791381754.461 14055616
1791381754.512 14055616
1791381754.563 14055616
1791381754.615 14055616
1791381754.666 14055616
1791381754.717 14055616
1791381754.769 14055616
1791381754.820 14055616
1791381754.871 14055616
1791381754.923 14055616
1791381754.974 14055616
1791381755.025 14055616
1791381755.076 14055616
1791381755.128 14055616
1791381755.179 14055616
1791381755.230 14055616
1791381755.282 14055616
1791381755.333 14055616
1791381755.385 14055616
1791381755.436 14055616
1791381755.487 14055616
1791381755.539 14055616
1791381755.590 14055616
1791381755.642 14055616
1791381755.693 14055616
1791381755.744 14055616
1791381755.796 14055616
1791381755.847 14055616
1791381755.899 14055616
1791381755.950 14055616
1791381756.002 14055616
1791381756.053 14055616
1791381756.104 14055616
1791381756.155 14055616
1791381756.207 14055616
1791381756.258 14055616
1791381756.310 14055616
1791381756.361 14055616
1791381756.412 14055616
1791381756.464 14055616
1791381756.515 14055616
1791381756.567 14055616
1791381756.618 14055616
1791381756.669 14055616
1791381756.721 14055616
1791381756.772 14055616
1791381756.823 14055616
1791381756.874 14055616
1791381756.926 14055616
1791381756.977 14055616
1791381757.028 14055616
1791381757.080 14055616
1791381757.131 14055616
1791381757.182 14055616
1791381757.234 14055616
1791381757.285 14056000
1791381757.337 14056000
1791381757.388 14056000
1791381757.439 14056000
1791381757.491 14056000
1791381757.542 14056000
1791381757.593 14056000
1791381757.645 14056000
1791381757.696 14056000
1791381757.747 14056000
1791381757.799 14056000
1791381757.850 14056000
1791381757.901 14056000
1791381757.953 14056000
1791381758.004 14056000
1791381758.055 14056000
1791381758.107 14056000
1791381758.158 14056000
1791381758.210 14056000
1791381758.261 14056000
1791381758.312 14056000
1791381758.364 14056000
1791381758.415 14056000
1791381758.466 14056000
1791381758.518 14056000
1791381758.569 14056000
1791381758.620 14056000
1791381758.672 14056000
1791381758.723 14056000
1791381758.774 14056000
1791381758.825 14056000
1791381758.877 14056000
1791381758.928 14056000
1791381758.979 14056000
1791381759.031 14056000
1791381759.082 14056000
1791381759.134 14056000
1791381759.185 14056000
1791381759.236 14056000
1791381759.288 14056000
1791381759.339 14056000
1791381759.390 14056000
1791381759.442 14056000
1791381759.493 14056000
1791381759.544 14056000
1791381759.596 14056000
1791381759.647 14056000
1791381759.698 14056000
1791381759.750 14056000
1791381759.801 14056000
1791381759.852 14056000
1791381759.904 14056000
1791381759.955 14056000
1791381760.007 14056000
1791381760.058 14056000
1791381760.109 14056000
1791381760.161 14056000
1791381760.212 14056000
1791381760.263 14056000
1791381760.315 14056000
1791381760.366 14056000
1791381760.418 14056000
1791381760.469 14056000
1791381760.520 14056000
1791381760.572 14056000
1791381760.623 14056000
1791381760.674 14056000
1791381760.726 14056000
1791381760.777 14056000
1791381760.828 14056000
1791381760.880 14056000
1791381760.931 14056000
1791381760.982 14056000
1791381761.034 14056000
1791381761.085 14056000
1791381761.136 14056000
1791381761.188 14056000
1791381761.239 14056000
1791381761.290 14056000
1791381761.342 14056000
1791381761.393 14056000
1791381761.445 14056000
1791381761.496 14056000
1791381761.547 14056000
1791381761.599 14056000
1791381761.650 14056000
1791381761.702 14056000
1791381761.753 14056000
1791381761.804 14056000
1791381761.856 14056000
1791381761.907 14056000
1791381761.959 14056000
1791381762.010 14056000
1791381762.061 14056000
1791381762.113 14056000
1791381762.164 14056000
1791381762.215 14056000
1791381762.267 14056000
1791381762.318 14056000
1791381762.369 14056000
1791381762.421 14056000
1791381762.472 14056000
1791381762.523 14056000
1791381762.575 14056000
1791381762.626 14056000
1791381762.678 14056000
1791381762.729 14056000
1791381762.780 14056000
1791381762.832 14056000
1791381762.883 14056000
1791381762.934 14056000
1791381762.986 14056000
1791381763.037 14056000
1791381763.089 14056000
1791381763.140 14056000
1791381763.192 14056192
1791381763.243 14056192
1791381763.294 14056192
1791381763.346 14056192
1791381763.397 14056192
1791381763.448 14056192
1791381763.500 14056192
1791381763.551 14056192
1791381763.602 14056192
1791381763.654 14056192
1791381763.705 14056192
1791381763.756 14056192
1791381763.808 14056192
1791381763.859 14056192
1791381763.911 14056192
1791381763.962 14056192
1791381764.013 14056192
1791381764.065 14056192
1791381764.116 14056192
1791381764.167 14056192
1791381764.219 14056192
1791381764.270 14056192
1791381764.321 14056192
1791381764.373 14056192
1791381764.424 14056192
1791381764.475 14056192
1791381764.527 14056192
1791381764.578 14056192
1791381764.629 14056192
1791381764.681 14056192
1791381764.732 14056192
1791381764.783 14056192
1791381764.835 14056192
1791381764.886 14056192
1791381764.937 14056192
1791381764.989 14056192
1791381765.040 14056192
1791381765.091 14056192
1791381765.143 14056192
1791381765.194 14056192
1791381765.245 14056192
1791381765.297 14056192
1791381765.348 14056192
1791381765.399 14056192
1791381765.451 14056192
1791381765.502 14056192
1791381765.553 14056192
1791381765.605 14056192
1791381765.656 14056192
1791381765.707 14056192
1791381765.759 14056192
1791381765.810 14056192
1791381765.862 14056192
1791381765.913 14056192
1791381765.964 14056192
1791381766.016 14056192
1791381766.067 14056192
1791381766.119 14056192
1791381766.170 14056192
1791381766.221 14056192
1791381766.273 14056192
1791381766.324 14056192
1791381766.375 14056192
1791381766.427 14056192
1791381766.478 14056192
1791381766.529 14056192
1791381766.581 14056192
1791381766.632 14056192
1791381766.684 14056192
1791381766.735 14056192
1791381766.786 14056192
1791381766.838 14056192
1791381766.889 14056192
1791381766.941 14056192
1791381766.992 14056192
1791381767.043 14056192
1791381767.095 14056192
1791381767.146 14056192
1791381767.198 14056192
1791381767.249 14056192
1791381767.300 14056192
1791381767.352 14056192
1791381767.403 14056192
1791381767.454 14056192
1791381767.506 14056192
1791381767.557 14056192
1791381767.609 14056192
1791381767.660 14056192
1791381767.711 14056192
1791381767.765 14056192
1791381767.818 14056192
1791381767.871 14056192
1791381767.923 14056192
1791381767.974 14056192
1791381768.025 14056192
1791381768.077 14056192
1791381768.128 14056192
1791381768.179 14056192
1791381768.230 14056192
1791381768.282 14056192
1791381768.333 14056192
1791381768.384 14056192
1791381768.435 14056192
1791381768.487 14056192
1791381768.538 14056192
1791381768.589 14056192
1791381768.641 14056192
1791381768.692 14056192
1791381768.743 14056192
1791381768.795 14056192
1791381768.846 14056192
1791381768.897 14056192
1791381768.948 14056192
1791381769.000 14056192
1791381769.051 14056192
1791381769.102 14056192
1791381769.154 14056192
1791381769.205 14056192
1791381769.256 14056192
1791381769.308 14056192
1791381769.359 14056192
1791381769.410 14056192
1791381769.461 14056192
1791381769.513 14056192
1791381769.564 14056192
1791381769.615 14056192
1791381769.667 14056192
1791381769.718 14056192
1791381769.769 14056192
1791381769.821 14056192
1791381769.872 14056192
1791381769.923 14056192
1791381769.975 14056192
1791381770.026 14056192
1791381770.078 14056192
1791381770.129 14056192
1791381770.180 14056192
1791381770.232 14056192
1791381770.283 14056192
1791381770.335 14056192
1791381770.386 14056192
1791381770.437 14056192
1791381770.489 14056192
1791381770.540 14056192
1791381770.591 14056192
1791381770.643 14056192
1791381770.694 14056192
1791381770.745 14056192
1791381770.797 14056192
1791381770.848 14056192
1791381770.900 14056192
1791381770.951 14056192
1791381771.002 14056192
1791381771.053 14056192
1791381771.105 14056192
1791381771.156 14056192
1791381771.207 14056192
1791381771.259 14056192
1791381771.310 14056192
1791381771.361 14056192
1791381771.413 14056192
1791381771.464 14056192
1791381771.516 14056192
1791381771.567 14056192
1791381771.618 14056192
1791381771.670 14056192
1791381771.721 14056192
1791381771.773 14056192
1791381771.824 14056192
1791381771.875 14056192
1791381771.927 14056192
1791381771.978 14056192
1791381772.029 14056192
1791381772.081 14056192
1791381772.132 14056192
1791381772.183 14056192
1791381772.235 14056192
1791381772.286 14056192
1791381772.337 14056192
1791381772.389 14056192
1791381772.440 14056192
1791381772.492 14056192
1791381772.543 14056192
1791381772.594 14056192
1791381772.646 14056192
1791381772.697 14056192
1791381772.748 14056192
1791381772.800 14056192
1791381772.851 14056192
1791381772.902 14056192
1791381772.954 14056192
1791381773.005 14056192
1791381773.057 14056192
1791381773.108 14056192
1791381773.159 14056192
1791381773.211 14056192
1791381773.262 14056192
1791381773.313 14056192
1791381773.365 14056192
1791381773.416 14056192
1791381773.468 14056192
1791381773.519 14056192
1791381773.570 14056192
1791381773.622 14056192
1791381773.673 14056192
1791381773.725 14056192
1791381773.776 14056192
1791381773.827 14056192
1791381773.879 14056192
1791381773.930 14056192
1791381773.982 14056192
1791381774.033 14056192
1791381774.084 14056192
1791381774.136 14056192
1791381774.187 14056192
1791381774.238 14056192
1791381774.290 14056192
1791381774.341 14056192
1791381774.393 14056192
1791381774.444 14056192
1791381774.496 14056192
1791381774.547 14056192
1791381774.598 14056192
1791381774.650 14056192
1791381774.701 14056192
1791381774.752 14056192
1791381774.804 14056192
1791381774.855 14056192
1791381774.906 14056192
1791381774.958 14056192
1791381775.009 14056192
1791381775.061 14056192
1791381775.112 14056576
1791381775.163 14056576
1791381775.215 14056576
1791381775.266 14056576
1791381775.317 14056576
1791381775.369 14056576
1791381775.420 14056576
1791381775.472 14056576
1791381775.523 14056576
1791381775.575 14056576
1791381775.626 14056576
1791381775.678 14056576
1791381775.729 14056576
1791381775.780 14056576
1791381775.832 14056576
1791381775.883 14056576
1791381775.934 14056576
1791381775.986 14056576
1791381776.037 14056576
1791381776.089 14056576
1791381776.140 14056576
1791381776.191 14056576
1791381776.243 14056576
1791381776.294 14056576
1791381776.346 14056576
1791381776.397 14056576
1791381776.448 14056576
1791381776.500 14056576
1791381776.551 14056576
1791381776.603 14056576
1791381776.654 14056576
1791381776.705 14056576
1791381776.757 14056576
1791381776.808 14056576
1791381776.859 14056576
1791381776.911 14056576
1791381776.962 14056576
1791381777.013 14056576
1791381777.065 14056576
1791381777.116 14056576
1791381777.168 14056576
1791381777.219 14056576
1791381777.270 14056576
1791381777.322 14056576
1791381777.373 14056576
1791381777.425 14056576
1791381777.476 14056576
1791381777.527 14056576
1791381777.579 14056576
1791381777.630 14056576
1791381777.681 14056576
1791381777.733 14056576
1791381777.784 14056576
1791381777.835 14056576
1791381777.887 14056576
1791381777.938 14056576
1791381777.989 14056576
1791381778.040 14056576
1791381778.092 14056576
1791381778.143 14056576
1791381778.195 14056576
1791381778.246 14056576
1791381778.298 14056576
1791381778.349 14056576
1791381778.400 14056576
1791381778.452 14056576
1791381778.503 14056576
1791381778.554 14056576
1791381778.606 14056576
1791381778.657 14056576
1791381778.708 14056576
1791381778.759 14056576
1791381778.811 14056576
1791381778.862 14056576
1791381778.913 14056576
1791381778.965 14056576
1791381779.016 14056576
1791381779.067 14056576
1791381779.119 14056576
1791381779.170 14056576
1791381779.221 14056576
1791381779.273 14056576
1791381779.324 14056576
1791381779.375 14056576
1791381779.427 14056576
1791381779.478 14056576
1791381779.529 14056576
1791381779.581 14056576
1791381779.632 14056576
1791381779.683 14056576
1791381779.734 14056576
1791381779.785 14056576
1791381779.837 14056576
1791381779.888 14056576
1791381779.939 14056576
1791381779.990 14056576
1791381780.042 14056576
1791381780.093 14056576
1791381780.145 14056576
1791381780.196 14056576
1791381780.247 14056576
1791381780.299 14056576
1791381780.350 14056576
1791381780.402 14056576
1791381780.453 14056576
1791381780.504 14056576
1791381780.556 14056576
1791381780.607 14056576
1791381780.658 14056576
1791381780.709 14056576
1791381780.761 14056576
1791381780.812 14056576
1791381780.863 14056576
1791381780.915 14056576
1791381780.966 14056576
1791381781.017 14056576
1791381781.069 14056960
1791381781.120 14056960
1791381781.172 14056960
1791381781.223 14056960
1791381781.274 14056960
1791381781.326 14056960
1791381781.377 14056960
1791381781.428 14056960
1791381781.480 14056960
1791381781.531 14056960
1791381781.583 14056960
1791381781.634 14056960
1791381781.685 14056960
1791381781.737 14056960
1791381781.788 14056960
1791381781.839 14056960
1791381781.891 14056960
1791381781.942 14056960
1791381781.993 14056960
1791381782.045 14056960
1791381782.096 14056960
1791381782.148 14056960
1791381782.199 14056960
1791381782.250 14056960
1791381782.302 14056960
1791381782.353 14056960
1791381782.404 14056960
1791381782.456 14056960
1791381782.507 14056960
1791381782.558 14056960
1791381782.610 14056960
1791381782.661 14056960
1791381782.712 14056960
1791381782.764 14056960
1791381782.815 14056960
1791381782.866 14056960
1791381782.918 14056960
1791381782.969 14056960
1791381783.021 14056960
1791381783.072 14056960
1791381783.124 14056960
1791381783.175 14056960
1791381783.226 14056960
1791381783.278 14056960
1791381783.329 14056960
1791381783.380 14056960
1791381783.432 14056960
1791381783.483 14056960
1791381783.534 14056960
1791381783.585 14056960
1791381783.637 14056960
1791381783.688 14056960
1791381783.739 14056960
1791381783.791 14056960
1791381783.842 14056960
1791381783.894 14056960
1791381783.945 14056960
1791381783.996 14056960
1791381784.048 14056960
1791381784.099 14056960
1791381784.151 14056960
1791381784.202 14056960
1791381784.254 14056960
1791381784.305 14056960
1791381784.356 14056960
1791381784.408 14056960
1791381784.459 14056960
1791381784.511 14056960
1791381784.562 14056960
1791381784.613 14056960
1791381784.665 14056960
1791381784.716 14056960
1791381784.767 14056960
1791381784.819 14056960
1791381784.870 14056960
1791381784.922 14056960
1791381784.973 14056960
1791381785.024 14056960
1791381785.076 14056960
1791381785.127 14056960
1791381785.178 14056960
1791381785.230 14056960
1791381785.281 14056960
1791381785.332 14056960
1791381785.384 14056960
1791381785.435 14056960
1791381785.489 14056960
1791381785.543 14056960
1791381785.594 14056960
1791381785.645 14056960
1791381785.697 14056960
1791381785.748 14056960
1791381785.799 14056960
1791381785.851 14056960
1791381785.902 14056960
1791381785.954 14056960
1791381786.005 14056960
1791381786.056 14056960
1791381786.108 14056960
1791381786.159 14056960
1791381786.211 14056960
1791381786.262 14056960
1791381786.314 14056960
1791381786.365 14056960
1791381786.416 14056960
1791381786.468 14056960
1791381786.519 14056960
1791381786.570 14056960
1791381786.622 14056960
1791381786.673 14056960
1791381786.724 14056960
1791381786.776 14056960
1791381786.827 14056960
1791381786.879 14056960
1791381786.930 14056960
1791381786.982 14057920
1791381787.033 14057920
1791381787.084 14057920
1791381787.136 14057920
1791381787.187 14057920
1791381787.239 14057920
1791381787.290 14057920
1791381787.341 14057920
1791381787.393 14057920
1791381787.444 14057920
1791381787.495 14057920
1791381787.547 14057920
1791381787.598 14057920
1791381787.649 14057920
1791381787.701 14057920
1791381787.752 14057920
1791381787.804 14057920
1791381787.855 14057920
1791381787.906 14057920
1791381787.958 14057920
1791381788.009 14057920
1791381788.060 14057920
1791381788.112 14057920
1791381788.163 14057920
1791381788.214 14057920
1791381788.266 14057920
1791381788.317 14057920
1791381788.368 14057920
1791381788.420 14057920
1791381788.471 14057920
1791381788.522 14057920
1791381788.574 14057920
1791381788.625 14057920
1791381788.676 14057920
1791381788.728 14057920
1791381788.779 14057920
1791381788.831 14057920
1791381788.882 14057920
1791381788.933 14057920
1791381788.985 14057920
1791381789.036 14057920
1791381789.087 14057920
1791381789.139 14057920
1791381789.190 14057920
1791381789.241 14057920
1791381789.293 14057920
1791381789.344 14057920
1791381789.395 14057920
1791381789.447 14057920
1791381789.498 14057920
1791381789.549 14057920
1791381789.601 14057920
1791381789.652 14057920
1791381789.704 14057920
1791381789.755 14057920
1791381789.806 14057920
1791381789.858 14057920
1791381789.909 14057920
1791381789.960 14057920
1791381790.012 14057920
1791381790.063 14057920
1791381790.114 14057920
1791381790.166 14057920
1791381790.217 14057920
1791381790.268 14057920
1791381790.320 14057920
1791381790.371 14057920
1791381790.422 14057920
1791381790.474 14057920
1791381790.525 14057920
1791381790.576 14057920
1791381790.628 14057920
1791381790.679 14057920
1791381790.731 14057920
1791381790.782 14057920
1791381790.833 14057920
1791381790.885 14057920
1791381790.936 14057920
1791381790.987 14057920
1791381791.039 14057920
1791381791.090 14057920
1791381791.141 14057920
1791381791.193 14057920
1791381791.244 14057920
1791381791.295 14057920
1791381791.347 14057920
1791381791.398 14057920
1791381791.450 14057920
1791381791.501 14057920
1791381791.553 14057920
1791381791.604 14057920
1791381791.655 14057920
1791381791.707 14057920
1791381791.758 14057920
1791381791.810 14057920
1791381791.861 14057920
1791381791.912 14057920
1791381791.964 14057920
1791381792.015 14057920
1791381792.066 14057920
1791381792.118 14057920
1791381792.169 14057920
1791381792.221 14057920
1791381792.272 14057920
1791381792.323 14057920
1791381792.375 14057920
1791381792.426 14057920
1791381792.477 14057920
1791381792.529 14057920
1791381792.580 14057920
1791381792.632 14057920
1791381792.683 14057920
1791381792.734 14057920
1791381792.786 14057920
1791381792.837 14057920
1791381792.888 14058304
1791381792.940 14058304
1791381792.991 14058304
1791381793.042 14058304
1791381793.094 14058304
1791381793.145 14058304
1791381793.197 14058304
1791381793.248 14058304
1791381793.299 14058304
1791381793.351 14058304
1791381793.402 14058304
1791381793.454 14058304
1791381793.505 14058304
1791381793.556 14058304
1791381793.608 14058304
1791381793.659 14058304
1791381793.710 14058304
1791381793.762 14058304
1791381793.813 14058304
1791381793.864 14058304
1791381793.916 14058304
1791381793.967 14058304
1791381794.019 14058304
1791381794.070 14058304
1791381794.121 14058304
1791381794.173 14058304
1791381794.224 14058304
1791381794.275 14058304
1791381794.327 14058304
1791381794.378 14058304
1791381794.430 14058304
1791381794.481 14058304
1791381794.533 14058304
1791381794.584 14058304
1791381794.635 14058304
1791381794.687 14058304
1791381794.739 14058304
1791381794.790 14058304
1791381794.842 14058304
1791381794.893 14058304
1791381794.944 14058304
1791381794.996 14058304
1791381795.047 14058304
1791381795.099 14058304
1791381795.150 14058304
1791381795.202 14058304
1791381795.253 14058304
1791381795.305 14058304
1791381795.356 14058304
1791381795.407 14058304
1791381795.459 14058304
1791381795.510 14058304
1791381795.562 14058304
1791381795.613 14058304
1791381795.664 14058304
1791381795.716 14058304
1791381795.767 14058304
1791381795.818 14058304
1791381795.870 14058304
1791381795.921 14058304
1791381795.972 14058304
1791381796.024 14058304
1791381796.075 14058304
1791381796.126 14058304
1791381796.178 14058304
1791381796.229 14058304
1791381796.281 14058304
1791381796.332 14058304
1791381796.384 14058304
1791381796.435 14058304
1791381796.486 14058304
1791381796.538 14058304
1791381796.589 14058304
1791381796.641 14058304
1791381796.692 14058304
1791381796.743 14058304
1791381796.795 14058304
1791381796.846 14058304
1791381796.897 14058304
1791381796.949 14058304
1791381797.000 14058304
1791381797.052 14058304
1791381797.103 14058304
1791381797.154 14058304
1791381797.206 14058304
1791381797.257 14058304
1791381797.309 14058304
1791381797.360 14058304
1791381797.412 14058304
1791381797.463 14058304
1791381797.514 14058304
1791381797.567 14058304
1791381797.618 14058304
1791381797.669 14058304
1791381797.721 14058304
1791381797.772 14058304
1791381797.824 14058304
1791381797.875 14058304
1791381797.926 14058304
1791381797.978 14058304
1791381798.029 14058304
1791381798.080 14058304
1791381798.132 14058304
1791381798.183 14058304
1791381798.235 14058304
1791381798.286 14058304
1791381798.338 14058304
1791381798.389 14058304
1791381798.440 14058304
1791381798.492 14058304
1791381798.543 14058304
1791381798.594 14058304
1791381798.646 14058304
1791381798.697 14058304
1791381798.748 14058304
1791381798.800 14058304
1791381798.851 14058304
1791381798.903 14058304
1791381798.955 14058304
1791381799.006 14058304
1791381799.058 14058304
1791381799.109 14058304
1791381799.160 14058304
1791381799.212 14058304
1791381799.263 14058304
1791381799.315 14058304
1791381799.366 14058304
1791381799.418 14058304
1791381799.469 14058304
1791381799.520 14058304
1791381799.572 14058304
1791381799.623 14058304
1791381799.674 14058304
1791381799.726 14058304
1791381799.777 14058304
1791381799.829 14058304
1791381799.880 14058304
1791381799.931 14058304
1791381799.983 14058304
1791381800.034 14058304
1791381800.085 14058304
1791381800.137 14058304
1791381800.188 14058304
1791381800.240 14058304
1791381800.291 14058304
1791381800.342 14058304
1791381800.394 14058304
1791381800.445 14058304
1791381800.497 14058304
1791381800.548 14058304
1791381800.599 14058304
1791381800.651 14058304
1791381800.702 14058304
1791381800.753 14058304
1791381800.805 14058304
1791381800.856 14058304
1791381800.907 14058304
1791381800.959 14058304
1791381801.010 14058304
1791381801.061 14058304
1791381801.113 14058304
1791381801.164 14058304
1791381801.216 14058304
1791381801.267 14058304
1791381801.318 14058304
1791381801.370 14058304
1791381801.421 14058304
1791381801.473 14058304
1791381801.524 14058304
1791381801.575 14058304
1791381801.627 14058304
1791381801.678 14058304
1791381801.729 14058304
1791381801.781 14058304
1791381801.832 14058304
1791381801.884 14058304
1791381801.935 14058304
1791381801.986 14058304
1791381802.038 14058304
1791381802.089 14058304
1791381802.141 14058304
1791381802.192 14058304
1791381802.243 14058304
1791381802.295 14058304
1791381802.346 14058304
1791381802.397 14058304
1791381802.449 14058304
1791381802.500 14058304
1791381802.552 14058304
1791381802.603 14058304
1791381802.655 14058304
1791381802.706 14058304
1791381802.757 14058304
1791381802.809 14058304
1791381802.860 14058304
1791381802.911 14058304
1791381802.963 14058304
1791381803.014 14058304
1791381803.066 14058304
1791381803.117 14058304
1791381803.169 14058304
1791381803.220 14058304
1791381803.271 14058304
1791381803.323 14058304
1791381803.374 14058304
1791381803.426 14058304
1791381803.477 14058304
1791381803.528 14058304
1791381803.580 14058304
1791381803.631 14058304
1791381803.683 14058304
1791381803.734 14058304
1791381803.785 14058304
1791381803.837 14058304
1791381803.888 14058304
1791381803.940 14058304
1791381803.991 14058304
1791381804.043 14058304
1791381804.094 14058304
1791381804.146 14058304
1791381804.197 14058304
1791381804.248 14058304
1791381804.300 14058304
1791381804.351 14058304
1791381804.403 14058304
1791381804.454 14058304
1791381804.505 14058304
1791381804.557 14058304
1791381804.608 14058304
1791381804.659 14058304
1791381804.711 14058304
1791381804.762 14058304
1791381804.814 14058304
1791381804.866 14058304
1791381804.917 14058304
1791381804.969 14058304
1791381805.020 14058304
1791381805.072 14058304
1791381805.123 14058304
1791381805.174 14058304
1791381805.226 14058304
1791381805.277 14058304
1791381805.329 14058304
1791381805.380 14058304
1791381805.432 14058304
1791381805.483 14058304
1791381805.534 14058304
1791381805.586 14058304
1791381805.637 14058304
1791381805.688 14058304
1791381805.740 14058304
1791381805.791 14058304
1791381805.843 14058304
1791381805.894 14058304
1791381805.946 14058304
1791381805.997 14058304
1791381806.048 14058304
1791381806.100 14058304
1791381806.151 14058304
1791381806.202 14058304
1791381806.254 14058304
1791381806.305 14058304
1791381806.357 14058304
1791381806.408 14058304
1791381806.460 14058304
1791381806.511 14058304
1791381806.562 14058304
1791381806.614 14058304
1791381806.665 14058304
1791381806.716 14058304
1791381806.768 14058304
1791381806.819 14058304
1791381806.871 14058304
1791381806.922 14058304
1791381806.974 14058304
1791381807.025 14058304
1791381807.077 14058304
1791381807.128 14058304
1791381807.179 14058304
1791381807.231 14058304
1791381807.282 14058304
1791381807.334 14058304
1791381807.385 14058304
1791381807.436 14058304
1791381807.488 14058304
1791381807.539 14058304
1791381807.591 14058304
1791381807.642 14058304
1791381807.693 14058304
1791381807.745 14058304
1791381807.796 14058304
1791381807.848 14058304
1791381807.899 14058304
1791381807.950 14058304
1791381808.002 14058304
1791381808.053 14058304
1791381808.105 14058304
1791381808.156 14058304
1791381808.207 14058304
1791381808.259 14058304
1791381808.310 14058304
1791381808.361 14058304
1791381808.413 14058304
1791381808.464 14058304
1791381808.515 14058304
1791381808.567 14058304
1791381808.618 14058304
1791381808.670 14058304
1791381808.721 14058304
1791381808.772 14058304
1791381808.824 14058304
1791381808.875 14058304
1791381808.927 14058304
1791381808.978 14058304
1791381809.029 14058304
1791381809.081 14058304
1791381809.132 14058304
1791381809.183 14058304
1791381809.235 14058304
1791381809.286 14058304
1791381809.337 14058304
1791381809.389 14058304
1791381809.440 14058304
1791381809.491 14058304
1791381809.543 14058304
1791381809.594 14058304
1791381809.645 14058304
1791381809.697 14058304
1791381809.748 14058304
1791381809.800 14058304
1791381809.851 14058304
1791381809.903 14058304
1791381809.954 14058304
1791381810.005 14058304
1791381810.057 14058304
1791381810.108 14058304
1791381810.159 14058304
1791381810.211 14058304
1791381810.262 14058304
1791381810.313 14058304
1791381810.365 14058304
1791381810.416 14058304
1791381810.468 14058304
1791381810.519 14058304
1791381810.570 14058304
1791381810.622 14058304
1791381810.673 14058304
1791381810.725 14058304
1791381810.776 14058880
1791381810.827 14058880
1791381810.879 14058880
1791381810.930 14058880
1791381810.981 14058880
1791381811.033 14058880
1791381811.084 14058880
1791381811.135 14058880
1791381811.187 14058880
1791381811.238 14058880
1791381811.289 14058880
1791381811.341 14058880
1791381811.392 14058880
1791381811.444 14058880
1791381811.495 14058880
1791381811.546 14058880
1791381811.598 14058880
1791381811.649 14058880
1791381811.701 14058880
1791381811.752 14058880
1791381811.803 14058880
1791381811.855 14058880
1791381811.906 14058880
1791381811.958 14058880
1791381812.009 14058880
1791381812.060 14058880
1791381812.112 14058880
1791381812.163 14058880
1791381812.214 14058880
1791381812.266 14058880
1791381812.317 14058880
1791381812.369 14058880
1791381812.420 14058880
1791381812.471 14058880
1791381812.523 14058880
1791381812.574 14058880
1791381812.626 14058880
1791381812.677 14058880
1791381812.728 14058880
1791381812.780 14058880
1791381812.831 14058880
1791381812.882 14058880
1791381812.934 14058880
1791381812.985 14058880
1791381813.036 14058880
1791381813.088 14058880
1791381813.139 14058880
1791381813.191 14058880
1791381813.242 14058880
1791381813.293 14058880
1791381813.345 14058880
1791381813.396 14058880
1791381813.447 14058880
1791381813.499 14058880
1791381813.550 14058880
1791381813.602 14058880
1791381813.653 14058880
1791381813.704 14058880
1791381813.756 14058880
1791381813.807 14058880
1791381813.858 14058880
1791381813.910 14058880
1791381813.961 14058880
1791381814.013 14058880
1791381814.064 14058880
1791381814.115 14058880
1791381814.167 14058880
1791381814.218 14058880
1791381814.269 14059840
1791381814.321 14060032
1791381814.374 14060032
1791381814.429 14060032
1791381814.484 14060032
1791381814.538 14060032
1791381814.593 14060032
1791381814.647 4800
1791381814.698 4800
1791381814.748 4800
1791381814.798 4800
1791381814.849 4800
